"Artist and Title","Days","Pk","(x?)","Total","Today"
"The Weeknd - Blinding Lights","2218","1","(x129)","18,970,731","3,425"
"Ed Sheeran - Shape of You","2499","2","(x3)","13,029,970","5,059"
"Tones and I - Dance Monkey","1056","1","(x126)","11,213,580","0"
"Tom Odell - Another Love","1752","2","(x1)","10,015,349","1,779"
"Lewis Capaldi - Someone You Loved","1722","5","","9,568,118","771"
"Billie Eilish - bad guy","881","1","(x58)","9,403,323","582"
"Harry Styles - As It Was","891","1","(x142)","9,256,770","754"
"Ed Sheeran - Perfect","1713","3","(x28)","9,112,064","2,921"
"Benson Boone - Beautiful Things","831","1","(x83)","8,962,372","4,694"
"Lady Gaga & Bradley Cooper - Shallow","1104","1","(x13)","7,902,694","0"
"Dua Lipa - New Rules","1219","3","(x12)","7,851,399","2,452"
"Ed Sheeran - Bad Habits","794","1","(x20)","7,747,206","0"
"Elton John & Dua Lipa - Cold Heart","761","1","(x50)","7,705,998","0"
"Billie Eilish - BIRDS OF A FEATHER","706","1","(x47)","7,539,665","1,785"
"Miley Cyrus - Flowers","662","1","(x181)","7,502,596","134"
"Lady Gaga & Bruno Mars - Die With A Smile","621","1","(x61)","7,370,722","2,671"
"Ed Sheeran - Shivers","902","1","(x25)","7,347,828","1,437"
"Glass Animals - Heat Waves","931","2","(x4)","7,318,715","0"
"The Kid LAROI & Justin Bieber - Stay","646","1","(x67)","7,073,819","253"
"Harry Styles - Watermelon Sugar","1133","3","(x9)","7,031,181","1,020"
"Calvin Harris, Dua Lipa - One Kiss","646","1","(x87)","7,007,370","2,210"
"Alex Warren - Ordinary","449","1","(x138)","6,989,653","12,740"
"Teddy Swims - Lose Control","901","3","(x20)","6,967,108","1,795"
"Dua Lipa - Don't Start Now","698","2","(x17)","6,847,521","0"
"Mariah Carey - All I Want For Christmas Is You","507","1","(x122)","6,839,432","0"
"Sabrina Carpenter - Espresso","720","1","(x72)","6,718,121","3,157"
"Post Malone - rockstar","599","1","(x64)","6,705,398","0"
"David Guetta & Bebe Rexha - I'm Good","867","1","(x31)","6,413,957","1,042"
"Lost Frequencies & Calum Scott - Where Are You Now","747","2","(x13)","6,295,261","0"
"ROSÉ & Bruno Mars - APT.","557","1","(x52)","6,273,086","2,205"
"Camila Cabello - Havana","473","1","(x76)","6,138,933","0"
"SAINt JHN - Roses","663","2","(x18)","6,087,149","0"
"Coldplay - Viva La Vida","1283","12","","5,999,783","2,415"
"Imagine Dragons - Believer","791","9","","5,781,016","188"
"Taylor Swift - Cruel Summer","682","4","","5,456,099","549"
"Shawn Mendes & Camila Cabello - Señorita","457","1","(x95)","5,448,943","0"
"Cardi B, Bad Bunny & J Balvin - I Like It","503","2","(x12)","5,448,126","0"
"Taylor Swift - Anti-Hero","728","1","(x5)","5,436,324","0"
"Wham! - Last Christmas","461","1","(x12)","5,431,247","0"
"Tate McRae - greedy","754","1","(x58)","5,368,787","1,793"
"Billie Eilish - WILDFLOWER","711","5","","5,269,978","1,859"
"Shaboozey - A Bar Song","709","7","","5,257,921","2,437"
"Regard - Ride It","717","4","","5,185,963","0"
"OneRepublic - I Ain't Worried","643","2","(x4)","5,103,494","0"
"Joel Corry - Head & Heart","617","2","(x12)","5,067,503","0"
"Gracie Abrams - That’s So True","558","4","","5,059,917","2,899"
"Drake - God's Plan","408","1","(x53)","4,928,642","234"
"Tiësto - The Business","607","1","(x5)","4,903,196","0"
"Imagine Dragons - Thunder","463","7","","4,899,636","24"
"MiyaGi & Эндшпиль - I Got Love","1616","87","","4,842,046","1,851"
"French Montana - Unforgettable","456","6","","4,795,458","8"
"Dynoro & Gigi d'Agostino - In My Mind","454","1","(x46)","4,747,461","0"
"Eminem - Mockingbird","891","6","","4,608,275","647"
"Bad Bunny - DtMF","480","1","(x28)","4,569,936","10,687"
"Billie Eilish - everything i wanted","547","2","(x18)","4,444,300","363"
"HUNTR/X, EJAE, AUDREY NUNA, REI AMI & KPop Demon Hunters Cast - Golden","275","1","(x40)","4,421,116","10,564"
"Lil Nas X - Old Town Road","344","2","(x30)","4,416,553","0"
"Ed Sheeran & Justin Bieber - I Don't Care","419","1","(x29)","4,389,618","0"
"Ava Max - Sweet but Psycho","414","1","(x8)","4,366,909","0"
"Lola Young - Messy","453","3","(x11)","4,276,887","591"
"Hozier - Too Sweet","530","4","","4,270,411","276"
"Farruko - Pepas","469","8","","4,112,983","0"
"floyymenor & Cris Mj - Gata Only","486","1","(x12)","4,101,703","120"
"Kendrick Lamar - Not Like Us","513","1","(x18)","4,081,869","146"
"Luis Fonsi - Despacito","405","1","(x51)","4,080,041","0"
"Olivia Rodrigo - good 4 u","398","1","(x32)","4,030,307","0"
"DaBaby - ROCKSTAR","377","1","(x41)","4,003,991","0"
"Adele - Easy On Me","376","1","(x57)","3,960,207","0"
"Ninho - La vie qu'on mène","1223","43","","3,956,286","397"
"Taylor Swift - The Fate of Ophelia","207","1","(x111)","3,954,149","13,837"
"Michael Bublé - It's Beginning To Look a Lot Like Christmas","390","3","(x40)","3,950,892","0"
"Lil Nas X - MONTERO","335","1","(x50)","3,893,004","0"
"Travis Scott - SICKO MODE","572","3","(x1)","3,877,183","0"
"Sam Smith & Kim Petras - Unholy","316","1","(x56)","3,862,648","0"
"24kGoldn - Mood","380","1","(x26)","3,829,741","0"
"The Killers - Mr. Brightside","869","26","","3,818,670","5,107"
"Billie Eilish - when the party's over","616","4","","3,797,594","193"
"Topic & A7S - Breaking Me","471","5","","3,790,798","0"
"ZAYN - Dusk Till Dawn","282","1","(x15)","3,746,082","5"
"Ninho - Tout en Gucci","1386","47","","3,705,654","2,233"
"Dua Lipa - Levitating","490","6","","3,681,626","1,285"
"Artemas - i like the way you kiss me","487","2","(x7)","3,610,829","267"
"Tiësto & Ava Max - The Motto","399","2","(x11)","3,600,224","0"
"Marshmello & Bastille - Happier","372","5","","3,579,509","0"
"Mabel - Don't Call Me Up","408","3","(x2)","3,521,458","0"
"Billie Eilish - CHIHIRO","584","2","(x12)","3,512,185","575"
"Rudimental - These Days","298","3","(x8)","3,506,028","0"
"Ariana Grande - 7 rings","391","1","(x20)","3,502,505","138"
"The Weeknd & Playboi Carti - Timeless","453","2","(x4)","3,491,572","97"
"DJ Khaled - Wild Thoughts","310","1","(x4)","3,463,788","49"
"Jawsh 685 x Jason Derulo - Savage Love","339","1","(x38)","3,435,581","0"
"Post Malone - Better Now","416","6","","3,433,554","0"
"Billie Eilish & Khalid - lovely","801","36","","3,408,346","327"
"Ariana Grande - No Tears Left to Cry","384","1","(x6)","3,395,696","1,246"
"Myles Smith - Stargazing","556","11","","3,391,210","1,046"
"Post Malone - Circles","391","3","(x8)","3,387,856","0"
"Travis Scott - HIGHEST IN THE ROOM","439","2","(x26)","3,378,649","116"
"cassö, RAYE & D-Block Europe - Prada","403","5","","3,364,175","0"
"Lil Nas X & Jack Harlow - INDUSTRY BABY","302","2","(x10)","3,355,000","0"
"Clean Bandit - Solo","256","2","(x29)","3,314,962","0"
"Gayle - abcdefu","317","1","(x17)","3,314,719","0"
"The Weeknd & Ariana Grande - Save Your Tears","433","2","(x3)","3,309,915","0"
"Måneskin - Beggin","364","1","(x25)","3,290,386","0"
"Lewis Capaldi - Before You Go","475","9","","3,290,273","42"
"Calvin Harris, Sam Smith - Promises","286","2","(x20)","3,266,781","0"
"Bad Bunny - Tití Me Preguntó","779","2","(x4)","3,260,251","3,524"
"Ariana Grande - thank u, next","277","1","(x64)","3,251,297","0"
"Apache 207 - Roller","688","26","","3,235,494","150"
"Dennis Lloyd - Nevermind","353","8","","3,226,668","0"
"Riton & Nightcrawlers - Friday","320","3","(x5)","3,222,431","0"
"Chappell Roan - Good Luck, Babe","453","7","","3,220,600","277"
"Dua Lipa - Physical","336","3","(x4)","3,219,150","112"
"XXXTENTACION - Sad","379","1","(x4)","3,218,601","0"
"Chris Brown - Under the Influence","328","2","(x3)","3,217,018","0"
"Teddy Swims - Bad Dreams","476","9","","3,201,499","485"
"Panic! At the Disco - High Hopes","450","12","","3,188,925","0"
"Roddy Ricch - The Box","290","3","(x40)","3,165,016","0"
"Udo Lindenberg & Apache 207 - Komet","729","25","","3,162,912","619"
"The Weeknd - Save Your Tears","366","1","(x8)","3,154,161","62"
"J Balvin & Willy William - Mi Gente","280","1","(x1)","3,137,835","78"
"George Ezra - Shotgun","459","10","","3,132,089","0"
"benny blanco, Halsey & Khalid - Eastside","382","7","","3,117,636","0"
"DJ Snake - Taki Taki","306","1","(x14)","3,116,412","0"
"Olivia Rodrigo - vampire","351","2","(x16)","3,114,701","0"
"Ninho - Jefe","964","26","","3,106,895","1,861"
"The Chainsmokers & Coldplay - Something Just Like This","375","11","","3,105,529","24"
"Maroon 5 - Memories","335","4","","3,100,195","0"
"Loreen - Tattoo","391","2","(x28)","3,067,480","0"
"Tate McRae - Just Keep Watching","335","2","(x19)","3,033,437","4,937"
"Doja Cat - Paint The Town Red","266","1","(x50)","3,017,583","0"
"Daddy Yankee - Con Calma","289","4","","3,015,979","0"
"RAYE - WHERE IS MY HUSBAND","225","1","(x3)","3,015,641","13,395"
"Post Malone & Swae Lee - Sunflower","439","9","","3,010,251","0"
"Olivia Rodrigo - drivers license","274","1","(x49)","2,994,405","22"
"LINKIN PARK - The Emptiness Machine","577","3","(x2)","2,986,000","2,508"
"Halsey - Without Me","319","3","(x2)","2,967,515","0"
"Aya Nakamura - Djadja","728","26","","2,963,405","0"
"RAYE & 070 Shake - Escapism.","343","2","(x14)","2,958,352","139"
"Dua Lipa - Dance The Night","334","1","(x32)","2,950,436","0"
"Rema & Selena Gomez - Calm Down","446","3","(x13)","2,929,930","0"
"David Kushner - Daylight","371","2","(x26)","2,929,726","0"
"Olivia Dean - Man I Need","257","3","(x2)","2,916,558","12,117"
"Marshmello - Silence","354","9","","2,911,663","0"
"Kelly Clarkson - Underneath the Tree","323","3","(x3)","2,874,672","0"
"Billie Eilish - bury a friend","374","2","(x16)","2,872,503","0"
"Dua Lipa - IDGAF","259","5","","2,818,318","23"
"Ninho - VVS","829","28","","2,816,147","1,538"
"Justin Bieber - Peaches","218","1","(x17)","2,800,211","0"
"Post Malone - Wow.","323","4","","2,794,072","12"
"Ed Sheeran - Galway Girl","304","16","","2,789,063","611"
"Masked Wolf - Astronaut In the Ocean","279","1","(x1)","2,783,820","0"
"Kenya Grace - Strangers","280","2","(x9)","2,778,628","0"
"Meduza - Piece Of Your Heart","244","4","","2,778,334","0"
"Metro Boomin, The Weeknd & 21 Savage - Creepin'","274","1","(x4)","2,753,864","0"
"Lady Gaga & Ariana Grande - Rain On Me","333","1","(x5)","2,753,456","0"
"Ariana Grande - Santa Tell Me","345","4","","2,749,438","0"
"Camila Cabello - Bam Bam","249","3","(x18)","2,741,519","0"
"Imagine Dragons - Whatever It Takes","413","14","","2,734,984","0"
"Djo - End of Beginning","292","2","(x12)","2,732,700","6,403"
"Luis Fonsi & Demi Lovato - Échame La Culpa","291","8","","2,707,638","0"
"Pop Smoke - For the Night","281","4","","2,705,708","0"
"Maroon 5 - Girls Like You","274","6","","2,698,093","0"
"Bad Bunny - NUEVAYoL","421","2","(x3)","2,696,632","5,998"
"Iñigo Quintero - Si No Estás","333","2","(x5)","2,694,956","0"
"Dave & Central Cee - Sprinter","274","1","(x10)","2,682,603","0"
"James Hype & Miggy Dela Rosa - Ferrari","419","2","(x5)","2,680,734","0"
"Måneskin - I WANNA BE YOUR SLAVE","244","2","(x11)","2,673,546","0"
"Fleetwood Mac - Dreams","709","30","","2,673,087","2,044"
"KAROL G - Si Antes Te Hubiera Conocido","491","17","","2,660,395","2,407"
"Sabrina Carpenter - Taste","325","3","(x9)","2,656,271","478"
"David Guetta & Sia - Flames","239","3","(x7)","2,655,056","0"
"ANNA ASTI - По барам","856","60","","2,640,754","630"
"Dean Lewis - Be Alright","295","11","","2,630,466","0"
"HammAli & Navai - Птичка","525","52","","2,628,192","599"
"Charlie Puth - Attention","261","4","","2,625,703","0"
"Calvin Harris - Feels","239","4","","2,614,779","4"
"Dua Lipa - Houdini","283","1","(x6)","2,610,487","123"
"Calvin Harris, Rag’n’Bone Man - Giant","238","2","(x4)","2,596,945","0"
"Ed Sheeran - Beautiful People","268","4","","2,594,945","0"
"SDM - Bolide allemand","680","32","","2,594,262","238"
"Drake - In My Feelings","225","1","(x40)","2,593,309","0"
"Lady Gaga - Abracadabra","347","1","(x4)","2,590,861","83"
"Beyoncé - CUFF IT","356","3","(x5)","2,585,401","0"
"P!nk - What About Us","249","3","(x3)","2,575,701","0"
"Marshmello & Anne-Marie - FRIENDS","229","2","(x12)","2,571,635","0"
"Axwell Λ Ingrosso - More Than You Know","288","12","","2,567,006","0"
"Dasha - Austin","489","17","","2,565,763","0"
"Cardi B - WAP","227","1","(x34)","2,560,317","0"
"ATB, Topic & A7S - Your Love","398","6","","2,552,008","0"
"Ed Sheeran - Castle on the Hill","378","36","","2,551,131","960"
"Rema - Calm Down","541","16","","2,538,785","0"
"Doja Cat - Woman","329","4","","2,530,153","0"
"Adele - Someone Like You","418","22","","2,509,906","237"
"Tate McRae - you broke me first","278","6","","2,504,381","0"
"Dave & Tems - Raindance","190","1","(x16)","2,479,452","13,528"
"Noah Kahan - Stick Season","510","13","","2,473,419","389"
"Sabrina Carpenter - Please Please Please","339","3","(x1)","2,466,432","47"
"Eminem - River","223","2","(x1)","2,448,136","0"
"The Goo Goo Dolls - Iris","522","21","","2,425,561","3,877"
"The Weeknd - Starboy","525","19","","2,422,851","48"
"Kygo & Whitney Houston - Higher Love","381","8","","2,411,732","0"
"Miyagi & Andy Panda - Minor","591","83","","2,399,016","227"
"Jonas Brothers - Sucker","226","1","(x16)","2,398,940","0"
"sombr - back to friends","381","8","","2,392,421","4,409"
"Juice WRLD - Lucid Dreams","358","2","(x2)","2,389,136","0"
"Selena Gomez & Marshmello - Wolves","213","5","","2,383,929","0"
"Kate Bush - Running Up That Hill","249","1","(x16)","2,381,791","375"
"Tiësto & Tate McRae - 10:35","341","8","","2,373,094","0"
"XXXTENTACION - Moonlight","335","2","(x1)","2,370,925","0"
"José Feliciano - Feliz Navidad","285","4","","2,369,157","0"
"Doja Cat - Kiss Me More","225","2","(x4)","2,359,741","0"
"Sabrina Carpenter - Manchild","328","2","(x8)","2,354,702","3,047"
"Andy Williams - It's the Most Wonderful Time of the Year","290","3","(x4)","2,344,936","0"
"Harry Styles - Adore You","330","8","","2,342,355","0"
"Trevor Daniel - Falling","229","5","","2,340,573","0"
"Bad Bunny - BAILE INoLVIDABLE","459","2","(x3)","2,334,475","5,430"
"Shakin' Stevens - Merry Christmas Everyone","347","13","","2,303,641","0"
"Beyoncé - TEXAS HOLD 'EM","237","1","(x1)","2,303,034","0"
"Sia - Snowman","304","6","","2,302,786","0"
"Lil Nas X - THATS WHAT I WANT","321","4","","2,297,146","0"
"Post Malone - I Had Some Help","478","12","","2,285,957","375"
"Vance Joy - Riptide","412","56","","2,274,498","713"
"DJ Snake & J Balvin - Loco Contigo","258","6","","2,269,845","0"
"JONY - Комета","329","58","","2,266,979","354"
"Bad Bunny - MIA","294","5","","2,253,467","1,766"
"Dua Lipa - Break My Heart","254","6","","2,247,251","9"
"Ed Sheeran - Azizam","247","2","(x6)","2,229,490","193"
"Meduza, Becky Hill & GOODBOYS - Lose Control","320","10","","2,219,842","0"
"ANNA ASTI - Царица","805","53","","2,211,747","897"
"Rosa Linn - SNAP","351","8","","2,207,839","0"
"Jonas Blue - Rise","251","9","","2,205,998","0"
"HUGEL, Topic & Arash - I Adore You","475","19","","2,196,597","1,377"
"Acraze - Do It To It","269","6","","2,190,149","0"
"Chris Rea - Driving Home For Christmas","327","11","","2,186,283","0"
"Bobby Helms - Jingle Bell Rock","290","5","","2,175,475","0"
"Imagine Dragons - Natural","272","9","","2,159,377","0"
"Tom Walker - Leave a Light On","369","22","","2,157,053","0"
"Drake - Toosie Slide","169","1","(x5)","2,153,676","0"
"Ariana Grande - positions","205","1","(x21)","2,150,367","0"
"Portugal. The Man - Feel It Still","319","26","","2,149,426","6"
"Natasha Bedingfield - Unwritten","317","3","(x1)","2,148,952","118"
"SZA - Kill Bill","265","6","","2,142,679","0"
"Taylor Swift - Opalite","206","2","(x12)","2,134,601","7,141"
"Post Malone - Psycho","216","2","(x5)","2,132,958","0"
"Mark Ambor - Belong Together","427","17","","2,126,431","0"
"Travis Scott - FEN","442","2","(x4)","2,121,317","0"
"David Guetta - 2U","190","4","","2,119,672","0"
"Ravyn Lenae - Love Me Not","392","11","","2,113,919","3,413"
"Ninho - Goutte d’eau","606","39","","2,112,497","0"
"Fleetwood Mac - Go Your Own Way","458","47","","2,107,317","1,068"
"Ava Max - Kings & Queens","348","14","","2,106,372","0"
"Rita Ora - Let You Love Me","224","5","","2,100,416","0"
"Loud Luxury - Body","356","23","","2,096,740","0"
"Pedro Capó & Farruko - Calma","289","15","","2,088,274","0"
"Justin Bieber & BloodPop® - Friends","221","1","(x3)","2,084,297","0"
"Nicky Jam & J Balvin - X","218","8","","2,073,033","0"
"Burna Boy - Last Last","470","10","","2,070,278","0"
"Oasis - Wonderwall","289","14","","2,068,626","991"
"Lady Gaga - Always Remember Us This Way","402","19","","2,061,695","0"
"Billie Eilish - ocean eyes","422","21","","2,056,269","1,302"
"Gigi Perez - Sailor Song","299","10","","2,055,498","0"
"KAROL G & Nicki Minaj - Tusa","345","18","","2,048,572","0"
"GIMS & DYSTINCT - SPIDER","510","32","","2,046,244","659"
"Sam Smith - Too Good at Goodbyes","189","5","","2,043,417","17"
"Artik & Asti - Девочка танцуй","168","63","","2,040,302","501"
"Ninho - Dis-moi que tu m'aimes","626","89","","2,029,522","1,648"
"Jason Derülo - Take You Dancing","294","10","","2,024,703","0"
"sombr - 12 to 12","272","5","","2,021,077","6,981"
"Artik & Asti - Гармония","360","57","","2,020,808","654"
"Jonas Blue - Mama","204","7","","2,002,986","0"
"Zedd, Maren Morris & Grey - The Middle","232","7","","1,998,616","0"
"Ayra Starr - Rush","355","14","","1,994,268","0"
"Arizona Zervas - Roxanne","218","8","","1,991,073","0"
"Drake - One Dance","331","22","","1,989,176","434"
"Kendrick Lamar, SZA - All The Stars","240","4","","1,971,340","0"
"Zivert - Beverly Hills","198","77","","1,958,969","808"
"Journey - Don't Stop Believin'","432","27","","1,957,644","3,691"
"Maroon 5 - What Lovers Do","216","9","","1,947,785","0"
"Miley Cyrus - Midnight Sky","235","8","","1,945,774","0"
"Taylor Swift - Fortnight","223","1","(x8)","1,943,429","0"
"MACAN - ASPHALT 8","624","48","","1,943,098","687"
"Bizarrap & Quevedo - Quevedo: Bzrp Music Sessions, Vol. 52","485","29","","1,942,822","0"
"Booba & SDM - Dolce Camara","698","30","","1,940,944","782"
"Eminem - Without Me","405","38","","1,934,303","418"
"Meduza - Paradise","270","7","","1,926,781","0"
"Lizzo - About Damn Time","253","4","","1,926,738","0"
"Tate McRae - Sports car","349","10","","1,926,475","30"
"WizTheMc & bees & honey - Show Me Love","246","8","","1,925,693","838"
"Dean Martin - Let It Snow Let It Snow Let It Snow","262","8","","1,923,758","0"
"Band Aid - Do They Know It's Christmas","315","8","","1,917,408","0"
"Tiakola - Meuda","313","46","","1,913,535","942"
"5 Seconds of Summer - Youngblood","308","24","","1,904,677","0"
"SDM - CARTIER SANTOS","580","34","","1,899,994","1,869"
"Zara Larsson - Lush Life","169","6","","1,894,063","12,311"
"Aya Nakamura - Pookie","478","25","","1,884,107","0"
"Ninho - Maman ne le sait pas","286","38","","1,881,556","0"
"G-Eazy & Halsey - Him & I","191","5","","1,874,398","0"
"David Guetta, Becky Hill & Ella Henderson - Crazy What Love Can Do","321","12","","1,874,192","0"
"Coldplay - Yellow","305","26","","1,869,756","330"
"Billie Eilish - What Was I Made For","274","2","(x4)","1,866,324","0"
"Gazo - DIE","519","27","","1,863,611","0"
"Ofenbach - Wasted Love","393","16","","1,863,200","0"
"Coldplay - A Sky Full of Stars","373","23","","1,854,674","141"
"Dua Lipa - Training Season","193","3","(x4)","1,850,279","0"
"Drake - Nice For What","218","3","(x2)","1,849,929","0"
"Zivert - Зелёные волны","152","106","","1,849,882","598"
"Avicii - Lonely Together","237","12","","1,847,611","0"
"Bennett - Vois sur ton chemin","370","13","","1,843,704","0"
"Brenda Lee - Rockin' Around the Christmas Tree","274","7","","1,830,265","0"
"CYRIL - Stumblin' In","315","18","","1,829,621","0"
"Sam Smith & Normani - Dancing with a Stranger","222","6","","1,825,733","0"
"Jungeli, Imen Es & Alonzo - Petit génie","420","26","","1,825,301","0"
"GIMS - CIEL","506","32","","1,824,967","1,781"
"Shawn Mendes - There's Nothing Holdin' Me Back","210","10","","1,821,185","0"
"Nirvana - Smells Like Teen Spirit","365","43","","1,820,458","2,806"
"Billie Eilish - Happier Than Ever","222","4","","1,816,865","4"
"Dave - Location","291","59","","1,814,339","0"
"Billie Eilish - Therefore I Am","211","1","(x17)","1,807,030","0"
"Doechii - Anxiety","161","1","(x25)","1,806,221","0"
"Taylor Swift - Look What You Made Me Do","152","1","(x18)","1,797,857","0"
"Beyoncé - BREAK MY SOUL","183","2","(x24)","1,795,646","0"
"Joel Corry, RAYE & David Guetta - BED","233","9","","1,794,865","0"
"Doja Cat - Say So","212","9","","1,792,302","0"
"Mark Ronson - Nothing Breaks Like a Heart","223","3","(x1)","1,784,177","0"
"Tyla - Water","246","5","","1,780,436","0"
"LINKIN PARK - In the End","465","14","","1,778,490","2,226"
"Ed Sheeran - South of the Border","266","6","","1,769,307","0"
"Avicii - SOS","173","3","(x14)","1,768,553","0"
"Peggy Gou - (It Goes Like) Nanana","187","2","(x5)","1,766,291","0"
"Jimin - Who","570","29","","1,763,624","1,013"
"Queen - Bohemian Rhapsody","176","31","","1,762,553","517"
"Rita Ora - Anywhere","266","16","","1,761,151","0"
"Future - Life Is Good","178","2","(x3)","1,756,940","0"
"Антон Токарев - Седьмой лепесток","350","71","","1,754,499","272"
"Calvin Harris & Ellie Goulding - Miracle","229","6","","1,753,075","0"
"The Kid LAROI - WITHOUT YOU","205","5","","1,752,526","0"
"Elley Duhé - Middle of the Night","325","14","","1,752,207","0"
"The Weeknd - Take My Breath","216","2","(x3)","1,742,295","0"
"A$AP Rocky - Praise the Lord","241","12","","1,740,147","0"
"Miyagi & Andy Panda - Там ревели горы","192","115","","1,739,355","142"
"Billie Eilish - LUNCH","200","1","(x14)","1,737,812","0"
"Luciano - Beautiful Girl","390","22","","1,735,550","0"
"Damso - Θ. Macarena","220","59","","1,734,899","364"
"Stormzy - Own It","310","18","","1,723,992","0"
"Justin Bieber - Intentions","171","5","","1,723,082","0"
"Eminem - Houdini","207","2","(x6)","1,719,615","0"
"Jakone & Kiliana - Асфальт","665","62","","1,713,699","1,876"
"Ofenbach & Quarterhead - Head Shoulders Knees & Toes","331","27","","1,709,675","0"
"Jack Harlow - Lovin On Me","195","3","(x12)","1,705,597","0"
"Master KG - Jerusalema","312","19","","1,700,945","0"
"Ariana Grande - break up with your girlfriend, i'm bored","143","1","(x17)","1,698,885","0"
"Баста - Сансара","268","116","","1,698,244","0"
"NF - Let You Down","212","12","","1,696,101","0"
"Taylor Swift - Lover","369","8","","1,693,975","27"
"Tiësto - Lay Low","342","10","","1,689,948","0"
"Post Malone - Goodbyes","173","4","","1,679,823","0"
"Travis Scott - goosebumps","221","14","","1,678,849","146"
"surf mesa - Ily","190","7","","1,675,822","0"
"Justin Timberlake - Say Something","158","4","","1,662,982","0"
"Tiësto & Dzeko - Jackie Chan","200","5","","1,662,021","0"
"Disturbed - The Sound of Silence","288","24","","1,660,785","0"
"Avicii - Without You","199","12","","1,653,408","0"
"BTS - Dynamite","279","7","","1,650,752","0"
"CJ - Whoopty","164","2","(x1)","1,649,394","0"
"Ariana Grande - God is a woman","191","4","","1,648,795","0"
"Nina Chuba - Wildberry Lillet","380","32","","1,643,228","0"
"PASHANIM - Sommergewitter","298","31","","1,642,396","541"
"Black Eyed Peas, Ozuna & J. Rey Soul - MAMACITA","232","9","","1,639,201","0"
"Teddy Swims - The Door","459","24","","1,631,282","90"
"Selena Gomez - Lose You to Love Me","161","2","(x3)","1,626,960","0"
"Ariana Grande - we can't be friends","231","2","(x19)","1,620,960","0"
"Imagine Dragons, JID & League of Legends - Enemy","248","11","","1,620,769","0"
"Женя Трофимов & Комната культуры - Поезда","669","77","","1,618,828","1,230"
"Disco Lines & Tinashe - No Broke Boys","288","11","","1,616,141","3,000"
"Powfu - Death Bed","184","8","","1,614,229","0"
"Tyga - Taste","260","20","","1,613,146","0"
"Ninho - De l'autre côté","185","55","","1,611,640","1,196"
"Jakone & SCIRENA - По весне","444","65","","1,610,708","304"
"Miyagi & Andy Panda - Патрон","497","57","","1,608,851","0"
"Robin Schulz - OK","211","17","","1,607,632","0"
"Chappell Roan - Pink Pony Club","385","21","","1,605,730","559"
"Avicii - Wake Me Up","107","3","(x1)","1,592,928","555"
"Shawn Mendes - In My Blood","189","2","(x5)","1,590,043","0"
"Macklemore & Ryan Lewis - Can't Hold Us","252","41","","1,589,340","2,084"
"Adele - Set Fire to the Rain","397","37","","1,580,666","108"
"Justin Bieber - DAISIES","227","2","(x9)","1,580,120","10,779"
"AYLIVA & Apache 207 - Wunder","399","36","","1,578,787","236"
"Zivert - Credo","218","63","","1,577,752","585"
"Purple Disco Machine & Sophie and the Giants - Hypnotized","366","27","","1,572,684","0"
"XXXTENTACION & Lil Pump - Arms Around You","155","4","","1,561,501","0"
"Jack Harlow - First Class","151","2","(x16)","1,560,359","0"
"Naps - La kiffance","362","39","","1,559,897","0"
"Olivia Dean - So Easy","216","13","","1,558,899","8,928"
"Manuel Turizo - La Bachata","366","55","","1,557,432","263"
"Bad Bunny & Jhay Cortez - Dakiti","299","22","","1,557,075","0"
"Jul - J'oublie tout","216","92","","1,556,137","1,422"
"Justin Bieber - Mistletoe","275","13","","1,549,690","0"
"OneRepublic - Counting Stars","247","84","","1,548,269","1,705"
"Ninho - Lettre à une femme","196","36","","1,547,707","0"
"Saja Boys, Andrew Choi, Neckwav, Danny Chung, Kevin Woo, samUIL Lee & KPop Demon Hunters Cast - Soda Pop","192","3","(x13)","1,544,826","12"
"Ed Sheeran & Elton John - Merry Christmas","195","9","","1,543,938","0"
"Skryptonite - Положение","229","124","","1,541,251","520"
"Jul, SCH, Naps, Kofs, Elams, Solda, Houari & Soso Maness - Bande organisée","411","31","","1,538,245","108"
"Imagine Dragons - Bad Liar","289","27","","1,536,073","0"
"HammAli & Navai - Прятки","279","65","","1,532,589","203"
"Zivert - Life","415","75","","1,530,663","0"
"Liam Payne & Rita Ora - For You","160","3","(x1)","1,527,176","0"
"Люся Чеботина - СОЛНЦЕ МОНАКО","335","57","","1,526,427","388"
"Pop Smoke - Mood Swings","203","7","","1,515,264","0"
"GAYAZOV$ BROTHER$ - МАЛИНОВАЯ ЛАДА","348","60","","1,508,191","264"
"XOLIDAYBOY - Пожары","696","89","","1,507,919","1,480"
"Jax Jones - Breathe","236","18","","1,507,832","0"
"Miley Cyrus - Prisoner","162","3","(x2)","1,500,389","0"
"The Weeknd - Call Out My Name","128","1","(x3)","1,493,553","31"
"Internet Money & Gunna - Lemonade","149","3","(x13)","1,493,443","0"
"Swedish House Mafia & The Weeknd - Moth To A Flame","199","8","","1,487,060","0"
"Jul - J'fais plaisir à la zone","328","40","","1,486,003","1,251"
"Ramil' - Сияй","293","67","","1,484,603","120"
"Måneskin - ZITTI E BUONI","213","3","(x5)","1,480,511","0"
"David Guetta, Anne-Marie & Coi Leray - Baby Don't Hurt Me","184","6","","1,470,362","0"
"Clean Bandit - I Miss You","207","10","","1,462,677","0"
"GIMS - NINAO","354","21","","1,462,666","780"
"Harry Styles - Sign of the Times","222","26","","1,444,402","1,441"
"Ed Sheeran - Eyes Closed","169","2","(x13)","1,444,378","0"
"Jul - J'ai tout su","176","36","","1,442,664","797"
"Selena Gomez - Back to You","176","8","","1,433,333","0"
"twocolors - Lovefool","295","23","","1,430,036","0"
"Justin Bieber - Holy","189","3","(x4)","1,429,042","0"
"Y2K & bbno$ - Lalala","199","6","","1,425,161","0"
"ANNA ASTI - Феникс","323","53","","1,424,050","140"
"Rita Ora - Your Song","192","18","","1,424,021","0"
"Toto - Africa","143","68","","1,421,151","1,617"
"Minelli - Rampampam","407","28","","1,418,500","0"
"Clean Bandit - Symphony","202","13","","1,417,841","0"
"Oliver Tree & Robin Schulz - Miss You","195","8","","1,415,081","0"
"Kendrick Lamar - HUMBLE.","290","22","","1,412,900","0"
"CKay - love nwantiti","180","5","","1,402,250","0"
"Kanye West & Lil Pump - I Love It","136","2","(x12)","1,400,661","0"
"Pop Smoke - What You Know Bout Love","192","7","","1,399,536","0"
"sombr - undressed","374","26","","1,399,519","2,313"
"Скриптонит - Цепи","305","103","","1,397,987","0"
"Bonez MC & Raf Camora - 500 PS","251","47","","1,395,494","0"
"Taylor Swift - You Need To Calm Down","273","6","","1,393,562","4"
"Lil Nas X - STAR WALKIN'","254","15","","1,390,739","0"
"Post Malone - Chemical","251","14","","1,380,383","0"
"Justin Bieber - Yummy","119","2","(x9)","1,379,791","0"
"Nathan Evans, 220 KID & Billen Ted - Wellerman","219","10","","1,378,399","0"
"6ix9ine - FEFE","138","3","(x2)","1,377,471","0"
"Adele - Rolling In the Deep","207","27","","1,374,643","324"
"Sevdaliza, Pabllo Vittar & Yseult - Alibi","143","3","(x7)","1,364,127","0"
"Anne-Marie - 2002","203","18","","1,362,327","0"
"The Ronettes - Sleigh Ride","224","11","","1,361,080","0"
"Miyagi & Andy Panda - Marmalade","356","58","","1,358,760","0"
"Basta - На заре","418","57","","1,357,038","814"
"XOLIDAYBOY - Моя хулиганка","254","62","","1,356,519","296"
"Soolking & Gazo - Casanova","306","17","","1,356,329","0"
"The Neighbourhood - Sweater Weather","245","44","","1,356,305","2,020"
"Eminem - Godzilla","133","2","(x6)","1,355,453","0"
"Justin Bieber & benny blanco - Lonely","176","3","(x2)","1,347,709","0"
"Sam Smith - How Do You Sleep","172","9","","1,346,521","0"
"Lil Pump - Gucci Gang","149","7","","1,346,388","0"
"Kodak Black - ZEZE","153","6","","1,345,760","0"
"Sam Feldt - Post Malone","296","20","","1,344,103","0"
"Gazo - FLEURS","350","45","","1,343,761","0"
"Adam Port, Stryv & Malachiii - Move","346","11","","1,343,678","246"
"PinkPantheress - Stateside","121","2","(x2)","1,342,963","10,475"
"David Guetta, Bebe Rexha & J Balvin - Say My Name","238","19","","1,341,485","0"
"Duncan Laurence - Arcade","257","9","","1,341,057","0"
"ROSALÍA - DESPECHÁ","341","19","","1,331,634","0"
"Miguel - Sure Thing","171","9","","1,330,946","0"
"Olivia Rodrigo - deja vu","150","6","","1,328,915","0"
"Ariana Grande - yes, and","121","1","(x23)","1,328,073","0"
"Pop Smoke - Dior","344","18","","1,327,674","0"
"Doja Cat - Boss Bitch","163","11","","1,324,645","0"
"GIMS - SOIS PAS TIMIDE","315","31","","1,320,403","0"
"ANNA ASTI - Повело","304","70","","1,318,949","101"
"Dua Lipa & Angèle - Fever","296","39","","1,313,176","0"
"Bruno Mars, Anderson .Paak & Silk Sonic - Leave The Door Open","203","8","","1,312,048","0"
"Ed Sheeran - Perfect Duet","139","3","(x13)","1,311,027","0"
"MACAN - Кино","60","102","","1,310,454","180"
"Jason Derülo - Swalla","153","10","","1,308,981","0"
"Bruno Mars - Finesse","147","5","","1,308,821","0"
"Artik & Asti - Грустный дэнс","371","73","","1,308,710","0"
"Kygo & Selena Gomez - It Ain't Me","201","15","","1,304,307","0"
"OneRepublic - Run","348","20","","1,303,026","0"
"Kendrick Lamar & SZA - luther","184","5","","1,298,766","0"
"ANNA ASTI - Ночью на кухне","284","62","","1,297,800","127"
"Macklemore & Ryan Lewis, Macklemore & Ryan Lewis - Can't Hold Us","458","26","","1,297,535","0"
"Jax Jones & MNEK - Where Did You Go","232","14","","1,293,000","0"
"Zartmann - tau mich auf","378","34","","1,291,644","1,519"
"RAF Camora & Bonez MC - Blaues Licht","269","31","","1,290,616","0"
"Jason Derülo - Tip Toe","206","20","","1,290,428","0"
"DJ Khaled - I'm the One","129","6","","1,289,290","0"
"Jul - Oh qu'elle est belle","270","42","","1,288,965","1,160"
"Bausa - Was Du Liebe nennst","233","41","","1,286,613","0"
"Sophie Ellis-Bextor - Murder on the Dancefloor","159","2","(x1)","1,285,589","0"
"ROSALÍA & Rauw Alejandro - BESO","269","19","","1,283,183","0"
"Татьяна Куртукова - Матушка","465","90","","1,283,072","516"
"The Weeknd - In Your Eyes","207","3","(x1)","1,282,564","0"
"Elton John - Step Into Christmas","254","13","","1,278,204","0"
"Drake - Nonstop","159","2","(x1)","1,277,982","0"
"Leony - Remedy","361","32","","1,275,350","0"
"Harry Styles - Late Night Talking","189","2","(x11)","1,271,193","0"
"HUNTR/X, EJAE, AUDREY NUNA, REI AMI & KPop Demon Hunters Cast - How It’s Done","146","3","(x5)","1,269,954","0"
"Paul McCartney - Wonderful Christmastime","227","9","","1,268,386","0"
"Robin Schulz - In Your Eyes","247","30","","1,267,715","0"
"МОТ - Август - это ты","201","68","","1,260,973","0"
"Ed Sheeran - Overpass Graffiti","195","6","","1,260,526","0"
"BRANYA & MACAN - Пополам","158","55","","1,260,355","0"
"Galantis, David Guetta & Little Mix - Heartbreak Anthem","199","13","","1,259,702","0"
"Luciano & Aitch - Bamba","275","21","","1,258,793","0"
"HammAli & Navai - Пустите меня на танцпол","260","100","","1,254,491","329"
"Montez - Auf & Ab","278","34","","1,252,436","0"
"Jason Derulo & Nuka - Love Not War","228","14","","1,250,614","0"
"Libianca - People","228","15","","1,250,306","0"
"David Guetta & Sia - Titanium","130","21","","1,248,891","550"
"Скриптонит - Положение","294","103","","1,247,376","0"
"Rihanna - Umbrella","211","12","","1,244,939","0"
"Kygo - Stargazing","190","21","","1,242,397","0"
"Ed Sheeran - Happier","253","50","","1,241,378","30"
"Lazza - CENERE","256","44","","1,240,229","439"
"Adele - Oh My God","151","2","(x8)","1,239,649","0"
"Женя Трофимов - Самолеты","476","76","","1,237,382","1,028"
"GIMS & La Mano 1.9 - PARISIENNE","274","27","","1,235,708","3,569"
"Meghan Trainor - Made You Look","193","9","","1,232,817","0"
"Keala Settle & The Greatest Showman Ensemble - This Is Me","292","36","","1,227,636","0"
"Macklemore - Glorious","218","19","","1,225,725","0"
"Nea - Some Say","242","35","","1,223,281","0"
"The Pogues - Fairytale of New York","324","32","","1,222,292","0"
"Ed Sheeran - Afterglow","144","3","(x2)","1,221,127","0"
"The Weeknd - Dancing In The Flames","205","3","(x2)","1,220,105","161"
"The Weeknd & Madonna - Popular","184","5","","1,218,899","0"
"Skryptonite - Цепи","132","136","","1,216,333","304"
"Michael Bublé - Holly Jolly Christmas","225","12","","1,216,221","0"
"Jason Derülo - Acapulco","317","24","","1,213,676","0"
"Drake - Money In The Grave","161","4","","1,213,622","0"
"Eminem - Lose Yourself","62","22","","1,213,273","224"
"Adam Port, Stryv, Keinemusik, Orso & Malachiii - Move","114","5","","1,212,869","0"
"Robin Schulz - All We Got","245","21","","1,212,699","0"
"Гио ПиКа & MIRAVI - Мир","372","65","","1,211,959","357"
"Cardi B - Bodak Yellow","244","26","","1,205,462","0"
"Werenoi - Pyramide","244","29","","1,205,194","703"
"Liam Payne - Strip That Down","168","23","","1,202,890","0"
"Gunna - fukumean","155","10","","1,199,832","0"
"Anuel AA, Daddy Yankee & Karol G - China","232","21","","1,199,203","0"
"Basta - Сансара","13","172","","1,198,950","893"
"Chris Brown - No Guidance","168","14","","1,196,334","0"
"Meek Mill - Going Bad","195","16","","1,194,309","0"
"Ninho - Sur paname","292","90","","1,192,645","2,206"
"Ariana Grande - breathin","172","5","","1,191,161","0"
"The Kolors - ITALODISCO","312","24","","1,190,058","0"
"Kalash - Mwaka Moon","328","40","","1,187,725","0"
"Ava Max - Salt","273","35","","1,186,433","0"
"Jul - La faille","198","51","","1,184,947","1,509"
"P!nk & Willow Sage Hart - Cover Me In Sunshine","212","21","","1,180,095","0"
"Travis Scott - MY EYES","254","5","","1,178,084","0"
"Shouse - Love Tonight","200","14","","1,175,382","0"
"Meduza & Goodboys - Piece Of Your Heart","277","24","","1,174,991","0"
"Ed Sheeran - Cross Me","126","6","","1,167,085","0"
"XXXTENTACION - Changes","196","5","","1,166,792","0"
"Oimara - Wackelkontakt","327","28","","1,166,787","972"
"Alvaro Soler - La Cintura","197","26","","1,165,337","0"
"Три дня дождя & MONA - Прощание","269","55","","1,163,582","461"
"Bruno Mars - I Just Might","113","5","","1,161,406","5,931"
"BENEE - Supalonely","164","16","","1,160,452","0"
"HammAli & Navai - Девочка-война","260","76","","1,160,439","0"
"Tiakola - Gasolina","229","31","","1,159,727","225"
"DJ Khaled - POPSTAR","154","8","","1,158,060","0"
"Silk City, Dua Lipa - Electricity","169","12","","1,155,171","0"
"Billie Eilish - No Time To Die","131","2","(x2)","1,155,105","0"
"ROSALÍA - LA FAMA","294","20","","1,154,039","0"
"W Sound, Beéle & Ovy On the Drums - La Plena","333","36","","1,150,031","1,250"
"Angèle - Balance ton quoi","308","51","","1,148,937","0"
"Angèle - Tout oublier","265","52","","1,148,063","0"
"Saja Boys, Andrew Choi, Neckwav, Danny Chung, Kevin Woo, samUIL Lee & KPop Demon Hunters Cast - Your Idol","146","5","","1,147,151","0"
"Bad Bunny - Yonaguni","142","87","","1,146,260","1,601"
"Coez - La musica non c'è","225","94","","1,145,631","172"
"Skryptonite - Танцуй сама","144","118","","1,145,189","222"
"Imanbek & BYOR - Belly Dancer","272","21","","1,144,240","0"
"The Weeknd - Cry For Me","139","1","(x3)","1,142,565","93"
"Werenoi - Tu connais","304","72","","1,142,005","1,810"
"Alonzo - TOUT VA BIEN","244","24","","1,139,843","0"
"MiyaGi - Captain","117","92","","1,139,779","0"
"Tate McRae - she's all i wanna be","220","13","","1,138,187","0"
"ROSALÍA & Travis Scott - TKN","147","9","","1,137,869","0"
"The Weeknd & Anitta - São Paulo","177","3","(x1)","1,137,281","102"
"Shawn Mendes - If I Can't Have You","117","3","(x5)","1,134,077","0"
"Becky Hill & David Guetta - Remember","224","22","","1,131,111","0"
"Тима Белорусских - Мокрые кроссы","307","71","","1,130,972","0"
"Pop Smoke - The Woo","140","7","","1,128,246","0"
"SDM - Mr. Ocho","352","44","","1,127,964","0"
"Enrique Iglesias - SÚBEME LA RADIO","132","15","","1,125,605","0"
"Travis Scott - Butterfly Effect","200","32","","1,125,002","0"
"XXXTENTACION - Jocelyn Flores","212","3","(x1)","1,123,914","0"
"INSTASAMKA - ЗА ДЕНЬГИ ДА","333","53","","1,122,474","0"
"Big Shaq - Man's Not Hot","176","14","","1,120,015","0"
"Tyga - Ayy Macarena","155","13","","1,115,535","0"
"Central Cee - LET GO","131","3","(x6)","1,114,399","0"
"GeeGun, Artik & Asti & NILETTO - Худи","442","72","","1,113,865","0"
"Nio García, Casper Mágico & Bad Bunny - Te Boté","235","40","","1,113,333","0"
"Bad Bunny - Moscow Mule","67","33","","1,112,995","0"
"Meduza & James Carter - Bad Memories","301","25","","1,112,335","0"
"Lewis Capaldi - Forget Me","276","16","","1,112,122","0"
"P!nk - TRUSTFALL","210","14","","1,107,654","0"
"Lewis Capaldi - Bruises","254","36","","1,107,509","0"
"Danny Ocean - Me Rehúso","292","45","","1,106,954","163"
"Aya Nakamura - Copines","217","40","","1,106,920","0"
"LINKIN PARK - Numb","162","16","","1,102,941","1,194"
"HVME - Goosebumps","223","16","","1,100,106","0"
"DJ Khaled - GREECE","151","9","","1,099,066","0"
"Apache 207 - 200 km/h","193","35","","1,098,967","0"
"Clean Bandit - Rockabye","255","16","","1,098,642","0"
"Rihanna - Lift Me Up","177","1","(x4)","1,097,843","0"
"Скриптонит - Москва любит...","120","97","","1,096,347","0"
"Guns N' Roses - Sweet Child O' Mine","16","111","","1,095,888","1,090"
"Lizzo - Good As Hell","201","13","","1,093,237","0"
"Bad Bunny - VOY A LLeVARTE PA PR","206","7","","1,092,264","421"
"Bizarrap & Shakira - Shakira: Bzrp Music Sessions, Vol. 53","166","4","","1,089,622","0"
"Ed Sheeran - Thinking Out Loud","229","70","","1,089,243","0"
"Ariana Grande & Justin Bieber - Stuck with U","130","4","","1,088,698","0"
"Jazeek - AKON","367","39","","1,086,566","1,737"
"Dominic Fike - 3 Nights","229","33","","1,083,049","0"
"HammAli & Navai - Ноты","225","87","","1,081,732","218"
"Markul & Тося Чайкина - Стрелы","362","62","","1,079,584","0"
"Jax Jones - Instruction","145","18","","1,077,432","0"
"Tommy Richman - Million Dollar Baby","142","8","","1,076,190","0"
"Sabrina Carpenter - Tears","162","3","(x12)","1,070,335","301"
"LF SYSTEM - Afraid To Feel","233","23","","1,070,186","0"
"6ix9ine - GOOBA","116","2","(x5)","1,070,027","0"
"Ofenbach - Overdrive","210","22","","1,069,597","0"
"Doja Cat - Need To Know","135","10","","1,069,226","0"
"Sean Paul & David Guetta - Mad Love","176","16","","1,067,394","0"
"PASHANIM - Mittelmeer","250","34","","1,067,286","199"
"Capital Bra & Samra - Tilidin","231","28","","1,066,023","0"
"Kravz & Гио ПиКа - Где прошла ты","370","51","","1,065,910","245"
"SZA - Good Days","232","6","","1,064,941","0"
"Баста & Zivert - неболей","182","115","","1,063,806","527"
"Peter Fox - Zukunft Pink","314","38","","1,062,995","0"
"Drake - Laugh Now Cry Later","126","2","(x2)","1,061,750","0"
"Niska - Réseaux","249","38","","1,060,834","0"
"ANNA ASTI - Верю в тебя","268","62","","1,058,299","119"
"Logic - 1-800-273-8255","150","22","","1,056,947","0"
"Coldplay - Higher Power","167","6","","1,056,169","0"
"Justin Wellington - Iko Iko","167","15","","1,055,004","0"
"Ninho - Un Poco","76","80","","1,053,734","679"
"Harry Styles - Falling","231","27","","1,053,380","0"
"disiz & Theodora - melodrama","211","27","","1,049,862","4,712"
"Pinguini Tattici Nucleari - Pastello Bianco","122","101","","1,048,273","0"
"Shawn Mendes & Justin Bieber - Monster","119","2","(x7)","1,048,238","0"
"BLACKPINK - JUMP","140","3","(x3)","1,047,858","4"
"Major Lazer - Know No Better","127","16","","1,045,250","0"
"Fireboy DML & Ed Sheeran - Peru","261","29","","1,042,500","0"
"Bazzi - Mine","144","18","","1,039,628","0"
"T-Fest & Скриптонит - Ламбада","145","112","","1,038,755","0"
"Michael Bublé - Santa Claus Is Coming To Town","246","12","","1,037,401","0"
"Tinlicker & Helsloot - Because You Move Me","325","40","","1,036,270","0"
"Chris Brown - Angel Numbers / Ten Toes","156","11","","1,035,551","0"
"Coldplay - feelslikeimfallinginlove","171","5","","1,034,716","0"
"Ed Sheeran - Sapphire","176","12","","1,034,499","0"
"Элджей & Feduk - Розовое вино","279","95","","1,033,377","163"
"SIRA, Bausa & badchieff - 9 bis 9","273","47","","1,033,271","0"
"Sonny Fodera, Jazzy & D.O.D - Somedays","381","75","","1,031,931","814"
"Coldplay X BTS - My Universe","156","8","","1,031,247","0"
"Capital Bra - Neymar","201","44","","1,031,201","244"
"Regard & Raye - Secrets","164","17","","1,030,843","0"
"Alice Merton - No Roots","319","51","","1,029,814","0"
"Oasis - Don't Look Back In Anger","81","23","","1,029,206","277"
"Lady Gaga - Stupid Love","131","4","","1,028,343","0"
"Ofenbach & Nick Waterhouse - Katchi","213","25","","1,028,222","0"
"Lartiste - Mafiosa","223","45","","1,027,473","0"
"Melanie Thornton - Wonderful Dream","264","39","","1,023,880","0"
"Big Baby Tape & kizaru - 99 Problems","294","56","","1,016,254","0"
"Clean Bandit & Mabel - Tick Tock","189","17","","1,016,241","0"
"Apache 207 - Breaking your heart","294","33","","1,015,461","0"
"The Weeknd, Kendrick Lamar - Pray For Me","112","4","","1,011,360","0"
"SDM - Passat","127","66","","1,010,844","146"
"Charlie Puth - How Long","166","18","","1,010,541","0"
"Bad Bunny - Vete","28","93","","1,004,748","697"
"Justin Bieber - Anyone","115","3","(x3)","1,003,945","0"
"Hamza - KYKY2BONDY","244","23","","1,003,370","614"
"PLK - Pilote","154","47","","1,001,653","139"
"Billie Eilish - you should see me in a crown","127","12","","999,699","0"
"Halsey - You should be sad","161","19","","996,205","0"
"SDM - POUR ELLE","200","30","","993,560","0"
"Gazo & Tiakola - MAMI WATA","276","44","","988,612","96"
"Vegedream - Ramenez la coupe à la maison","222","17","","987,027","0"
"Ed Sheeran - Celestial","173","8","","986,766","0"
"Скриптонит - Это любовь","4","187","","985,608","0"
"Central Cee - Doja","107","3","(x3)","983,763","0"
"Purple Disco Machine & Sophie and the Giants - In The Dark","257","26","","983,298","0"
"OBOY - TDB","306","39","","982,972","0"
"Jung Kook & Latto - Seven","211","25","","982,723","94"
"DJ Khaled - No Brainer","96","3","(x1)","982,486","0"
"The Black Eyed Peas & J Balvin - RITMO","129","17","","980,521","0"
"Dean Lewis - How Do I Say Goodbye","210","17","","980,467","0"
"Jah Khalib - Медина","205","71","","980,070","137"
"Werenoi - Laboratoire","175","55","","976,353","1,418"
"Тима Белорусских - Незабудка","265","73","","975,549","0"
"Soolking - Suavemente","237","34","","975,283","0"
"Ariana Grande - 34+35","128","3","(x4)","974,838","0"
"HUNTR/X, EJAE, AUDREY NUNA, REI AMI & KPop Demon Hunters Cast - What It Sounds Like","127","9","","973,934","6"
"Miyagi & Эндшпиль - Fire Man","11","108","","972,984","116"
"Leona Lewis - One More Sleep","251","32","","970,877","0"
"Elton John - I'm Still Standing","87","39","","970,029","922"
"Jul - Pic et pic, alcool et drame","114","51","","969,841","1,309"
"Måneskin - THE LONELIEST","229","13","","969,108","0"
"Olly - Balorda nostalgia","360","43","","965,654","1,219"
"Gazo - RAPPEL","227","29","","963,343","0"
"Ozuna - Baila Baila Baila","225","29","","960,671","0"
"Michael Jackson - Billie Jean","64","2","(x6)","960,131","19,352"
"Martin Garrix & David Guetta - So Far Away","161","22","","958,781","0"
"Alec Benjamin - Let Me Down Slowly","244","52","","957,715","0"
"Егор Крид - Потрачу","151","107","","956,143","0"
"MOLIY, Silent Addy, Skillibeng & Shenseea - Shake It To The Max","143","7","","954,279","0"
"Capital Bra, Samra & Lea - 110","189","25","","953,752","0"
"Calvin Harris & Clementine Douglas - Blessings","182","17","","952,724","677"
"Pashanim - Airwaves","118","37","","952,301","362"
"Скриптонит & Райда - Baby mama","252","109","","950,679","0"
"BLANCO & Sfera Ebbasta - MI FAI IMPAZZIRE","224","83","","950,238","0"
"Luciano & RAF Camora - All Night","242","25","","949,580","0"
"V & Park Hyo Shin - Winter Ahead","342","77","","947,731","27"
"Werenoi & GIMS - Piano","315","32","","947,226","1,145"
"Скриптонит - Танцуй сама","220","118","","946,110","0"
"Jaxomy, Agatino Romero & Raffaella Carrà - Pedro","160","16","","945,027","0"
"Purple Disco Machine & Kungs - Substitution","208","21","","943,806","0"
"Zoe Wees - Girls Like Us","193","33","","943,451","0"
"Darlene Love - Christmas","183","15","","942,885","0"
"Gazo - HAINE&SEX","176","37","","941,215","0"
"ANNA ASTI & Филипп Киркоров - Хобби","264","92","","937,734","0"
"Elton John & Britney Spears - Hold Me Closer","120","2","(x2)","936,459","0"
"NЮ - Никто","216","81","","934,174","113"
"Arctic Monkeys - Do I Wanna Know","7","180","","933,851","166"
"Jaymes Young - Infinity","222","22","","930,840","0"
"Booba - Mona Lisa","236","33","","930,432","0"
"Billie Eilish - THE GREATEST","201","10","","929,972","0"
"Khalid & Normani - Love Lies","184","30","","929,718","0"
"Sam Smith - Diamonds","152","12","","927,723","0"
"Bad Bunny - WHERE SHE GOES","205","8","","927,248","264"
"Olivia Rodrigo - traitor","163","13","","926,923","0"
"Lil Tecca - Ransom","125","14","","926,857","0"
"Lil Dicky - Freaky Friday","140","20","","925,614","0"
"NILETTO - Любимка","260","69","","923,938","0"
"Billie Eilish - all the good girls go to hell","143","3","(x5)","923,622","0"
"L2B - Pélican","252","46","","923,618","1,003"
"Joel Corry & Jax Jones - OUT OUT","174","18","","922,310","0"
"Coolio - Gangsta's Paradise","60","4","","922,174","105"
"Alesso & Zara Larsson - Words","186","23","","921,466","0"
"PASHANIM - Ms. Jackson","235","32","","920,385","0"
"Lewis Capaldi - Hold Me While You Wait","237","49","","920,073","0"
"Aya Nakamura - Jolie nana","224","29","","919,852","0"
"Olivia Dean - Nice To Each Other","269","34","","919,453","2,611"
"Fleetwood Mac - Everywhere","31","96","","919,307","811"
"Doja Cat - Streets","121","7","","918,749","0"
"RnBoi - MON BÉBÉ","189","24","","917,434","4,400"
"Jax Jones, Martin Solveig & Madison Beer - All Day and Night","153","19","","917,255","0"
"A.V.G & MACAN - Спой","269","61","","915,934","18"
"Ramz - Barking","205","45","","913,409","0"
"KAROL G & Shakira - TQG","182","34","","912,482","304"
"Icegergert & SKY RAE - Наследство","322","55","","912,244","1,115"
"Daddy Yankee - Dura","218","33","","911,676","0"
"Tate McRae - Revolving door","155","7","","911,065","0"
"Ninho - Eurostar","195","31","","909,620","0"
"THE SCOTTS, Travis Scott & Kid Cudi - THE SCOTTS","91","3","(x4)","908,610","0"
"Cardi B - Up","119","7","","908,587","0"
"Måneskin - SUPERMODEL","163","11","","907,045","0"
"Charli xcx & Billie Eilish - Guess","108","2","(x3)","902,630","0"
"Ninho & Niska - Coco","200","38","","902,209","515"
"Dadju & Tayc - I love you","222","32","","902,206","0"
"Benson Boone - Mystical Magical","207","19","","900,585","123"
"Lost Frequencies & Zonderling - Crazy","246","35","","897,901","0"
"Xcho & MACAN - Memories","58","96","","897,556","19"
"Chris Brown & Young Thug - Go Crazy","202","30","","896,219","0"
"Rammstein - DEUTSCHLAND","153","13","","894,478","28"
"Geolier - CHIAGNE","152","90","","893,619","0"
"Lana Del Rey - Summertime Sadness","66","100","","893,270","432"
"Capo Plaza - Capri Sun","204","96","","892,579","369"
"J Balvin, Dua Lipa, Bad Bunny & Tainy - UN DIA","181","21","","890,257","0"
"Kygo & Imagine Dragons - Born to Be Yours","143","14","","889,827","0"
"Drake - Signs","118","14","","889,797","0"
"Bouss - Ça parle mal","232","56","","888,420","269"
"Nicki Minaj & Ice Spice - Barbie World","101","2","(x2)","887,513","0"
"GAULOIS - Jolie","279","38","","884,542","0"
"Kygo & Miguel - Remind Me to Forget","172","24","","882,318","0"
"Sabrina Carpenter - Bed Chem","255","27","","881,723","0"
"Cesare Cremonini - Ora che non ho più te","280","89","","880,726","395"
"Travis Scott & HVME - Goosebumps","179","21","","877,618","0"
"Surfaces - Sunday Best","150","23","","877,583","0"
"CHRYSTAL & NOTION - The Days","226","28","","876,984","0"
"Oxlade - KU LO SA - A COLORS SHOW","141","8","","876,318","0"
"Kendrick Lamar - tv off","135","3","(x1)","876,047","0"
"Harry Styles - Aperture","99","2","(x6)","874,264","2,007"
"Miyagi & Andy Panda - Kosandra","106","78","","874,128","4"
"Ava Max - My Head & My Heart","170","17","","872,728","0"
"Eminem - Lucky You","90","2","(x8)","872,303","0"
"Martin Garrix - Ocean","139","12","","870,119","0"
"SIENNA SPIRO - Die On This Hill","170","16","","869,452","2,068"
"Robin Schulz & Dennis Lloyd - Young Right Now","272","42","","869,326","0"
"Taylor Swift - I Can Do It With a Broken Heart","160","6","","869,320","0"
"Jakone - Дорога дальняя","177","93","","866,386","240"
"Kungs - Never Going Home","158","23","","866,136","0"
"The Weeknd - Heartless","125","4","","866,132","87"
"Lazza - 100 MESSAGGI","199","57","","865,768","193"
"James Arthur - Naked","133","19","","864,658","0"
"Korol I Shut - Кукла колдуна","173","117","","862,583","649"
"Rag'n'Bone Man - Human","217","43","","862,128","0"
"Miksu / Macloud & T-Low - Sehnsucht","210","32","","862,004","0"
"Werenoi - Poney","328","30","","861,505","1,275"
"The Weeknd - I Feel It Coming","161","44","","860,783","0"
"Rihanna - We Found Love","92","16","","860,442","533"
"Sia & David Guetta - Floating Through Space","212","36","","860,000","0"
"Billie Eilish - wish you were gay","103","6","","859,717","0"
"Gracie Abrams - I Love You, I'm Sorry","190","19","","858,052","0"
"Britney Spears - My Only Wish","189","26","","857,658","0"
"HUNTR/X, EJAE, AUDREY NUNA, REI AMI & KPop Demon Hunters Cast - Takedown","117","9","","857,422","0"
"Camila Cabello - My Oh My","147","19","","856,867","0"
"Jul - Il pleut des balles","121","55","","855,909","858"
"Taylor Swift - willow","100","1","(x2)","854,727","0"
"Ava Max - So Am I","165","18","","853,925","0"
"Kygo & Ava Max - Whatever","205","20","","853,767","0"
"Camila Cabello - Never Be the Same","152","13","","853,614","0"
"VIZE & Tom Gregory - Never Let Me Down","225","43","","852,763","0"
"Central Cee & Lil Baby - BAND4BAND","115","8","","852,006","0"
"Drake - Massive","99","3","(x2)","848,554","0"
"Bonez MC & Raf Camora - Ohne mein Team","3","191","","845,716","0"
"Apache 207 - Bläulich","194","31","","844,414","0"
"Dadju - Bob Marley","250","59","","841,379","0"
"YG Marley - Praise Jah In the Moonlight","109","6","","841,049","0"
"Myles Smith - Nice To Meet You","212","25","","841,027","0"
"Alleh & Yorghaki - capaz","224","77","","840,653","537"
"Khalid - Talk","177","25","","840,304","0"
"Geolier - IL MALE CHE MI FAI","187","96","","838,820","158"
"Shirin David - Bauch Beine Po","202","32","","838,678","0"
"AYLIVA - Sie weiß","210","28","","838,627","0"
"Tom Grennan - Little Bit of Love","260","48","","838,367","0"
"Coldplay - Christmas Lights","204","16","","838,345","0"
"Bad Bunny & ROSALÍA - LA NOCHE DE ANOCHE","71","59","","836,917","893"
"Maes - Dybala","219","42","","836,641","0"
"George Ezra - Paradise","186","52","","834,570","0"
"Jason Derulo & David Guetta - Goodbye","124","16","","833,846","0"
"R2 - RUINART","218","33","","833,610","1,026"
"Heuss L'enfoiré - Saiyan","218","40","","831,777","0"
"LINKIN PARK - Heavy Is the Crown","129","6","","831,331","0"
"Drake & 21 Savage - Rich Flex","115","1","(x4)","831,024","0"
"Hugh Jackman, Keala Settle, Zac Efron, Zendaya & The Greatest Showman Ensemble - The Greatest Show","149","52","","828,224","0"
"Sam Fender - Seventeen Going Under","138","109","","827,133","0"
"Imagine Dragons - Follow You","198","26","","826,006","0"
"Zoe Wees - Control","252","37","","825,450","0"
"Fred De Palma - Una volta ancora","200","86","","824,966","0"
"Robin Schulz - Speechless","202","37","","824,439","0"
"XOLIDAYBOY - Мания","94","131","","822,647","165"
"Tiësto, Jonas Blue & Rita Ora - Ritual","158","22","","822,121","0"
"Leto - Macaroni","105","38","","820,210","268"
"Jorja Smith - Be Honest","185","28","","819,774","0"
"Dadju - Reine","198","51","","819,482","0"
"Shawn Mendes - Wonder","126","14","","817,405","0"
"Young Thug - The London","131","9","","816,189","0"
"reezy - SABÍA QUE NO","234","34","","815,882","431"
"Drake - NOKIA","143","15","","814,685","0"
"Imagine Dragons - Bones","199","28","","814,433","0"
"Rauw Alejandro - Todo De Ti","155","52","","813,105","178"
"Drake - Jimmy Cooks","129","5","","812,673","41"
"SDM & Hamza - TOKA","214","35","","811,301","116"
"Dermot Kennedy - Outnumbered","175","39","","810,514","0"
"Sigala & Paloma Faith - Lullaby","161","30","","809,487","0"
"ZEG P - FADE UP","188","31","","808,813","0"
"blackbear - hot girl bummer","146","15","","808,785","0"
"Bonez MC - Angeklagt","137","33","","807,962","0"
"Niska - Médicament","213","45","","807,238","0"
"David Guetta & OneRepublic - I Don't Wanna Wait","175","28","","807,185","0"
"Гуф & Murovei - Ураган","83","112","","806,582","0"
"Khalid - Better","155","26","","806,045","0"
"Леша Свик - Малиновый свет","237","108","","805,631","0"
"Мальбэк - Гипнозы","229","86","","802,819","0"
"Три дня дождя - Отпускай","69","133","","801,773","0"
"Ramil' - Сон","136","61","","801,442","0"
"T-Fest - Улети","226","73","","801,396","0"
"Ali Gatie - It's You","148","22","","800,307","0"
"Ninho - Putana","137","56","","799,854","0"
"Favé - Flashback","217","30","","799,802","0"
"Justin Bieber - Hold On","90","2","(x4)","799,384","0"
"Bleu Soleil & LUIZA - Soleil Bleu","201","32","","799,035","1,091"
"Taylor Swift - Elizabeth Taylor","80","2","(x2)","797,251","139"
"Rudimental - Sun Comes Up","151","29","","797,034","0"
"SZA - Snooze","119","58","","796,881","21"
"MATRANG - Медуза","216","75","","796,308","0"
"Juju - Vermissen","162","36","","796,243","0"
"Marshmello - Here With Me","122","16","","793,815","0"
"Lady Gaga - Bloody Mary","119","10","","793,708","0"
"George Ezra - Green Green Grass","266","41","","792,317","0"
"BLANCO - Notti In Bianco","224","96","","789,492","0"
"Soolking & Niska - Balader","225","36","","788,605","0"
"Akmal' - Из-за тебя","101","76","","788,109","295"
"Gazo - NANANI NANANA","141","34","","787,721","260"
"Drake - Fair Trade","73","6","","786,941","427"
"Radiohead - Creep","241","46","","785,878","913"
"Gazo - MAUVAIS 2X","269","37","","785,858","0"
"Basta & Zivert - неболей","--","224","","785,330","0"
"Katy Perry - Never Really Over","98","4","","782,148","0"
"Gradur - Ne reviens pas","189","30","","781,771","0"
"The Chainsmokers - Sick Boy","122","22","","780,231","0"
"Rose Villain - COME UN TUONO","213","76","","778,331","112"
"Maes - Fetty Wap","185","44","","776,523","140"
"James Arthur - Train Wreck","140","24","","776,492","0"
"Miyagi & Andy Panda - Brooklyn","20","111","","775,100","5"
"Little Mix - Woman Like Me","107","8","","774,923","0"
"The Limba & Andro - X.O","167","66","","773,852","0"
"Ozuna - Se Preparó","--","218","","772,918","428"
"BlocBoy JB - Look Alive","109","21","","771,255","0"
"Eartha Kitt - Santa Baby","169","7","","770,608","0"
"Guè - Brivido","16","158","","770,586","866"
"Lazza & Sfera Ebbasta - PIOVE","68","82","","770,301","243"
"Drake - Way 2 Sexy","84","5","","768,341","12"
"Ray Dalton & Alvaro Soler - Manila","231","33","","767,004","0"
"Maes - Distant","189","41","","764,980","0"
"Lil Uzi Vert - XO TOUR Llif3","155","40","","763,500","0"
"Pinguini Tattici Nucleari - Giovani Wannabe","216","91","","762,714","0"
"Ofenbach - Be Mine","135","30","","761,758","0"
"CKay - Emiliana","237","29","","761,415","0"
"NILETTO, Oleg Miami & Lesha Svik - Не вспоминай","272","74","","761,353","0"
"AYLIVA - Hässlich","188","33","","760,132","0"
"Migos - Walk It Talk It","137","5","","760,045","0"
"Dermot Kennedy - Kiss Me","232","31","","759,588","0"
"Burna Boy - For My Hand","175","22","","758,889","0"
"Aya Nakamura - 40%","218","50","","758,494","0"
"Bing Crosby - White Christmas","168","18","","756,407","0"
"Бонд с кнопкой - Кухни","265","51","","756,280","861"
"Nicky Youre & Dazy - Sunroof","173","29","","755,159","0"
"Taylor Swift - ME","89","3","(x8)","754,981","0"
"Carbonne - Imagine","173","38","","753,841","0"
"S1mba - Rover","177","29","","750,989","0"
"Lukas Graham - Love Someone","199","37","","750,947","0"
"Taylor Swift - Shake It Off","113","11","","750,677","0"
"Ваня Дмитриенко - Шёлк","273","52","","750,461","2,013"
"Элджей - Минимал","232","96","","749,676","0"
"James Hype - More Than Friends","236","59","","748,921","0"
"Lazza - MOLOTOV","107","103","","748,818","0"
"MACAN & SCIRENA - IVL","171","67","","748,307","10"
"Dua Lipa - We're Good","120","10","","746,691","0"
"Travis Scott - STARGAZING","74","2","(x3)","746,644","0"
"AC/DC - Thunderstruck","1","184","","745,811","664"
"DJ Robin & Schürze - Layla","166","27","","744,684","0"
"Werenoi - Ciao","130","36","","744,533","293"
"Pinguini Tattici Nucleari - Ridere","--","227","","743,475","127"
"Maes - Blanche","217","38","","742,547","0"
"LA Vision & Gigi D'Agostino - Hollywood","157","40","","742,233","0"
"Timal & Gazo - Filtré","226","39","","741,681","0"
"Miyagi & Эндшпиль - In Love","152","102","","740,668","30"
"Eliza Rose & Interplanetary Criminal - B.O.T.A.","165","18","","739,717","0"
"Sam Fender & Olivia Dean - Rein Me In","241","42","","738,885","4,139"
"Stormzy - Vossi Bop","158","29","","738,715","0"
"Shawn Mendes - When You're Gone","160","11","","736,688","0"
"Camila Cabello - Liar","143","19","","735,759","0"
"21 Savage - redrum","89","3","(x1)","735,675","0"
"Wallem - Харизма","192","66","","735,595","0"
"Dua Lipa - Illusion","134","8","","735,487","0"
"Summer Cem & Bausa - Casanova","159","47","","735,076","0"
"Megan Thee Stallion - Savage","90","10","","735,003","0"
"Maluma - Felices los 4","204","60","","734,511","0"
"Jul - Sous la lune","217","43","","734,020","568"
"Summer Cem - Tamam Tamam","176","61","","733,958","0"
"Salmo - IL CIELO NELLA STANZA","173","101","","733,715","0"
"Dua Lipa - Love Again","173","23","","733,312","6"
"HATIK - Angela","177","50","","733,280","0"
"Navai & MONA - Есенин","124","151","","732,872","375"
"Joé Dwèt Filé - 4 Kampé","196","42","","732,740","101"
"Lil Tjay & 6LACK - Calling My Phone","99","5","","732,141","0"
"Mary Gu - Не влюбляйся","156","85","","732,032","0"
"Jimin - Be Mine","241","104","","730,981","70"
"Raf Camora - Primo","170","43","","730,407","0"
"Post Malone - Congratulations","214","52","","730,000","0"
"Nico Santos - Rooftop","193","45","","728,760","0"
"The Police - Every Breath You Take","133","20","","728,555","2,799"
"Тима Белорусских - Витаминка","183","75","","728,539","0"
"Future - Mask Off","148","27","","727,840","0"
"Shawn Mendes - Youth","87","8","","726,990","0"
"MACAN - Без названия","51","99","","724,281","60"
"Black Eyed Peas & J Balvin - RITMO","139","26","","724,143","0"
"Future - WAIT FOR U","115","7","","723,798","8"
"KAMRAD - I Believe","224","55","","723,029","0"
"Takagi & Ketra - Amore e Capoeira","194","63","","722,761","0"
"Slade - Merry Xmas Everybody","211","41","","722,311","0"
"Switch Disco & Ella Henderson - REACT","198","42","","720,936","0"
"Coldplay, Little Simz, Burna Boy, Elyanna & TINI - WE PRAY","128","5","","720,067","0"
"Nono La Grinta - Paris","214","41","","720,035","1,149"
"Burna Boy - City Boys","129","15","","717,798","0"
"Miyagi & Эндшпиль - Люби меня","--","308","","717,305","20"
"Coldplay - Fix You","42","42","","716,872","0"
"MACE, BLANCO & Salmo - LA CANZONE NOSTRA","127","101","","716,042","0"
"The Weeknd - Sacrifice","77","1","(x5)","715,437","0"
"Guy2Bezbar - Monaco","177","50","","715,275","281"
"Miksu / Macloud & makko - Nachts wach","156","28","","714,839","0"
"Bad Bunny & Jhayco - DÁKITI","96","11","","714,634","2,633"
"Shane Codd - Get Out My Head","186","50","","714,020","0"
"MORGENSHTERN - Последняя Любовь","148","56","","713,917","0"
"Jonasu - Black Magic","147","55","","713,813","0"
"The Carters - APESHIT","87","4","","713,409","0"
"Capital Bra - Melodien","171","46","","712,913","0"
"Maggie Lindemann - Pretty Girl","100","32","","712,032","0"
"KeBlack - Boucan","154","47","","711,380","0"
"Bad Bunny & Chencho Corleone - Me Porto Bonito","34","40","","711,155","694"
"Dadju - Grand bain","161","46","","710,955","0"
"Ernia - Superclassico","210","112","","710,655","0"
"Robin Schulz & Wes - Alane","134","25","","710,135","0"
"Jain - Makeba","115","6","","709,781","0"
"Tate McRae - exes","147","10","","709,747","0"
"Marracash & Guè - ∞ LOVE","109","92","","709,432","0"
"MONA - Иордан","283","77","","708,919","1,244"
"Marracash - CRAZY LOVE","88","102","","707,714","225"
"Lomepal - Trop beau","155","44","","707,648","0"
"Lauv & Troye Sivan - i'm so tired...","145","24","","707,217","0"
"Samra & Capital Bra - Wieder Lila","119","27","","707,121","0"
"AVA, ANNA & Capo Plaza - VETRI NERI","203","84","","706,610","0"
"Drillionaire, Lazza & BLANCO - BON TON","218","81","","706,594","0"
"Zac Efron & Zendaya - Rewrite the Stars","113","55","","706,253","0"
"Nono La Grinta - LOVE YOU","181","37","","705,984","3,371"
"Bad Bunny & Bomba Estéreo - Ojitos Lindos","3","177","","704,986","658"
"Gazzelle - Destri","157","107","","704,397","0"
"AY YOLA - Homay","226","58","","704,228","597"
"Ziv Zaifman, Hugh Jackman & Michelle Williams - A Million Dreams","120","64","","703,289","0"
"5UTRA - Давай сбежим","287","70","","703,021","0"
"MONA & MACAN - Город дорог","171","79","","702,807","209"
"Niska - Salé","163","47","","702,323","0"
"Young T & Bugsey - Don't Rush","179","41","","701,516","0"
"Dadju - Jaloux","146","49","","701,445","0"
"Dermot Kennedy - Giants","123","37","","700,129","0"
"Lauv - I Like Me Better","193","48","","699,736","0"
"Martin Garrix - Summer Days","146","27","","699,423","0"
"GAYAZOV$ BROTHER$ - Увезите меня на Дип-хаус","166","66","","698,342","0"
"Sido - Tausend Tattoos","141","34","","696,744","0"
"Ваня Дмитриенко - Венера-Юпитер","137","69","","696,363","218"
"Khalid & Disclosure - Know Your Worth","155","25","","696,301","0"
"Dominic Fike - Babydoll","74","8","","694,645","9,802"
"CNCO & Little Mix - Reggaetón Lento","108","29","","693,777","0"
"Султан Лагучев - Горький вкус","142","76","","692,224","0"
"¥$, Kanye West & Ty Dolla $ign - CARNIVAL","69","4","","691,190","0"
"KeBlack - Mood","189","43","","690,921","182"
"CamelPhat & Elderbrook - Cola","151","48","","690,810","0"
"David Guetta - Don't Leave Me Alone","92","15","","688,507","0"
"Mahmood - Soldi","153","7","","687,885","0"
"Мальбэк - Равнодушие","162","94","","687,729","0"
"Mahmood & BLANCO - Brividi","142","28","","687,690","0"
"Joel Corry - Lonely","176","41","","687,114","0"
"Wes Nelson & Yxng Bane - Nice To Meet Ya","157","21","","686,236","0"
"Maluma - Hawái","143","57","","685,591","0"
"Eminem - The Real Slim Shady","105","75","","685,528","0"
"Harry Styles - Lights Up","98","6","","684,531","0"
"Finesse - Gelosa","237","99","","684,515","0"
"Naps - 6.3","183","41","","684,404","129"
"Zola - Amber","183","28","","684,274","0"
"Chris Brown - Questions","117","28","","684,162","0"
"Damso - Impardonnable","171","24","","683,510","150"
"Polo G - RAPSTAR","101","7","","683,453","0"
"MARKUL & Oxxxymiron - Fata Morgana","224","78","","683,298","0"
"Lazza & Takagi & Ketra - PANICO","117","110","","682,247","0"
"Feid & ATL Jacob - LUNA","--","203","","682,149","201"
"MERO - Baller los","139","32","","681,525","0"
"Tiakola - Atasanté","127","31","","681,212","0"
"Queen - Another One Bites the Dust","28","74","","681,178","71"
"XOLIDAYBOY - Океаны","29","150","","681,120","305"
"BLANCO - Finché Non Mi Seppelliscono","234","103","","680,524","0"
"Zara Larsson - Can't Tame Her","189","35","","680,422","156"
"Lil Mosey - Blueberry Faygo","135","26","","679,923","0"
"SHAED & ZAYN - Trampoline","179","33","","679,677","0"
"Ellie Goulding, Diplo & Swae Lee - Close to Me","128","26","","678,668","0"
"Werenoi - Maudit","183","31","","678,533","0"
"GIMS - AIR FORCE BLANCHE","180","31","","678,360","474"
"KAZKA - ПЛАКАЛА","185","72","","678,082","0"
"Coi Leray - Players","133","18","","677,342","0"
"KeBlack - LAISSE MOI","221","35","","677,184","0"
"Lauren Spencer-Smith - Fingers Crossed","120","12","","676,071","0"
"Capo Plaza - Tesla","203","100","","674,844","0"
"RAF Camora & Luciano - 2CB","99","33","","674,574","0"
"Taylor Swift - Blank Space","125","5","","674,222","0"
"Dabro - Юность","206","84","","673,551","0"
"John Legend - All of Me","7","82","","672,762","0"
"Stromae - L’enfer","126","16","","672,383","0"
"Capital Bra - One Night Stand","127","43","","672,234","0"
"Luude - Down Under","160","22","","671,356","0"
"AJ Tracey - Ladbroke Grove","120","93","","671,029","0"
"Sfera Ebbasta & Shiva - NEON","232","66","","670,681","849"
"Benji & Fede - Dove e quando","163","76","","670,391","0"
"Rauw Alejandro - DILUVIO","--","248","","669,908","485"
"Bramsito - Sale mood","155","57","","669,848","0"
"Koba LaD & Gazo - Daddy chocolat","144","46","","669,765","0"
"GAYAZOV$ BROTHER$ - До встречи на танцполе","171","90","","669,574","0"
"Ninho - Zipette","125","42","","669,118","0"
"Victor Leksell - Svag","--","230","","668,661","49"
"Jonas Brothers - Like It's Christmas","159","29","","668,488","0"
"Taylor Swift - Down Bad","97","3","(x2)","668,331","0"
"Sonny Fodera & MK - Asking","252","62","","667,892","0"
"Billie Eilish - Your Power","89","3","(x6)","667,120","0"
"Damso - Γ. Mosaïque solitaire","50","96","","666,544","224"
"Dua Lipa - Be the One","26","146","","665,949","410"
"Damso & Kalash - Alpha","148","39","","665,283","0"
"Marshmello & Halsey - Be Kind","125","24","","664,068","0"
"James Arthur & Anne-Marie - Rewrite the Stars","108","17","","663,617","0"
"Женя Трофимов & Комната культуры - Привет","132","126","","663,105","785"
"Taylor Swift - Lavender Haze","94","3","(x2)","662,977","0"
"Kings of Leon - Sex on Fire","--","278","","662,857","649"
"Marco Borsato, Armin van Buuren & Davina Michelle - Hoe Het Danst","160","116","","662,263","0"
"Big Baby Tape & kizaru - Million","197","67","","661,562","0"
"Alex Warren - Eternity","172","9","","661,076","123"
"АИГЕЛ - Пыяла","187","47","","660,965","0"
"Alan Walker, Noah Cyrus & Digital Farm Animals - All Falls Down","171","49","","660,905","0"
"Jul - Namek","91","48","","659,291","480"
"Apache 207 - Fame","126","37","","658,928","0"
"Gazo - CELINE 3X","174","38","","658,826","0"
"Fousheé - Deep End","146","24","","658,741","0"
"Drake - Girls Want Girls","85","4","","658,643","5"
"Bad Bunny - EoO","115","7","","657,729","321"
"Martin Garrix & Troye Sivan - There For You","105","20","","657,072","0"
"Tayc - Le temps","179","33","","656,945","0"
"Justin Bieber - YUKON","136","11","","655,479","2,686"
"Carolina Gaitán - La Gaita, Mauro Castillo, Adassa, Rhenzy Feliz, Diane Guerrero, Stephanie Beatriz & Encanto - Cast - We Don't Talk About Bruno","124","16","","654,907","0"
"Taylor Swift - Style","151","2","(x1)","653,420","0"
"Katy Perry - Swish Swish","142","30","","653,080","0"
"Ultimo - Pianeti","27","161","","652,002","0"
"David Guetta - Memories","73","82","","649,605","2,416"
"Hailee Steinfeld & Alesso - Let Me Go","169","41","","649,047","0"
"Alonzo - La Seleçao","173","36","","648,588","0"
"Gambi - Popopop","153","31","","648,173","0"
"HammAli & Navai - А если это любовь","122","75","","647,472","13"
"Ed Sheeran - Take Me Back to London","130","15","","646,536","0"
"Nat ""King"" Cole - The Christmas Song","144","15","","643,115","0"
"KitschKrieg - Standard","148","48","","642,909","0"
"Koba LaD & Naps - Doudou","204","57","","642,708","0"
"Lazza - USCITO DI GALERA","228","94","","642,322","0"
"Vegedream - Elle est bonne sa mère","162","51","","642,253","0"
"Martin Solveig - All Stars","151","45","","642,157","0"
"PNL - Au DD","121","31","","640,783","0"
"Jul - Phénoménal","160","37","","640,092","851"
"Dove Cameron - Boyfriend","90","8","","639,757","0"
"Feduk - Моряк","192","82","","639,366","0"
"Wizzard - I Wish It Could Be Christmas Everyday","217","73","","639,346","0"
"KeBlack - Melrose Place","165","46","","639,313","324"
"Rhove - Shakerando","197","65","","638,728","0"
"David Guetta, Martin Garrix & Brooks - Like I Do","120","30","","638,679","0"
"Bad Bunny - MONACO","121","13","","638,122","33"
"Моя Мишель - Зима в сердце","34","103","","636,195","205"
"Marracash - CRUDELIA - I nervi","2","163","","635,236","416"
"Niska - Adriano","160","41","","634,182","373"
"Shablo, Geolier & Sfera Ebbasta - M' manc","139","101","","632,826","0"
"DripReport - Skechers","114","23","","632,684","0"
"Taylor Swift - Is It Over Now","115","6","","632,302","0"
"Paul Woolford, Diplo & Kareen Lomax - Looking for Me","192","74","","631,894","0"
"Maes - Madrina","145","68","","631,256","0"
"Becky Hill & Topic - My Heart Goes","188","30","","631,075","0"
"10AGE - Пушка","122","78","","631,009","0"
"Aarne, BUSHIDO ZHO & ANIKV - Тесно","168","57","","630,930","0"
"Монеточка - Каждый раз","200","103","","630,551","0"
"Loren Allred - Never Enough","83","65","","630,477","0"
"Lady Gaga - The Dead Dance","80","3","(x9)","630,455","0"
"Joost - Europapa","163","12","","630,408","0"
"Viktor Sheen - Až na měsíc","--","517","","630,089","318"
"Future, Metro Boomin, Travis Scott & Playboi Carti - Type Shit","148","6","","630,052","0"
"Geolier & Ultimo - L'ULTIMA POESIA","114","67","","629,223","247"
"Ed Sheeran - 2step","145","17","","628,884","0"
"Burak Yeter - Tuesday","130","41","","628,883","0"
"Frank Sinatra - Let It Snow Let It Snow Let It Snow","158","13","","628,651","0"
"Sido & Apache 207 - 2002","108","32","","628,246","0"
"Loboda - SuperSTAR","162","90","","628,137","0"
"Franglish - My Salsa","111","56","","627,253","0"
"Charlie Puth - Light Switch","137","22","","627,210","0"
"Myke Towers - LALA","131","38","","626,041","0"
"Shouse & David Guetta - Love Tonight","112","26","","625,922","0"
"Dave - Starlight","105","10","","625,091","0"
"Tion Wayne X Russ Millions - Body","86","9","","624,460","0"
"Jamule - Liege wieder wach","127","31","","624,331","0"
"Calvin Harris & Sam Smith - Desire","120","20","","623,735","0"
"Naps - Best life","161","46","","623,659","0"
"Rumi, JINU, EJAE, Andrew Choi & KPop Demon Hunters Cast - Free","122","18","","623,468","0"
"Beéle - no tiene sentido","171","76","","623,327","851"
"Werenoi - Chemin d'or","99","68","","622,902","0"
"ROSALÍA, Björk & Yves Tumor - Berghain","76","3","(x7)","622,544","386"
"Ariana Grande & Social House - Boyfriend","78","5","","622,493","0"
"Ninho - Fendi","50","65","","621,197","0"
"Frank Sinatra - Santa Claus Is Comin' to Town","142","26","","620,583","0"
"Taylor Swift - Father Figure","55","4","","620,401","0"
"PinkPantheress & Ice Spice - Boy's a liar Pt. 2","53","2","(x17)","620,206","0"
"Marco Mengoni - Due Vite","122","27","","620,045","0"
"Future, Metro Boomin & Kendrick Lamar - Like That","96","3","(x4)","619,340","0"
"kizaru & Icegergert - Fake ID","212","55","","617,390","22"
"Dave & Tiakola - Meridian","140","27","","616,903","0"
"Maroon 5 & Megan Thee Stallion - Beautiful Mistakes","154","19","","616,178","0"
"Ninho & Ayra Starr - No love","115","39","","615,984","255"
"Gabry Ponte, LUM!X & Prezioso - Thunder","114","41","","615,708","0"
"Djadja & Dinaz - J'fais mes affaires","--","238","","615,150","614"
"Kaleo - Way Down We Go","161","60","","614,964","0"
"Zedd & Alessia Cara - Stay","106","35","","614,650","0"
"Aya Nakamura - La dot","142","46","","614,215","0"
"Баста - Выпускной","--","201","","614,195","0"
"VEN1 - Hakayet","151","64","","613,825","0"
"Ninho - Vérité","161","33","","612,894","0"
"Geolier - X CASO","136","82","","612,427","0"
"Адлер Коцба & Timran - Запах моей женщины","185","83","","612,331","0"
"Rkomi, Sfera Ebbasta & Junior K - NUOVO RANGE","154","101","","612,003","0"
"A.V.G - Я плачу","174","68","","611,558","0"
"Benson Boone - In The Stars","174","21","","611,549","0"
"Rocco Hunt & Ana Mena - A un passo dalla luna","138","81","","610,977","0"
"twocolors - Heavy Metal Love","179","68","","609,811","0"
"Jubël - Dancing in the Moonlight","141","45","","609,808","0"
"OneRepublic - Rescue Me","171","32","","609,380","0"
"Bausa & Apache 207 - Madonna","130","40","","609,376","0"
"Rocco Hunt - Ti volevo dedicare","146","103","","609,238","0"
"Apache 207 - Wieso tust Du dir das an","121","32","","609,085","0"
"Alex Warren - FEVER DREAM","64","14","","608,952","9,716"
"Fleetwood Mac - The Chain","--","203","","608,547","696"
"Måneskin - Torna a casa","143","98","","608,376","0"
"Taylor Swift - cardigan","54","4","","607,880","0"
"A Boogie wit da Hoodie - Look Back at It","156","72","","607,832","0"
"JONY - Ты пари","80","78","","607,150","167"
"Stromae - Santé","160","20","","606,969","0"
"BTS - SWIM","43","1","(x11)","606,020","8,252"
"Tiësto & KAROL G - Don't Be Shy","155","38","","605,931","0"
"Post Malone - I Fall Apart","153","76","","605,722","0"
"Jony - Аллея","164","106","","605,241","0"
"Frank Ocean - Lost","102","18","","604,914","0"
"Sigala & Ella Eyre - Came Here For Love","127","47","","604,676","0"
"Ultimo - I tuoi particolari","114","91","","604,413","0"
"Ed Sheeran - Photograph","7","162","","604,017","6"
"Tommy Cash - Espresso Macchiato","99","4","","603,925","0"
"KAROL G - PROVENZA","105","111","","603,729","0"
"CYGO - Panda E","180","80","","603,083","0"
"Дима Билан - Держи","180","119","","602,316","0"
"Miley Cyrus - Malibu","97","26","","602,205","0"
"RAF Camora & Ski Aggu - Liebe Grüsse","145","28","","602,162","0"
"The Black Eyed Peas - Rock That Body","105","9","","601,976","18"
"Franglish - Position","176","42","","601,784","0"
"KASIMIR1441, badmómzjay & WILDBWOYS - Ohne Dich","119","36","","601,604","0"
"Geolier - COME VUOI","123","101","","601,054","0"
"Dadju - Compliqué","200","36","","600,353","0"
"Coldplay - Adventure of a Lifetime","56","100","","600,289","30"
"Lil Peep & XXXTENTACION - Falling Down","58","4","","599,645","0"
"Coez - È sempre bello","117","104","","599,376","0"
"Trinidad Cardona - Dinero","84","11","","599,242","0"
"Jul - Toto et Ninetta","87","85","","599,083","114"
"Kelly Clarkson & Ariana Grande - Santa, Can't You Hear Me","145","21","","598,971","0"
"Jax Jones & Calum Scott - Whistle","172","30","","597,626","0"
"Koba laD - RR 9.1","172","56","","597,000","0"
"Little Mix - Sweet Melody","145","32","","595,085","0"
"Calvin Harris - Slide","92","18","","594,360","23"
"Mabel - Mad Love","127","29","","593,962","0"
"Jack Harlow - WHATS POPPIN","146","36","","593,509","0"
"Gesaffelstein & The Weeknd - Lost in the Fire","76","9","","593,166","0"
"The Weeknd - After Hours","70","6","","592,969","15"
"Belters Only & Jazzy - Make Me Feel Good","212","57","","592,590","0"
"Central Cee - Obsessed With You","152","29","","591,913","0"
"BEARWOLF - Валькирия","124","136","","590,925","1,517"
"PASHANIM & Ceren - Shabab(e)s im VIP","149","28","","590,887","545"
"Demi Lovato - Sorry Not Sorry","139","37","","590,558","0"
"Khalid - Young Dumb & Broke","155","50","","590,526","0"
"Męskie Granie Orkiestra 2021 - I Ciebie też, bardzo","--","482","","590,381","0"
"Ultimo - Cascare nei tuoi occhi","159","118","","590,264","0"
"Moya Mishel - Зима в сердце","188","54","","589,744","0"
"Tones And I - Fly Away","167","54","","589,689","0"
"Gemitaiz - Davide","166","106","","589,561","0"
"Zara Larsson & David Guetta - On My Love","189","44","","588,617","0"
"Olivia Rodrigo - bad idea right","80","6","","588,230","0"
"L2B - Tout Pour L'équipe","138","58","","587,309","595"
"P!nk - Walk Me Home","103","11","","586,684","0"
"Daryl Hall & John Oates - Jingle Bell Rock","166","29","","586,583","0"
"Drake - Rich Baby Daddy","130","15","","586,071","0"
"Luca-Dante Spadafora, Niklas Dee, Octavian, Peter Plate & Ulf Leo Sommer - Mädchen auf dem Pferd","151","52","","585,817","0"
"Miyagi & Andy Panda - Yamakasi","19","101","","585,219","0"
"Anuel AA & Bad Bunny - Hasta Que Dios Diga","10","179","","584,618","315"
"Quevedo - Columbia","150","83","","584,590","0"
"MACAN & A.V.G - Привыкаю","181","81","","584,209","0"
"Ozuna - Vaina Loca","160","111","","583,391","0"
"ELMAN - С неба","224","74","","582,646","591"
"Soolking - Tour du monde","233","62","","582,350","1,062"
"GUMA - Стеклянная","124","63","","582,063","0"
"El Profesor - Bella Ciao","134","59","","581,049","0"
"Harry Styles - American Girls","57","1","(x6)","581,046","5,582"
"Werenoi - Scarface","140","119","","580,490","1,746"
"Rauw Alejandro - Cúrame","--","230","","580,129","0"
"Мот - Капкан","--","270","","579,880","195"
"Damso - Feu de bois","115","39","","579,542","0"
"Natti Natasha & Ozuna - Criminal","110","158","","578,946","0"
"Icegergert & Zivert - БАНК","197","57","","578,673","2,639"
"Imagine Dragons - Wrecked","147","60","","578,449","0"
"Ava Max - Who's Laughing Now","131","41","","577,879","0"
"Werenoi, Damso & Ninho - Triple V","73","26","","577,609","367"
"Kygo & Rita Ora - Carry On","99","17","","577,114","0"
"Joji - Glimpse of Us","108","11","","576,828","0"
"Becky G & Natti Natasha - Sin Pijama","170","52","","576,792","0"
"Cream Soda - Никаких больше вечеринок","112","156","","576,087","0"
"Capital Bra - Benzema","126","34","","575,349","0"
"Slimane - Mon amour","102","10","","574,916","0"
"French Montana - No Stylist","116","19","","574,830","0"
"Pinguini Tattici Nucleari - Scrivile Scemo","11","152","","574,315","0"
"John Lennon, Yoko Ono & The Plastic Ono Band - Happy Xmas","117","6","","574,139","0"
"Bad Bunny & Tainy - Callaita","99","78","","574,082","0"
"Migos, Nicki Minaj & Cardi B - MotorSport","128","36","","573,628","0"
"Sia - Unstoppable","--","256","","573,527","58"
"Ariana Grande, Miley Cyrus & Lana Del Rey - Don't Call Me Angel","63","2","(x2)","573,186","0"
"Drake - Passionfruit","89","43","","573,109","103"
"Drake - Chicago Freestyle","85","6","","572,073","0"
"Werenoi - Pétunias","95","66","","572,046","765"
"Ed Sheeran & Travis Scott - Antisocial","64","6","","571,954","0"
"Dermot Kennedy - Power Over Me","57","127","","571,847","0"
"Tony Effe & GAIA - SESSO E SAMBA","155","55","","571,706","0"
"Nina Chuba - Wenn das Liebe ist","181","32","","571,377","0"
"DJ Smash - БЕГИ","182","65","","571,109","0"
"Pentatonix - Hallelujah","133","22","","570,477","0"
"Rauf & Faik - Детство","165","79","","570,403","0"
"HammAli & Navai & Jah Khalib - Боже, как завидую","80","66","","569,459","5"
"BLANCO - Paraocchi","115","106","","569,356","0"
"Zola & Koba LaD - Temps en temps","160","31","","568,818","0"
"Alan Walker & Ava Max - Alone, Pt. II","137","45","","567,635","0"
"Jax Jones - You Don't Know Me","93","29","","567,491","0"
"Selena Gomez - Fetish","77","15","","567,130","0"
"Jah Khalib - Лейла","124","104","","567,077","0"
"Dominic Fike - White Keys","67","13","","566,925","9,501"
"Alle Farben & ILIRA - Fading","151","67","","566,630","0"
"Myke Towers - LA FALDA","1","200","","566,531","181"
"Sangiovanni - malibù","140","65","","566,480","0"
"thasup - sr","174","76","","566,204","0"
"Maan & Goldband - Stiekem","129","136","","566,128","0"
"Heuss L'enfoiré - Moulaga","117","44","","565,839","0"
"Camila Cabello - Don't Go Yet","112","22","","565,199","0"
"Billie Eilish - BLUE","66","6","","564,366","0"
"Harry Styles - Golden","121","27","","564,328","0"
"Aaron Smith - Dancin","89","134","","564,267","0"
"Елена Темникова - Не модные","172","111","","564,252","0"
"Riton & Oliver Heldens - Turn Me On","194","54","","564,165","0"
"Camila Cabello - Crying in the Club","103","38","","562,078","0"
"Drake - IDGAF","63","3","(x4)","561,507","0"
"ROSALÍA & Yahritza Y Su Esencia - La Perla","159","6","","560,652","1,607"
"Olly & JVLI - Devastante","227","127","","560,241","0"
"StaySolidRocky - Party Girl","112","19","","560,115","0"
"Скриптонит - Животные","77","107","","559,276","0"
"Travis Scott - MELTDOWN","62","1","(x3)","559,163","7"
"Sfera Ebbasta - Tran Tran","118","111","","559,131","272"
"Stromae & Pomme - Ma Meilleure Ennemie","124","11","","558,975","0"
"AP$ENT - Можно я с тобой","125","60","","558,972","0"
"Miyagi & Эндшпиль - Untouchable","23","118","","558,971","38"
"Tiësto & Charli XCX - Hot In It","106","17","","558,470","0"
"Rkomi - PARTIRE DA TE","187","107","","558,025","0"
"Billie Eilish - SKINNY","86","3","(x2)","557,390","0"
"Jess Glynne - I'll Be There","105","27","","557,013","0"
"Artik & Asti - Неделимы","105","124","","556,974","0"
"Hozier - Take Me To Church","--","291","","556,869","22"
"Gambi - Hé oh","146","38","","556,607","0"
"Damso - Ε. Signaler","121","84","","555,686","0"
"Lost Frequencies, Elley Duhé & X Ambassadors - Back To You","155","36","","555,146","0"
"Achille Lauro - Incoscienti Giovani","120","66","","555,125","286"
"Dave & Fredo - Funky Friday","108","79","","554,975","0"
"Kylie Minogue - Padam Padam","138","20","","554,766","0"
"Pascal Letoublon - Friendships","183","77","","554,493","0"
"Black Eyed Peas & Shakira - GIRL LIKE ME","144","43","","554,462","0"
"Queen - Thank God It's Christmas","159","30","","554,402","0"
"Majestic & Boney M. - Rasputin","143","28","","554,335","0"
"Lazza & Lil Baby - CANZONE D'ODIO","120","83","","554,298","170"
"Suzan & Freek - Als Het Avond Is","46","147","","554,021","87"
"Лолита & Коста Лакоста - По-другому","114","139","","553,879","0"
"Mark Forster - Übermorgen","158","79","","553,864","0"
"Lana Del Rey - Video Games","14","37","","553,176","102"
"Maître Gims & Maluma - Hola Señorita","143","42","","552,755","0"
"Felix Jaehn - No Therapy","167","59","","552,629","0"
"SLAVA MARLOW - Снова я напиваюсь","160","55","","552,600","0"
"Aya Nakamura - Baby","146","28","","551,903","0"
"LSD - Thunderclouds","146","51","","551,746","0"
"Sfera Ebbasta - Cupido","146","76","","551,276","0"
"Capital Bra - Prinzessa","97","31","","550,977","0"
"Tiakola - Mode AV","141","40","","550,884","0"
"J. Cole - MIDDLE CHILD","111","17","","550,410","0"
"Selena Gomez - Bad Liar","79","22","","550,377","0"
"A Boogie wit da Hoodie - Swervin","149","58","","550,294","0"
"Zivert - ЯТЛ","147","83","","549,928","5"
"Ваня Дмитриенко - Настоящая","174","67","","549,763","241"
"Gunna & Future - pushin P","78","13","","548,926","0"
"MORGENSHTERN & Элджей - Cadillac","141","109","","548,851","0"
"Jul - Italia","71","44","","548,383","0"
"Achille Lauro - AMOR","167","106","","547,206","516"
"Sean Paul - No Lie","106","37","","547,153","0"
"Joel Corry - Sorry","122","87","","547,119","0"
"KAROL G - AMARGURA","--","252","","547,100","363"
"Sabrina Carpenter - Juno","160","36","","545,744","34"
"Rudimental, Charlotte Plank & Vibe Chemistry - Dancing is Healing","163","47","","545,374","0"
"Liaze - PARADISE","162","38","","544,589","0"
"Justin Bieber - Sorry","36","8","","543,941","5,815"
"Soso Maness - Petrouchka","137","36","","543,679","0"
"HENSY - Поболело и прошло","136","76","","543,556","0"
"Tones and I - Never Seen the Rain","143","45","","542,846","0"
"Shawn Mendes - It'll Be Okay","115","23","","542,605","0"
"Big Baby Tape & Aarne - Supersonic","148","60","","542,533","0"
"Billie Eilish - my strange addiction","56","4","","542,168","0"
"Don Toliver - No Idea","106","25","","541,823","0"
"Calvin Harris - By Your Side","98","14","","541,596","0"
"Ricchi & Poveri - Sarà perché ti amo","34","128","","541,039","753"
"Sam Fischer - This City","166","68","","540,218","0"
"CIVO - Weg von mir","150","40","","540,119","0"
"A.V.G & Goro - Она близко","143","126","","539,816","0"
"Carl Brave - Fotografia","160","114","","538,753","0"
"Jonas Brothers - What a Man Gotta Do","121","30","","537,541","0"
"Salmo - 90MIN","122","103","","537,224","0"
"Billie Eilish - i love you","53","18","","537,131","0"
"The Kooks - Naive","--","391","","536,453","344"
"Post Malone - Hollywood's Bleeding","77","4","","536,004","0"
"Pinguini Tattici Nucleari - Bottiglie Vuote","163","108","","535,975","180"
"Bella Kay - iloveitiloveitiloveit","71","16","","535,402","7,919"
"Florence + The Machine - Dog Days Are Over","--","215","","534,697","341"
"Marracash - GLI SBANDATI HANNO PERSO","79","92","","534,516","301"
"Shiva - Un Altro Show","67","135","","534,381","0"
"Ваня Дмитриенко & Аня Пересильд - Силуэт","191","62","","533,262","1,876"
"Ali Gatie - What If I Told You That I Love You","99","18","","533,179","0"
"SDM - Redescends","146","61","","533,107","0"
"Taylor Swift - The Life of a Showgirl","53","6","","532,606","0"
"Skryptonite - Moskva lyubit...","--","225","","532,373","32"
"Bearwolf - GODZILLA","149","88","","532,201","150"
"Marshmello & Jonas Brothers - Leave Before You Love Me","127","51","","531,754","0"
"Aya Nakamura - Dégaine","139","23","","531,709","0"
"*NSYNC - Bye Bye Bye","91","15","","531,703","0"
"$OHO BANI, Herbert Groenemeyer & Ericson - ZEIT, DASS SICH WAS DREHT","163","34","","531,648","0"
"Megan Thee Stallion - Savage Remix","85","26","","530,294","0"
"Ozuna - Hey Mor","--","214","","530,219","128"
"Childish Gambino - This Is America","60","7","","529,221","0"
"SiraOne & BHZ - Powerade","150","41","","528,829","0"
"RSAC - NBA","148","79","","528,294","0"
"Lewis Capaldi - Grace","29","131","","528,060","0"
"AYLIVA - Weißes Haus","134","29","","527,590","0"
"Leto - Mapessa","70","40","","527,302","0"
"Takagi & Ketra, Omi & Giusy Ferreri - JAMBO","139","67","","527,191","0"
"Anuel AA & Haze - Amanece","--","263","","527,052","134"
"Jazzy - Giving Me","174","59","","526,939","0"
"MACAN - Как же","174","91","","526,654","73"
"Maître Gims - La même","133","33","","526,240","0"
"Benson Boone - Sorry I'm Here For Someone Else","179","50","","526,129","67"
"Aya Nakamura - Plus Jamais","125","39","","526,102","0"
"Artik & Asti - Истеричка","141","68","","525,792","0"
"JONY - Ты беспощадна","132","69","","525,299","0"
"Felix Jaehn & Ray Dalton - Call It Love","155","65","","524,974","0"
"Ninho - Intro","126","34","","523,527","0"
"MARUV & Boosin - Drunk Groove","160","89","","523,124","0"
"PARTYNEXTDOOR & Rihanna - BELIEVE IT","95","10","","522,951","0"
"SDP, Sido & Esther Graf - Mama hat gesagt","112","81","","522,479","0"
"Tananai - TANGO","113","73","","521,079","0"
"TRIANGLE DES BERMUDES - Charger","120","36","","520,914","239"
"Ava Max - EveryTime I Cry","120","47","","520,788","0"
"Big Baby Tape & kizaru - Bandana","90","68","","520,740","0"
"Taylor Swift - ...Ready For It","100","18","","520,524","0"
"AK Ausserkontrolle & Bonez MC - In meinem Benz","133","48","","519,752","0"
"Nekfeu - Tricheur","107","28","","519,560","0"
"ELMAN & JONY - Балкон","116","79","","518,946","0"
"Bosh - Djomb","110","34","","518,894","0"
"ART - Belgisches Viertel","125","53","","518,861","0"
"Franglish & KeBlack - Génération impolie","149","34","","518,829","1,008"
"Steve Lacy - Bad Habit","148","16","","518,671","0"
"Sido - Mit Dir","136","38","","518,634","0"
"Джарахов & Markul - Я в моменте","123","60","","518,516","0"
"Артур Пирожков - Зацепила","138","120","","517,975","0"
"Soolking & Dadju - Meleğim","136","41","","517,725","0"
"Vald - Désaccordé","158","54","","517,275","0"
"Pinguini Tattici Nucleari - Ricordi","137","83","","517,266","0"
"Dimitri Vegas & Like Mike, David Guetta & Daddy Yankee - Instagram","128","43","","517,225","0"
"Olly, Angelina Mango & Juli - Per due come noi","116","124","","516,821","575"
"Sfera Ebbasta & Elodie - Anche Stasera","85","70","","516,798","0"
"Tobias Rahim - STOR MAND","--","446","","516,746","230"
"Annalisa - Bellissima","143","109","","516,229","0"
"21 Savage - Bank Account","151","65","","515,626","0"
"PinkPantheress & Ice Spice - Boy's a liar, Pt. 2","83","4","","515,139","0"
"RIN - Dior 2001","107","49","","514,823","0"
"Ninho & Niska - Collabo","160","48","","514,803","0"
"Annalisa - Mon Amour","169","86","","514,394","0"
"Olly & Juli - Questa domenica","208","81","","514,102","1,478"
"Pierre Garnier - Ceux qu'on était","127","30","","513,699","0"
"The Prince Karma - Later Bitches","114","92","","513,176","0"
"R3HAB & A Touch of Class - All Around the World","87","50","","513,069","0"
"Nicki Minaj - Super Freaky Girl","84","11","","513,028","0"
"Tedua - Hoe","168","89","","511,740","0"
"Guè, ANNA & Sfera Ebbasta - Cookies N' Cream","116","73","","511,347","0"
"Jul - JCVD","78","54","","511,059","0"
"Dadju - Dieu merci","148","51","","510,989","0"
"Djadja & Dinaz - Capitaine","108","50","","509,500","0"
"Tom Walker - Just You and I","150","59","","509,419","0"
"Егор Крид & МакSим - Отпускаю","156","97","","509,298","0"
"David Guetta & Afrojack - Dirty Sexy Money","97","18","","509,028","0"
"Lil Kleine - Krantenwijk","147","100","","508,346","0"
"Ozuna, Doja Cat & Sia - Del Mar","66","134","","508,040","0"
"Paulo Londra - Adán y Eva","116","79","","507,857","0"
"Lizzo - Truth Hurts","129","49","","507,749","0"
"Lacrim - No lo sé","112","56","","507,529","107"
"Moha La Squale - Ma belle","115","39","","507,034","0"
"Taylor Swift - Who’s Afraid of Little Old Me","84","11","","506,486","0"
"Irama - 5 Gocce","175","101","","506,021","0"
"Cheat Codes - No Promises","97","34","","505,867","0"
"Geolier - I P’ ME, TU P’ TE","136","49","","505,024","0"
"Alfa & Manu Chao - A Me Mi Piace","163","82","","504,128","182"
"Fresh - Chop","133","27","","504,068","0"
"Alma - Chasing Highs","99","35","","503,797","0"
"Jax Jones & Mabel - Ring Ring","98","27","","503,587","0"
"JP Saxe - If The World Was Ending","115","42","","503,184","0"
"Maluma - Corazón","155","97","","503,046","0"
"Zara Larsson - Midnight Sun","116","44","","502,546","4,448"
"SABI & MIA BOYKA - Базовый минимум","181","73","","502,509","807"
"Kaspiyskiy Gruz - На белом","150","79","","502,410","0"
"Olly & Juli - Devastante","93","130","","502,158","545"
"Tame Impala & JENNIE - Dracula","55","11","","501,737","10,717"
"Billie Eilish - L’AMOUR DE MA VIE","62","8","","501,665","0"
"Dave & Stormzy - Clash","102","32","","501,537","0"
"Jah Khalib - Воу-воу палехчэ","135","81","","500,619","44"
"Travis Scott - I KNOW","71","8","","500,124","0"
"Liam Payne & J Balvin - Familiar","119","37","","499,827","0"
"Alfa - Il Filo Rosso","134","95","","499,631","0"
"Rim'K - Air Max","116","57","","499,529","0"
"Sia - Santa's Coming For Us","91","8","","499,510","0"
"ANNA - 30ºC","132","63","","499,423","0"
"Capital Bra - 5 Songs in einer Nacht","109","52","","499,310","0"
"Clean Bandit & Topic - Drive","134","38","","499,259","0"
"Michael Bublé - Jingle Bells","117","15","","498,693","0"
"Julia Michaels - Issues","106","41","","498,198","0"
"Geolier - EL PIBE DE ORO","120","106","","497,441","0"
"Djadja & Dinaz - À cœur ouvert","100","54","","496,938","0"
"Drake - Don't Matter To Me","28","2","(x4)","496,808","0"
"Rkomi & Elodie - LA CODA DEL DIAVOLO","178","91","","496,787","0"
"Gwen Stefani - You Make It Feel Like Christmas","144","45","","496,464","0"
"Eagles - Please Come Home for Christmas","119","34","","496,437","0"
"Rauf & Faik & NILETTO - Если тебе будет грустно","159","81","","496,339","0"
"Felix Jaehn & VIZE - Close Your Eyes","153","79","","495,832","0"
"Hugh Jackman & Zac Efron - The Other Side","59","82","","495,612","0"
"Sfera Ebbasta - Rockstar","99","89","","495,597","0"
"Lauren Daigle - You Say","75","125","","495,453","0"
"Michael Marcagi - Scared To Start","155","44","","495,317","0"
"KAROL G & Peso Pluma - QLONA","--","270","","495,083","240"
"OBOY - Cabeza","127","79","","494,935","0"
"Tate McRae - It's ok I'm ok","85","15","","494,750","0"
"Bad Bunny, Omar Courtz & Dei V - VeLDÁ","58","23","","494,548","258"
"Ella Henderson & Tom Grennan - Let’s Go Home Together","156","63","","494,322","0"
"Juice WRLD & Marshmello - Come & Go","86","12","","493,921","0"
"Justin Bieber - Ghost","150","21","","493,871","0"
"Tiakola, Ryflo & Oskoow - MANON B","97","32","","493,677","0"
"Bouss - Biff pas d'love","148","55","","493,285","830"
"Naza - Loin de moi","140","73","","493,122","0"
"Angèle - Bruxelles je t’aime","130","42","","492,671","0"
"Giorgia - LA CURA PER ME","122","53","","492,630","0"
"YOUNOTUS, Janieck & Senex - Narcotic","123","51","","492,198","0"
"Marshmello & Manuel Turizo - El Merengue","10","186","","492,094","0"
"Banx & Ranx & Ella Eyre - Answerphone","127","38","","491,889","0"
"JONY & HammAli & Navai - Без тебя я не я","113","98","","491,534","0"
"Arctic Monkeys - Fluorescent Adolescent","--","245","","491,505","182"
"Irama - Nera","141","108","","490,489","0"
"Roxy Dekker - Sugardaddy","137","138","","490,430","0"
"Måneskin - Morirò da re","149","129","","489,589","0"
"Stefflon Don & French Montana - Hurtin' Me","165","70","","488,500","0"
"Sfera Ebbasta - Visiera A Becco","--","230","","488,499","480"
"sombr - Homewrecker","84","23","","488,478","5,075"
"OneRepublic - Sunshine","117","46","","488,477","0"
"Jakone & Kiliana - Жиганская","181","66","","487,960","2,187"
"Mora & Feid - LA INOCENTE","--","265","","487,607","71"
"Louis Tomlinson - Back to You","102","38","","487,457","0"
"Jul - La miss","139","125","","486,943","0"
"Danny Vera - Roller Coaster","--","269","","486,525","51"
"GIMS & L2B - BLOQUÉ","150","45","","486,476","989"
"Becky Hill & Chase & Status - Disconnect","132","56","","486,357","0"
"Alan Walker & Sophia Somajo - Diamond Heart","106","46","","486,219","0"
"10AGE - Нету интереса","95","68","","485,900","0"
"Anne-Marie - UNHEALTHY","167","59","","485,828","0"
"Kygo & OneRepublic - Lose Somebody","112","32","","485,090","0"
"Artik & Asti - Под гипнозом","32","144","","484,761","0"
"Angèle - Oui ou non","112","37","","483,595","0"
"Tainy, Anuel AA & Ozuna - Adicto","36","125","","483,538","0"
"Kygo & Tina Turner - What's Love Got to Do with It","115","28","","483,422","0"
"Kanye West - Hurricane","47","2","(x5)","482,903","0"
"RK & Genezio - Viano","112","37","","482,614","0"
"Guf & Murovei - Ураган","--","354","","482,307","0"
"Annalisa - Sinceramente","121","46","","482,286","0"
"Jason Derülo - If I'm Lucky","95","33","","482,185","0"
"Charlie Charles - Calipso","131","112","","482,050","0"
"ANIKV - Меня не будет","126","102","","481,795","0"
"Kokab - Got U","164","89","","481,275","0"
"Calin - Hannah Montana","--","437","","480,988","253"
"Ninho - Sky Priority","146","29","","480,725","0"
"JONY - Лали","126","71","","480,099","5"
"MK - 17","106","84","","479,869","0"
"Basta & HammAli & Navai - Где ты теперь и с кем","46","67","","479,445","7"
"Mahmood - TUTA GOLD","121","33","","479,443","0"
"Chuck Berry - Run Rudolph Run","112","28","","479,402","0"
"Angèle & Damso - Démons","168","48","","479,337","0"
"Nina Chuba - Mangos mit Chili","106","51","","479,295","0"
"No Limit, Gazo & Damso - LA RUE","137","30","","479,169","0"
"Loi - Gold","157","73","","478,334","0"
"Клава Кока & NILETTO - Краш","111","118","","477,979","0"
"Kontra K - Summertime","108","48","","477,973","0"
"BoomDaBash & Alessandra Amoroso - Karaoke","139","87","","477,937","0"
"Heuss L'enfoiré - Khapta","123","58","","477,852","0"
"Тайпан & Agunda - Луна не знает пути","126","67","","477,848","0"
"Calema - Te Amo","--","375","","477,621","76"
"Sheck Wes - Mo Bamba","100","28","","476,893","0"
"Элджей - 360º","131","111","","476,575","0"
"Toby Romeo, Felix Jaehn & FAULHABER - Where The Lights Are Low","132","81","","476,565","0"
"Theodora - FASHION DESIGNA","98","69","","476,277","553"
"DJ Snake - A Different Way","135","49","","475,830","0"
"Баста - Ты была права","121","115","","475,776","0"
"Booba - Petite fille","131","52","","475,713","0"
"Elvis Presley - Blue Christmas","97","11","","475,188","0"
"Endshpil - 10","150","73","","474,469","249"
"Artie 5ive - ANELLI E COLLANE","66","137","","474,418","103"
"Irama - Mediterranea","144","96","","473,609","0"
"Ed Sheeran - Visiting Hours","91","11","","473,599","0"
"Drake - Wants and Needs","87","3","(x1)","473,329","10"
"Lewis Capaldi - Wish You The Best","117","24","","472,974","0"
"venbee & Goddard - messy in heaven","180","67","","472,610","0"
"Lil Nas X - Panini","121","23","","471,731","0"
"Taylor Swift - But Daddy I Love Him","81","7","","471,670","0"
"Hamza & Damso - Nocif","112","31","","471,629","0"
"Mona Songz - Салют, Вера","109","75","","471,596","0"
"Tedua & Chris Nolan - Vertigini","21","120","","471,481","0"
"Conan Gray - Heather","88","21","","471,402","0"
"Justin Quiles, Chimbala & Zion & Lennox - Loco","97","89","","471,239","0"
"Элджей - Sayonara детка","129","109","","471,118","0"
"Therapie TAXI - Hit Sale","114","84","","471,088","0"
"AYLIVA - Wie","89","35","","471,019","0"
"tha Supreme - blun7 a swishland","135","93","","471,000","0"
"Bruce Springsteen - Santa Claus Is Comin' to Town","116","25","","470,635","0"
"Tayc - N'y pense plus","109","72","","470,484","0"
"Big Baby Tape - Gimme the Loot","115","75","","470,006","0"
"Aya Nakamura - Sucette","114","60","","469,844","0"
"Alfa - bellissimissima","128","78","","468,432","0"
"The Beach Boys - Little Saint Nick","103","25","","468,421","0"
"Theodora & Jul - ZOU BISOU","112","73","","468,335","446"
"Artik & Asti - Все мимо","92","80","","468,005","0"
"Ski Aggu, Joost & Otto Waalkes - Friesenjung","109","32","","467,940","0"
"VIZE & Felix Jaehn - Thank You","123","77","","467,910","0"
"Boza - Hecha Pa' Mí","129","70","","467,715","0"
"Morad - Se Grita","120","42","","467,487","0"
"Avicii - Heaven","71","4","","467,075","0"
"Random - Chiasso","91","118","","467,067","0"
"Adele - When We Were Young","31","30","","466,900","0"
"Клава Кока - Покинула чат","130","121","","466,653","0"
"Achille Lauro - Amore Disperato","108","114","","466,587","152"
"Michael Bublé - All I Want For Christmas Is You","108","28","","465,992","0"
"Cardi B & Bruno Mars - Please Me","66","11","","465,931","0"
"Dadju - Par amour","120","60","","465,689","0"
"Heuss L'enfoiré - Mélanine","133","42","","465,666","0"
"Eva - cœur noir","104","50","","465,355","0"
"Werenoi - 10.03.2023","97","59","","465,080","0"
"GIMS & Lossa - LOCO","114","65","","464,113","0"
"BLIZKEY - Горы","134","81","","464,005","0"
"Maluma - HP","122","55","","463,952","0"
"Burl Ives - A Holly Jolly Christmas","135","41","","463,637","0"
"KC Rebell - DNA","97","38","","463,546","0"
"Vacra - Tiki Taka","147","94","","463,279","0"
"Taylor Swift - Karma","57","15","","463,043","0"
"Jhayco - Holanda","42","110","","463,043","88"
"Loboda - случайная","108","110","","462,985","0"
"Elton John - Rocket Man","24","69","","462,620","411"
"ALMARY - До скорых встреч","112","80","","462,576","0"
"Benson Boone - Slow It Down","89","103","","462,181","0"
"Tame Impala - Dracula","96","26","","462,178","4,217"
"Shirin David - Gib ihm","87","36","","462,163","0"
"#2Маши - Мама, я танцую","45","137","","461,516","0"
"zzoilo & Aitana - Mon Amour","--","206","","461,420","0"
"Taylor Swift - Eldest Daughter","46","5","","461,362","0"
"Adele - I Drink Wine","74","3","(x1)","461,268","0"
"Sfera Ebbasta - VDLC","76","54","","460,771","205"
"JONY & HammAli - Наверно, ты меня не помнишь","122","68","","460,720","0"
"Charli xcx - Apple","102","29","","460,399","0"
"Dadju - Django","128","58","","460,223","0"
"Capital Bra - Cherry Lady","90","32","","460,179","0"
"Мот - Абсолютно всё","--","362","","460,082","473"
"Capital Bra - Rolex","91","29","","460,073","0"
"Tiësto & Mabel - God Is a Dancer","91","24","","459,910","0"
"Marwa Loud - Bad Boy","137","83","","459,864","0"
"Pajel - 10von10","109","41","","459,842","0"
"Booba - Friday","101","48","","459,644","0"
"Jah Khalib - Мамасита","136","86","","459,613","0"
"Nina Chuba - Fata Morgana","133","42","","459,417","0"
"Eminem - The Ringer","48","1","(x6)","459,289","0"
"Kendrick Lamar - squabble up","76","2","(x1)","459,280","0"
"MATRANG - Заманчивая","33","144","","459,209","259"
"Niska - Tuba Life","108","41","","459,186","0"
"Jul - Sousou","104","71","","459,118","0"
"Gazo - Kassav","136","60","","459,071","0"
"HAVEN. & Kaitlin Aragon - I Run","107","17","","458,183","522"
"Meduza - Tell It To My Heart","115","28","","458,139","0"
"Elettra Lamborghini - Pem Pem","183","97","","458,083","0"
"Ultimo - Ti dedico il silenzio","20","175","","458,011","0"
"Sigala & Becky Hill - Wish You Well","111","42","","457,884","0"
"Calin & Viktor Sheen - Safír","--","484","","457,724","340"
"Big Baby Tape - Turbo","182","120","","457,305","0"
"Harry Styles - Music For a Sushi Restaurant","63","3","(x6)","457,185","0"
"Fred again.. & Obongjayar - adore u","147","53","","456,628","0"
"Coldplay - Orphans","79","13","","456,513","0"
"Ultimo - Il ballo delle incertezze","20","172","","456,440","0"
"FACE - ЮМОРИСТ","93","83","","456,049","0"
"mikeeysmind, Chill77 & Unjaps - Papaoutai","99","10","","456,034","2,647"
"Pinguini Tattici Nucleari - Islanda","89","94","","455,974","121"
"Sfera Ebbasta & Marracash - 15 Piani","83","59","","455,774","0"
"The Neighbourhood - Softcore","109","24","","455,572","17"
"Tom Gregory - Fingertips","95","96","","455,488","0"
"J Balvin & Bad Bunny - LA CANCIÓN","3","189","","455,276","439"
"Lewis Capaldi - Pointless","143","46","","455,185","0"
"PLK & Jul - Faut pas","145","50","","454,715","0"
"Ninho - Outro","112","53","","454,668","0"
"Ariana Grande - imagine","72","8","","454,667","0"
"Naza & Niska - Joli bébé","109","52","","454,610","0"
"Coez - Faccio un casino","84","105","","453,828","0"
"Ghali - Good Times","127","98","","453,773","0"
"Samra - Cataleya","97","35","","453,284","0"
"Charlotte Cardin - Feel Good","130","66","","451,943","0"
"Olexesh - Magisch","118","53","","451,464","0"
"Dennis Lloyd - Alien","105","56","","450,501","0"
"The Weeknd - Die For You","74","28","","450,233","0"
"ROSALÍA & J Balvin - Con Altura","133","134","","450,154","0"
"XXXTENTACION - F**k Love","72","8","","450,133","0"
"Alfa & YANOMI - Cin Cin","78","135","","450,034","0"
"Pinguini Tattici Nucleari - Rubami la Notte","148","96","","449,933","0"
"David Guetta & Sia - Beautiful People","142","44","","449,888","0"
"Dr. Yaro - Minimum ça","193","79","","449,620","0"
"Naps - C'est carré le S","137","31","","449,596","0"
"Rambo goyard - B.M.S","115","31","","449,523","2,902"
"David Guetta, MistaJam & John Newman - If You Really Love Me","93","40","","449,075","0"
"Miley Cyrus - Party In the U.S.A.","5","79","","448,852","106"
"BLANCO - Nostalgia","161","69","","448,799","0"
"Звонкий - Голоса","93","132","","448,651","0"
"Stevie Wonder - What Christmas Means to Me","103","27","","448,463","0"
"01099, Paul & Ski Aggu - Anders","104","75","","448,169","0"
"Fedez, Tananai & Mara Sattei - LA DOLCE VITA","127","59","","447,506","0"
"Loredana - Eiskalt","91","32","","447,374","0"
"Apache 207 - Boot","98","33","","447,216","0"
"Hornet La Frappe - Gasolina","91","51","","447,185","0"
"Ultimo - Poesia senza veli","19","172","","446,816","0"
"JILLZAY - Бар ""2 лесбухи""","--","336","","446,606","0"
"Gzuz - Späti","129","41","","445,713","0"
"1D1R & Vacra - Balade","154","67","","445,258","0"
"Bebe Rexha & Florida Georgia Line - Meant to Be","113","37","","445,202","0"
"Eminem - Walk On Water","59","7","","444,999","0"
"Zivert - Многоточия","133","79","","444,592","0"
"Kay One - Señorita","87","47","","444,581","0"
"Panic! At the Disco - House of Memories","98","20","","444,005","0"
"Diplo & Miguel - Don’t Forget My Love","154","39","","443,993","0"
"Guè Pequeno, Rose Villain & Luchè - Chico","133","120","","443,979","0"
"ItaloBrothers - Summer Air","118","44","","443,848","0"
"Макс Корж - Малиновый закат","35","118","","443,685","0"
"Kore & Ninho - Mon poto","105","42","","443,309","0"
"Maître Gims & Super Sako - Mi Gna","133","59","","443,138","0"
"Olly & JVLI - Scarabocchi","138","113","","443,005","0"
"Bad Bunny & Los Pleneros de la Cresta - CAFé CON RON","77","13","","442,754","827"
"HATIK - La meilleure","97","107","","442,728","0"
"David Guetta - Play Hard","104","61","","442,628","0"
"FLEMMING - Automatisch","--","236","","442,401","0"
"Ed Sheeran - The A Team","--","287","","442,326","239"
"RnBoi & Nono La Grinta - AVEC MOI","106","33","","442,293","2,755"
"BoomDaBash - Per un milione","130","116","","442,277","0"
"Post Malone & The Weeknd - One Right Now","82","9","","442,118","0"
"Bonez MC & Raf Camora & Gzuz - Kokain","108","62","","441,551","0"
"Werenoi - La League","79","114","","441,444","0"
"Miyagi & Эндшпиль - Половина моя","--","353","","441,057","0"
"Niska & Ninho - N.I","107","30","","441,049","0"
"The Chainsmokers & 5 Seconds of Summer - Who Do You Love","80","20","","440,829","0"
"Miley Cyrus - Mother's Daughter","82","15","","440,743","0"
"Lazza - BUIO DAVANTI","79","135","","440,457","0"
"Skryptonite - не расслабляйся","125","72","","440,363","0"
"D-Block Europe - Overseas","136","85","","440,340","0"
"JONY - Мир сошёл с ума","95","79","","440,316","0"
"Джиган - ДНК","151","105","","440,254","0"
"Florence + The Machine - You've Got the Love","1","176","","440,148","142"
"Beéle & Ovy On the Drums - Mi Refe","--","230","","440,107","191"
"Sangiovanni - lady","140","96","","440,049","0"
"Lady Gaga - Disease","60","3","(x3)","439,570","0"
"Taylor Swift - CANCELLED","43","5","","439,468","0"
"Sebastián Yatra - Tacones Rojos","--","222","","439,465","0"
"6ix9ine - KIKA","67","3","(x1)","439,363","0"
"Naps - La danse des bandits","157","56","","439,332","0"
"Emanuele Aloia - Il bacio di Klimt","131","115","","439,021","0"
"Ultimo - Rondini al guinzaglio","68","118","","439,007","0"
"Bonez MC & Raf Camora - Risiko","91","43","","438,991","0"
"XXXTENTACION - the remedy for a broken heart","62","7","","438,351","0"
"GAZIROVKA - Black","105","76","","438,320","0"
"Käärijä - Cha Cha Cha","46","4","","437,930","25"
"AURORA - Runaway","62","12","","437,554","0"
"MORGENSHTERN & Витя АК - РАТАТАТАТА","107","68","","437,473","0"
"Years & Years - If You're Over Me","137","62","","437,213","0"
"Skryptonite - Это любовь","--","256","","436,910","0"
"MilleniumKid & JBS - Vielleicht Vielleicht","46","140","","436,283","172"
"Pop Smoke - Hello","81","34","","436,244","0"
"Lost Frequencies - Melody","126","63","","436,072","0"
"Kris Kross Amsterdam, MAAN & Tabitha - Hij is van mij","33","176","","436,039","0"
"Capital Bra & Cro - Frühstück in Paris","88","34","","435,829","0"
"Luciano & Omah Lay - Another Vibe","122","48","","435,647","0"
"Reik - Me Niego","133","115","","434,879","0"
"UZI - À la fête","124","66","","434,797","0"
"Luciano & Jazeek - Starboy","58","35","","434,506","0"
"NSG - Options","116","100","","434,403","0"
"John Lennon, The Harlem Community Choir, The Plastic Ono Band & Yoko Ono - Happy Xmas","78","4","","434,329","0"
"Kanye West - Follow God","43","3","(x1)","434,312","0"
"Headie One - Ain't It Different","125","61","","434,162","0"
"Dargen D'Amico - Dove Si Balla","178","85","","433,379","0"
"Nathan Dawe - 21 Reasons","135","52","","433,124","0"
"Marshmello & Khalid - Numb","136","30","","432,607","0"
"Скриптонит - Мультибрендовый","100","106","","432,497","0"
"PASHANIM - paris freestyle","123","37","","432,217","0"
"ZERB & Sofiya Nzau - Mwaki","126","59","","431,917","0"
"Billie Eilish - my future","62","4","","431,785","0"
"Zola - Papers","84","63","","431,447","0"
"Wejdene - Anissa","113","51","","431,395","0"
"Olivia Rodrigo - get him back","71","11","","431,330","0"
"Jonas Blue, Liam Payne & Lennon Stella - Polaroid","115","32","","431,083","0"
"Freya Ridings - Lost Without You","96","105","","430,804","0"
"AYLIVA - Beifahrer","120","61","","430,467","0"
"Nimo - Heute mit mir","91","67","","430,423","0"
"GP Explorer, GIMS, La Mano 1.9 & SCH - Un monde à l'autre","110","30","","430,399","0"
"Taylor Swift - Actually Romantic","42","6","","430,126","0"
"KeBlack - Aucune attache","123","47","","430,090","0"
"Дима Билан - Молния","102","126","","430,067","0"
"Intelligency - Август","108","68","","429,892","0"
"Mabel - Finders Keepers","120","76","","429,883","0"
"Taylor Swift - Snow On The Beach","50","4","","429,703","0"
"TONI, Andro, ELMAN & MONA - Зари","143","77","","429,579","0"
"twocolors, Safri Duo & Chris de Sarandy - Cynical","105","70","","429,496","0"
"Ninho - Arme de poing","107","34","","429,353","0"
"Joel Corry, David Guetta & Bryson Tiller - What Would You Do","96","14","","429,346","0"
"Ezhel - Felaket","--","483","","429,186","23"
"Siboy - Mobali","142","91","","429,180","0"
"SDM - Yakalelo","7","143","","429,117","120"
"BLANCO & Mina - Un Briciolo Di Allegria","153","79","","429,082","0"
"Taylor Swift - Wi$h Li$t","41","9","","428,865","0"
"RK - Lola","135","61","","428,733","0"
"Alesso & Katy Perry - When I'm Gone","117","31","","428,550","0"
"Zivert - Fly 2","98","86","","428,510","0"
"Taylor Swift - Love Story","15","23","","428,171","0"
"JONY & Andro - Мадам","112","73","","427,894","9"
"DJ Smash & NIVESTA - Позвони","142","83","","427,869","0"
"Alicia Keys - Underdog","113","71","","427,628","0"
"Tananai & Annalisa - STORIE BREVI","133","82","","427,495","0"
"КУЧЕР & JANAGA - По щекам слёзы","143","101","","427,405","0"
"Shindy - Affalterbach","97","45","","427,302","0"
"Guf & A.V.G - Спонсор твоих проблем","125","54","","426,800","0"
"GAYAZOV$ BROTHER$ - Кредо","114","103","","426,662","0"
"Ghali - Habibi","117","117","","426,068","0"
"Грибы - Тает лёд","113","99","","425,853","0"
"Chappell Roan - HOT TO GO","106","76","","425,786","0"
"Amel Bent & HATIK - 1,2,3","98","87","","425,723","0"
"Leony - Faded Love","115","48","","425,618","0"
"Zach Bryan - I Remember Everything","62","93","","425,373","0"
"Billy Gillies - DNA","144","62","","424,810","0"
"Aarne, Toxi$ & Big Baby Tape - NOBODY","169","62","","424,405","2,587"
"Tananai - BABY GODDAMN","162","94","","424,019","0"
"DJ Snake - Let Me Love You","99","41","","423,376","1,782"
"Hannah Laing & RoRo - Good Love","145","78","","423,350","0"
"Dua Lipa & BLACKPINK - Kiss and Make Up","95","26","","423,224","0"
"Nina Chuba - Unsicher","105","30","","422,926","0"
"Big Baby Tape, Aarne & Toxi$ - Ameli","136","79","","422,752","0"
"Nathan Evans - Wellerman","99","54","","421,966","0"
"Merab Amzoevi - Были бы крылья","107","113","","421,730","0"
"MONA & Basta - Ты так мне необходим","107","63","","421,704","6"
"Rauw Alejandro & Bad Bunny - Qué Pasaría...","7","115","","421,694","387"
"Post Malone - Ball For Me","51","5","","421,568","0"
"Mr.Rain - SUPEREROI","106","45","","421,346","0"
"Ицык Цыпер - Дымок","129","49","","421,198","0"
"Ninho - Aïcha","112","39","","421,178","0"
"Dardan - Facetime","101","58","","421,139","0"
"Måneskin - CORALINE","80","24","","421,100","0"
"Angelina Mango - La noia","119","16","","420,970","0"
"MEAU - Dat Heb Jij Gedaan","125","110","","420,640","0"
"PNL - 91's","83","52","","420,637","0"
"Егор Крид - Миллион алых роз","113","110","","420,425","0"
"Armin van Buuren - Blah Blah Blah","101","67","","420,333","0"
"Yves Berendse - Terug in De Tijd","--","258","","420,253","111"
"Justin Timberlake - Filthy","52","13","","419,908","0"
"KitschKrieg & Jamule - Unterwegs","103","41","","419,702","0"
"Coldplay - The Scientist","19","121","","419,531","0"
"Shindy - DODI","94","38","","419,086","0"
"Lacrim - Boston George","46","45","","418,970","158"
"Zivert - Эгоистка","124","120","","418,829","98"
"Olivia Rodrigo - happier","78","20","","418,782","0"
"Doja Cat & The Weeknd - You Right","64","8","","418,519","0"
"Freya Ridings - Castles","53","93","","418,387","0"
"Juice WRLD - Robbery","24","26","","417,835","0"
"Billie Eilish - xanny","49","8","","417,794","0"
"Макс Корж - Пьяный дождь","77","113","","417,688","0"
"KAJ - Bara Bada Bastu","52","7","","417,542","152"
"Мот & LYRIQ - Не Бруклин","126","88","","417,274","0"
"Loredana - Jetzt rufst du an","91","31","","416,894","0"
"Yanns - Clic clic pan pan","157","75","","416,564","0"
"Король и Шут - Кукла колдуна","--","245","","416,531","0"
"Shirin David - Ich darf das","111","29","","415,896","0"
"JONY & ANNA ASTI - Как любовь твою понять","112","62","","415,542","0"
"Miksu / Macloud, Nimo & Jamule - Frag mich nicht","95","34","","415,452","0"
"MACAN - Останься образом","76","65","","415,225","23"
"Nathan Dawe - Lighter","107","73","","414,207","0"
"Tiakola, Genezio & Prototype - PONA NINI","84","32","","413,900","0"
"Bresh & SHUNE - Guasto D'Amore","82","97","","413,847","0"
"Люся Чеботина - ПЛАКАЛ ГОЛЛИВУД","110","99","","413,713","0"
"Ashe - Moral of the Story","69","14","","413,507","0"
"XXXTENTACION - Everybody Dies in Their Nightmares","68","9","","413,429","0"
"Ultimo - Piccola stella","19","136","","413,251","0"
"Rim'K & SDM - Run","102","58","","413,095","0"
"FLEMMING - Amsterdam","--","256","","412,899","0"
"PLK - Nouvelles","131","39","","412,700","0"
"Cream Soda & ХЛЕБ - Плачу на техно","103","101","","412,693","0"
"Lady Gaga - Poker Face","17","65","","412,551","538"
"Little Mix & CNCO - Reggaetón Lento","94","40","","412,072","0"
"Aya Nakamura - Bobo","94","32","","411,967","0"
"Meghan Trainor - I'll Be Home","109","39","","411,948","0"
"Ellie Goulding & Juice WRLD - Hate Me","89","28","","411,909","0"
"Lazza & Sfera Ebbasta - Gigolò","45","97","","411,887","0"
"Zedd & Elley Duhé - Happy Now","83","24","","411,742","0"
"Sfera Ebbasta - Bottiglie Privè","85","84","","411,708","0"
"Tyler, The Creator - EARFQUAKE","56","7","","411,217","0"
"Lucenzo - Danza Kuduro","--","213","","411,171","1,108"
"Rkomi, Irama & Shablo - LUNA PIENA","96","119","","411,121","0"
"benny blanco, Tainy, Selena Gomez & J Balvin - I Can't Get Enough","74","15","","411,099","0"
"BLANCO - Blu Celeste","112","88","","410,948","0"
"Frenna & Lil Kleine - Verleden Tijd","127","106","","410,732","0"
"FILV & Edmofo - Clandestina","92","80","","410,526","0"
"ANNA & Niky Savage - TT LE GIRLZ","158","100","","410,503","0"
"FAST BOY & Topic - Forget You","105","97","","410,042","0"
"Djadja & Dinaz - Dans le Réseau","60","58","","409,911","0"
"Salmo - CABRIOLET","79","106","","409,807","0"
"Dan + Shay & Justin Bieber - 10,000 Hours","70","14","","409,287","0"
"Mabel - Boyfriend","111","44","","408,885","0"
"BTS - Butter","62","7","","408,834","0"
"Angelina Mango - Ci pensiamo domani","150","100","","408,744","0"
"Nicky Jam & Ozuna - Te Robaré","122","99","","408,693","0"
"Luchè - Nessuna","125","99","","408,492","0"
"Major Lazer - Que Calor","127","63","","408,423","0"
"Eva - On Fleek","82","56","","408,376","0"
"Cheu-B, Ghost Killer Track & SDM - Catalina","111","51","","408,308","0"
"Taylor Swift - Ruin The Friendship","45","8","","407,975","0"
"Niall Horan - Slow Hands","86","43","","407,811","0"
"Sabrina Carpenter - Busy Woman","89","25","","407,763","179"
"Taylor Swift - My Boy Only Breaks His Favorite Toys","54","3","(x2)","407,308","0"
"Joel Corry - I Wish","121","33","","407,228","0"
"Скриптонит - Чистый","90","108","","407,067","0"
"Jess Glynne - Thursday","117","76","","406,581","0"
"Hugh Jackman, Keala Settle, Daniel Everidge, Zendaya & The Greatest Showman Ensemble - Come Alive","25","131","","406,554","0"
"Dave - No Words","117","81","","406,488","0"
"Geolier - IO T’O GIUR’","96","83","","406,325","0"
"Клава Кока & MORGENSHTERN - Мне пох","89","104","","406,280","0"
"Artik & Asti & Артём Качер - Грустный дэнс","--","249","","406,164","0"
"Artik & Asti - Последний поцелуй","63","71","","405,781","0"
"MARKUL - Худший друг","110","93","","405,601","0"
"Ufo361 & CÉLINE - Emotions 2.0","69","39","","405,578","0"
"Öwnboss & SEVEK - Move Your Body","105","70","","405,562","0"
"Ella Henderson - Alibi","113","45","","405,528","0"
"Perry Como & The Fontane Sisters - It's Beginning to Look a Lot Like Christmas","113","23","","405,499","0"
"Rvssian, Rauw Alejandro & Ayra Starr - Santa","113","73","","404,994","0"
"Tiakola - Si j'savais","78","38","","404,795","0"
"Dosseh - Habitué","128","58","","404,443","0"
"THRILL PILL - Грустная песня","100","57","","403,549","0"
"Dua Lipa - Hallucinate","102","21","","403,549","0"
"Sebastián Yatra, Manuel Turizo & Beéle - VAGABUNDO","--","223","","403,343","0"
"Leto - Train de vie","37","73","","403,341","193"
"Olivia Rodrigo - favorite crime","86","23","","403,204","0"
"220 KID & GRACEY - Don’t Need Love","99","91","","403,192","0"
"SUPER-Hi & Neeka - Following the Sun","84","65","","402,974","0"
"GReeeN - Panama","120","48","","402,728","0"
"Alle Farben, Kelvin Jones & YOUNOTUS - Only Thing We Know","114","68","","402,640","0"
"Кравц & Гио ПиКа - Где прошла ты","45","119","","402,624","0"
"Ariana Grande - bloodline","50","3","(x3)","402,617","0"
"Heuss L'enfoiré - Aristocrate","46","130","","402,592","0"
"Justin Bieber - Beauty and a Beat","18","1","(x18)","402,324","21,951"
"Goldband - Noodgeval","39","154","","402,130","0"
"Olivia Dean - Baby Steps","157","68","","401,873","1,386"
"INSTASAMKA - POPSTAR","142","62","","401,795","0"
"MONATIK - Кружит","76","134","","401,567","0"
"Егор Крид - We Gotta Get Love","119","92","","401,298","0"
"Gaullin - Moonlight","135","102","","401,242","0"
"Sfera Ebbasta & J Balvin - Baby","103","41","","401,201","0"
"Макс Корж - 2 типа людей","89","111","","401,134","0"
"Madrigal - Seni Dert Etmeler","--","520","","401,065","21"
"Sefo - Bilmem Mi","--","375","","400,976","170"
"kizaru - Дежавю","31","94","","400,548","0"
"Dermot Kennedy - Better Days","59","116","","400,521","0"
"Lil Durk - All My Life","76","13","","400,492","0"
"Gazo - KAT","117","51","","400,176","144"
"Takagi & Ketra - EVERYDAY","117","58","","399,931","0"
"Omar Courtz & De La Rose - Q U E V A S H A C E R H O Y","35","143","","399,836","163"
"James Arthur - Say You Won't Let Go","--","211","","399,806","0"
"A.V.G & Tatar - Ножевой","106","67","","399,441","0"
"Justin Timberlake - Can't Stop the Feeling","60","33","","399,323","0"
"Soolking & Dhurata Dora - Zemër","135","76","","399,051","0"
"Anitta & J Balvin - Downtown","121","131","","398,938","0"
"T-Low & Miksu / Macloud - We Made It","124","29","","398,806","0"
"John Lennon & Yoko Ono - Happy Xmas","88","24","","398,717","0"
"Jnr Choi & Sam Tompkins - TO THE MOON","87","20","","398,574","0"
"The Chainsmokers & Illenium - Takeaway","98","32","","398,407","0"
"Порнофильмы - Я так соскучился","--","322","","397,377","116"
"Topic, Robin Schulz, Nico Santos & Paul van Dyk - In Your Arms","132","29","","397,321","0"
"Thegiornalisti - Riccione","111","99","","397,241","0"
"Taylor Swift - Wood","44","9","","396,996","0"
"Fedez, Achille Lauro & Orietta Berti - MILLE","110","80","","396,991","0"
"Artik & Asti - Любовь после тебя","119","94","","396,926","5"
"Shiva - Non lo Sai","76","84","","396,865","0"
"Tyla - CHANEL","104","24","","396,389","0"
"Sangiovanni - farfalle","128","53","","396,338","0"
"Taylor Swift - Bejeweled","44","11","","396,256","0"
"Internet Money, Gunna & Don Toliver - Lemonade","65","32","","395,905","0"
"Black Eyed Peas, Shakira & David Guetta - DON'T YOU WORRY","99","29","","395,719","0"
"Bryan Adams - Christmas Time","130","72","","395,444","0"
"PLK - Demain","83","33","","395,300","0"
"Lady Gaga - Hold My Hand","117","28","","395,183","0"
"Måneskin - VENT'ANNI","105","95","","394,745","0"
"Carl Brave, Mara Sattei & tha Supreme - Spigoli","101","105","","394,513","0"
"JP Saxe & Julia Michaels - If the World Was Ending","92","51","","394,242","0"
"SZA - 30 For 30","94","25","","394,115","0"
"Yungen - Bestie","135","97","","394,079","0"
"Juice WRLD & YoungBoy Never Broke Again - Bandit","87","21","","394,027","0"
"Мот & JONY - Лилии","108","124","","393,980","0"
"Zara Larsson - Ruin My Life","101","40","","393,973","0"
"Rocco Hunt - Non litighiamo più","148","124","","393,569","0"
"Taylor Swift - The Tortured Poets Department","50","2","(x3)","393,380","0"
"SCH - Mode Akimbo","98","42","","393,372","0"
"Ninho - Filon","53","72","","393,192","0"
"LISA - MONEY","57","16","","392,678","0"
"PNL - Deux frères","63","34","","392,593","0"
"Jul - Mimi","112","49","","392,523","0"
"Niska - Bâtiment","97","45","","392,504","0"
"Booba - JAUNÉ","107","45","","392,305","0"
"Bolémvn & Maes - 10K","91","56","","392,148","0"
"Baby K - Voglio ballare con te","117","93","","392,117","0"
"PNL - Blanka","71","40","","392,092","0"
"Pommelien Thijs - Atlas","97","117","","391,502","684"
"Sia - Cheap Thrills","7","82","","391,320","0"
"Leto - J’crois qu’ils ont pas compris","97","39","","391,199","0"
"The Blessed Madonna - Happier","132","83","","391,146","0"
"PLK - Attentat","117","38","","391,066","0"
"Green Montana - barcelona92","89","44","","390,767","0"
"Fedez, Annalisa & Articolo 31 - DISCO PARADISE","132","72","","390,712","0"
"Navos - Believe Me","111","75","","390,566","0"
"Anne-Marie, KSI & Digital Farm Animals - Don't Play","105","63","","390,192","0"
"Nemo - The Code","55","3","(x2)","390,190","0"
"Скриптонит - Где твоя любовь","93","107","","390,146","0"
"Tate McRae - TIT FOR TAT","58","3","(x4)","389,868","0"
"Nathan Dawe - Flowers","98","109","","389,809","0"
"Cian Ducrot - I'll Be Waiting","100","26","","389,597","0"
"Artie 5ive - SOGNO AMERICANO","70","98","","389,508","375"
"The Weeknd & Ariana Grande - Die For You","64","3","(x2)","389,308","0"
"MACAN & Три дня дождя - Здравствуй","119","76","","389,198","118"
"Anne-Marie & Niall Horan - Our Song","101","42","","388,969","0"
"AJ Tracey - Dinner Guest","103","85","","388,944","0"
"OneRepublic & Seeb - Rich Love","121","60","","388,843","0"
"Miyagi - Marlboro","39","90","","388,727","0"
"Тима Белорусских - Я больше не напишу","100","69","","388,143","0"
"Robin Schulz - All This Love","120","78","","387,834","0"
"Dimitri Vegas & Like Mike & David Guetta - Complicated","108","55","","387,672","0"
"Davina Michelle - Duurt Te Lang","--","262","","387,593","0"
"Тимати - Гучи","126","106","","387,528","0"
"Dadju & Anitta - Mon soleil","121","62","","387,505","0"
"Damso - Smog","98","42","","387,175","0"
"J-AX & Fedez - Italiana","133","100","","386,928","0"
"J-Ax - Ostia Lido","118","107","","386,627","0"
"Thegiornalisti - Felicità p*****a","102","113","","386,493","0"
"Loredana & Delara - Checka","90","34","","386,188","0"
"J Hus - Did You See","64","90","","386,177","0"
"THEODORT - Wayeh","127","60","","386,103","0"
"Дима Билан & Мари Краймбрери - Ты не моя пара","65","104","","385,473","0"
"Capital Bra - Berlin lebt","85","42","","385,412","0"
"ANNA ASTI - Топит","117","73","","385,144","0"
"Misha Miller & Alex Velea - Bam Bam","124","56","","384,828","0"
"Taylor Swift - So Long, London","50","5","","384,382","0"
"J Hus - Who Told You","78","10","","384,376","0"
"Ava Max - Torn","102","63","","384,170","0"
"Thegiornalisti - Questa nostra stupida canzone d'amore","94","120","","383,931","0"
"Olly, Angelina Mango & JVLI - Per due come noi","169","85","","383,838","0"
"Jess Glynne - All I Am","85","34","","383,496","0"
"Becky G. & KAROL G - MAMIII","125","117","","383,322","0"
"Sfera Ebbasta - Ricchi x Sempre","78","95","","383,149","0"
"Luciano - KIDS FROM THE BLOCK","96","33","","382,785","0"
"Milky Chance - Colorado","81","89","","382,676","0"
"Harry Styles - Matilda","51","4","","382,603","0"
"Olly & Juli - Depresso fortunato","150","112","","382,369","137"
"Tommaso Paradiso - Non avere paura","120","108","","382,179","0"
"M.O, Lotto Boyzz & Mr Eazi - Bad Vibe","118","80","","381,902","0"
"Jovanotti & sixpm - I love you baby","147","99","","381,811","0"
"Ernia - PER TE","124","93","","381,363","409"
"Shindy - Nautilus","84","35","","381,288","0"
"104 - НЕ ЖАЛЬ","25","94","","380,977","0"
"Soolking - Carré OK","118","65","","380,600","0"
"Alessandra - Queen of Kings","40","4","","380,575","0"
"Apache 207 - Neunzig","90","37","","380,544","0"
"BL3SS & CamrinWatsin - Kisses","105","104","","380,216","0"
"Ninho - Jamais","75","58","","380,205","0"
"Kalash & Gazo - Tu le sais","87","68","","379,850","0"
"uniqe, nkeeei & ARTEM SHILOVETS - ГЛАМУР","126","61","","379,671","0"
"Allj & Feduk - Розовое вино","--","311","","379,637","0"
"Travis Scott, Bad Bunny & The Weeknd - K-POP","59","3","(x1)","379,613","0"
"Charlie Charles, Sfera Ebbasta & Ghali - Peace & Love","128","91","","379,597","0"
"Maluma - 11 PM","47","101","","379,493","0"
"Ernia & Pinguini Tattici Nucleari - Ferma A Guardare","59","122","","379,401","0"
"MORGENSHTERN - Cristal & МОЁТ","89","67","","379,192","0"
"AMCHI & TERNOVOY - Прочь","97","87","","379,138","0"
"Sal da Vinci - Rossetto e caffè","86","144","","379,075","0"
"T-Fest - Скандал","72","83","","378,972","0"
"ЛСП, Feduk, Егор Крид - Холостяк","116","84","","378,951","0"
"M-22 - First Time","107","90","","378,735","0"
"Juju & Loredana - Kein Wort","78","34","","378,714","0"
"Tayna - Si Ai","126","45","","378,607","0"
"Boomdabash & Annalisa - Tropicana","120","67","","378,526","0"
"Lune - gebe auf.","97","43","","378,522","0"
"Damiano David - Born With a Broken Heart","107","52","","378,295","0"
"Maître Gims & Vianney - La même","99","74","","378,246","0"
"Anne-Marie - Ciao Adios","81","50","","378,058","0"
"RIN & Bausa - Keine Liebe","97","36","","377,937","0"
"Jazeek - Ma Baby","113","55","","377,913","0"
"HUNTRX, EJAE, AUDREY NUNA, REI AMI & KPop Demon Hunters Cast - Golden","35","2","(x8)","377,789","0"
"Lomepal - 1000°C","94","71","","377,270","0"
"Damso - Σ. MOROSE","63","24","","377,209","0"
"Jonas Brothers - Only Human","38","29","","376,998","0"
"J Balvin - Rojo","68","73","","376,345","0"
"GIMS - APPELLE TA COPINE","125","79","","376,103","0"
"Hanumankind & Kalmi - Big Dawgs","64","17","","376,020","0"
"Fred De Palma - Extasi","151","99","","375,980","0"
"Wes Nelson & Hardy Caprio - See Nobody","111","72","","375,858","0"
"Kesi - Blå Himmel","--","533","","375,678","332"
"MERO - Hobby Hobby","83","34","","375,440","0"
"Shiva - Alleluia","75","74","","375,032","0"
"Nicki Minaj - Chun-Li","68","27","","374,906","0"
"ANNA & Lazza - BBE","127","98","","374,733","0"
"JONY - Love Your Voice","36","156","","374,675","0"
"Billie Eilish - Lost Cause","62","9","","374,537","0"
"Koba LaD - Coffre plein","111","36","","374,513","0"
"Axwell Λ Ingrosso - Dreamer","106","45","","374,504","0"
"Aarne, Big Baby Tape & kizaru - Haunted House","84","56","","374,466","12"
"Adele - Skyfall","59","111","","374,194","0"
"Hamza - Life","21","81","","374,103","49"
"FOURTY & Bausa - VEMPA","124","75","","374,025","0"
"Southstar - Miss You","106","33","","373,893","0"
"Apache 207 - Doch in der Nacht","84","43","","373,807","0"
"Vitaa & Slimane - Avant toi","109","100","","373,776","0"
"Jah Khalib - На своём вайбе","66","82","","373,677","17"
"Azet - Qa bone","89","49","","373,582","0"
"Bonez MC & Raf Camora - Nummer unterdrückt","67","40","","373,395","0"
"Benson Boone - GHOST TOWN","85","43","","373,030","0"
"Aitch & Ashanti - Baby","114","58","","372,470","0"
"Petit Biscuit - Sunset Lover","40","104","","371,837","0"
"Icegergert - Гектор","149","84","","371,700","6"
"David Guetta & Kim Petras - When We Were Young","121","47","","371,522","0"
"Regard, Troye Sivan & Tate McRae - You","85","54","","371,329","0"
"Ninho & Serge Ibaka - Champion","109","66","","371,108","0"
"Tony Effe - MIU MIU","117","92","","371,022","0"
"Jah Khalib - Джадуа","95","64","","370,965","0"
"Aitch - Taste","95","85","","370,962","0"
"Dark Polo Gang - Cambiare Adesso","124","111","","370,759","0"
"PLK - Problèmes","112","72","","370,673","0"
"Mimi Webb - Good Without","114","59","","370,472","0"
"Capital Bra & Loredana - Nicht verdient","75","39","","370,274","0"
"Snelle - Reünie","79","134","","370,170","0"
"Martin Garrix - Pressure","61","62","","369,695","0"
"Rihanna - Diamonds","11","21","","369,665","26"
"Normani - Motivation","70","19","","369,649","0"
"Marco Mengoni - Hola","122","113","","369,317","0"
"ANNA - DÉSOLÉE","98","96","","369,273","202"
"GIVĒON - HEARTBREAK ANNIVERSARY","79","20","","369,162","0"
"J Balvin & Skrillex - In Da Getto","96","29","","369,141","0"
"Coez - Le luci della città","68","112","","369,056","0"
"Aya Nakamura - Doudou","116","45","","368,976","0"
"Chase & Status & Bou - Baddadan","114","83","","368,882","0"
"Niska - Méchant","73","37","","368,307","0"
"Drake & Central Cee - Which One","63","4","","368,303","0"
"Olivia Rodrigo - jealousy, jealousy","100","30","","368,200","0"
"Мот - Когда исчезнет Слово","133","105","","367,917","0"
"Sigrid - Strangers","101","56","","367,856","0"
"Rauw Alejandro - Dile a El","--","355","","367,728","598"
"Damso & SARAH SEY - Pa Pa Paw","94","29","","367,418","77"
"Kontra K, Sido & Leony - Follow","99","49","","367,228","0"
"Guè Pequeno - 2%","47","112","","366,849","0"
"Theodora - KONGOLESE SOUS BBL","83","71","","366,771","0"
"Rondodasosa - SLATT","95","121","","366,660","0"
"Samra & TOPIC42 - Lost","92","43","","366,647","0"
"Eurythmics - Sweet Dreams","11","37","","366,586","175"
"Pinguini Tattici Nucleari - Ringo Starr","97","97","","366,440","0"
"Kris Kross Amsterdam, Antoon & Sigourney K - Vluchtstrook","55","151","","366,407","0"
"Mora & Saiko - REINA","--","223","","366,356","91"
"Luciano - Meer","84","47","","366,070","0"
"Drake - What’s Next","42","1","(x5)","365,923","0"
"Ninho - À Kinshasa","75","72","","365,901","0"
"Post Malone - Take What You Want","50","12","","365,744","0"
"Manuel Turizo, Rauw Alejandro & Myke Towers - La Nota","--","229","","365,661","0"
"RAF Camora - Adriana","83","33","","365,441","0"
"R2 - JAMAIS TOI","107","54","","365,424","0"
"Miami Yacine - Bon Voyage","106","59","","365,345","0"
"Lizzo - 2 Be Loved","126","46","","365,330","0"
"Viktor Sheen - Stíny","--","514","","365,280","193"
"Young T & Bugsey - Strike a Pose","76","154","","365,238","0"
"Elodie & Marracash - Margarita","121","124","","364,991","0"
"Shade - Irraggiungibile","125","102","","364,927","0"
"Bonez MC - Roadrunner","68","36","","364,868","0"
"Veysel - Kleiner Cabrón","89","68","","364,768","0"
"Maes - Street","97","57","","364,735","0"
"4Keus - MD","78","54","","364,713","0"
"RAYE - Click Clack Symphony.","43","8","","364,222","2,471"
"Damso - Ipséité","98","53","","364,066","0"
"Baby K - Da zero a cento","108","95","","363,738","0"
"Milky Chance - Living In A Haze","122","54","","363,662","0"
"Imagine Dragons - Next To Me","29","41","","363,366","0"
"Cardi B - Money","88","36","","362,687","0"
"Post Malone - Saint-Tropez","50","7","","362,509","0"
"Salmo - KUMITE","123","100","","362,329","0"
"P!nk - Never Gonna Not Dance Again","92","17","","362,276","0"
"MHD - Bébé","92","47","","362,130","0"
"Lena & Nico Santos - Better","110","80","","361,850","0"
"Ленинград - Вояж","67","117","","361,588","0"
"Maes & Werenoi - CORDILLÈRE","91","73","","361,376","0"
"Mahmood - Barrio","131","113","","361,321","0"
"MHD - Bella","104","72","","360,672","0"
"Galibri & Mavik - Федерико Феллини","86","141","","360,401","0"
"INSTASAMKA - Отключаю телефон","111","72","","360,057","0"
"Vegas Jones - Malibu","95","90","","359,394","0"
"Loredana & Mozzik - BONNIE & CLYDE","71","46","","359,314","0"
"Machine Gun Kelly, X Ambassadors & Bebe Rexha - Home","104","47","","358,923","0"
"J-AX & Fedez - Senza pagare VS T-Pain","110","91","","358,839","0"
"50 Cent - In da Club","17","58","","358,474","0"
"Angèle - Ta reine","73","92","","358,458","0"
"George Ezra - Anyone For You","129","55","","358,159","0"
"Hugh Jackman & The Greatest Showman Ensemble - From Now On","11","179","","357,866","0"
"Calin - Praha/Vídeň","--","473","","357,693","99"
"Mimi Webb - House On Fire","85","22","","357,481","0"
"Elodie, Sfera Ebbasta & Rvssian - Yakuza","92","89","","357,402","142"
"Berq - Rote Flaggen","95","47","","357,320","0"
"Capital Bra - Allein","100","45","","357,173","0"
"Miyagi & Эндшпиль - Silhouette","102","64","","357,117","4"
"RIN - Bros","79","61","","357,109","0"
"Skrillex & Poo Bear - Would You Ever","53","23","","357,074","0"
"Cesare Cremonini - Poetica","64","141","","357,072","129"
"GIMS & Theodora - SPA","106","41","","357,049","2,917"
"ROSALÍA - Reliquia","49","5","","356,739","554"
"INSTASAMKA - КАК MOMMY","103","64","","356,529","0"
"MHD - Afro Trap Part. 11","87","43","","356,514","0"
"6ix9ine - BEBE","74","42","","356,402","0"
"Dadju - Ma vie","98","43","","356,390","0"
"Taylor Swift - The Smallest Man Who Ever Lived","70","15","","356,171","0"
"Ski Aggu & SIRA - mietfrei","128","50","","356,137","0"
"Mr.Rain - Fiori di Chernobyl","95","100","","355,660","0"
"JVKE - golden hour","93","46","","355,266","0"
"Bausa - Mary","105","69","","355,264","0"
"Ava Max - Christmas Without You","111","56","","355,191","0"
"L'Algérino - Va Bene","108","70","","355,050","0"
"Тима Белорусских - Окей","86","63","","354,587","0"
"MORGENSHTERN - Новый Мерин","37","153","","354,340","0"
"Imen Es - 1ère fois","119","71","","354,255","0"
"Sarah Connor - Vincent","81","79","","354,235","0"
"MACHETE, Dani Faiv & Tha Supreme - Yoshi","74","103","","353,872","0"
"Ninho - Promo","80","38","","353,679","0"
"Fedez - Bella Storia","121","119","","353,655","0"
"Olly & JVLI - Quei ricordi là","60","121","","353,474","0"
"Rauw Alejandro & Bizarrap - BABY HELLO","--","202","","353,469","0"
"J Balvin & Maria Becerra - Qué Más Pues","74","103","","353,464","0"
"Rose Villain - CLICK BOOM","102","77","","353,333","0"
"Pinguini Tattici Nucleari - Scooby Doo","95","108","","353,023","0"
"SLAVA MARLOW & MORGENSHTERN - Быстро","108","70","","352,876","0"
"Geolier - EPISODIO D'AMORE","91","108","","352,860","0"
"Dr. Dre - Still D.R.E.","49","14","","352,818","0"
"Irama - Arrogante","97","144","","352,739","0"
"Eminem - Fall","50","10","","352,708","0"
"C. Tangana, Niño de Elche & La Húngara - Tú Me Dejaste De Querer","--","268","","352,641","0"
"Tayc - D O D O","116","43","","352,520","0"
"Би-2 - Пора возвращаться домой","76","107","","352,507","0"
"Lil Nas X - HOLIDAY","81","39","","352,496","0"
"Ernia, Bresh & Fabri Fibra - PARAFULMINI","121","127","","352,183","0"
"Ezhel - Geceler","--","446","","351,974","0"
"BLOODY VINYL, Slait & tha Supreme - ALTALENE","94","108","","351,970","0"
"Joé Dwèt Filé - Jolie madame","115","67","","351,646","0"
"Summer Cem - Diamonds","75","28","","351,340","0"
"Enrique Iglesias - EL BAÑO","110","78","","351,090","0"
"Nimo - KARMA","79","30","","351,001","0"
"Roméo Elvis - Soleil","59","96","","350,808","0"
"Джаро & Ханза - Королева танцпола","94","75","","350,801","0"
"Yamê - Bécane - A Colors Show","91","29","","350,540","0"
"Минаева - Шоколадка","108","54","","350,526","0"
"Ufo361 - Emotions","75","41","","350,277","0"
"SLAVA SKRIPKA - Бобр","102","75","","350,135","0"
"9 Грамм - Рапапам","--","320","","350,115","100"
"Taylor Swift - The Man","35","9","","349,819","0"
"Ultimo - ALTROVE","110","105","","349,671","0"
"Lo & Leduc - 079","--","230","","349,619","0"
"Rag'n'Bone Man - Skin","81","56","","349,204","0"
"RAF Camora & Bonez MC - Ohne mein Team","11","171","","349,089","223"
"24kGoldn, Justin Bieber, J Balvin & iann dior - Mood","64","18","","348,750","0"
"Леша Свик - Самолёты","42","160","","348,639","0"
"Beyoncé - ALIEN SUPERSTAR","48","4","","348,636","0"
"MK - Dior","112","57","","348,497","0"
"Annalisa - Esibizionista","125","109","","348,433","916"
"The Cratez, Bausa & Maxwell - Skifahren","84","38","","348,371","0"
"Anne-Marie x Aitch - PSYCHO","127","65","","348,178","0"
"Chase & Status & Stormzy - BACKBONE","101","63","","347,594","0"
"VIZE & Tokio Hotel - White Lies","91","50","","347,561","0"
"Zivert - Три Дня Любви","48","79","","347,486","125"
"Король и Шут - Лесник","5","157","","347,428","468"
"Quevedo & Myke Towers - Playa Del Inglés","11","148","","347,410","0"
"Cat Burns - Go","128","75","","347,182","0"
"Ninho - No Life","92","38","","346,969","0"
"Elodie - Bagno a mezzanotte","141","109","","346,924","0"
"Alle Farben - Alright","81","62","","346,835","0"
"Cali - Взять взять","97","90","","346,713","0"
"Anuel AA & Karol G - Secreto","81","98","","346,631","0"
"BTS - Body to Body","43","2","(x3)","346,576","2,277"
"Marracash & Guè - Insta Lova","51","106","","346,488","120"
"Lil Kleine - Loterij","80","126","","346,286","0"
"Nio Garcia, Casper Magico & Bad Bunny - Te Boté","96","44","","346,167","0"
"Gafur & JONY - Lollipop","88","74","","346,062","0"
"Le classico organisé - Le classico organisé","84","32","","346,042","0"
"The Minds Of 99 - Under Din Sne","--","479","","345,914","76"
"Fred De Palma & Ana Mena - Se iluminaba","--","313","","345,851","0"
"ANNA ASTI - Сорри","60","83","","345,643","0"
"Mahmood - Rapide","122","103","","345,490","0"
"ЛСП - Монетка","45","140","","345,475","0"
"Beyoncé - Crazy In Love","3","75","","345,425","0"
"Lost Frequencies - Rise","48","145","","345,317","0"
"Leon Machère - Copacabana","50","141","","345,235","0"
"James Arthur - Empty Space","103","41","","345,058","0"
"Billie Eilish - bellyache","3","178","","344,857","11"
"GAYAZOV$ BROTHER$ - Я, ТЫ и МОРЕ","97","119","","344,518","0"
"Shiva - Vorrei","75","99","","343,999","108"
"Olivia Dean - A Couple Minutes","111","66","","343,728","1,251"
"Ultimo - Vieni nel mio cuore","112","136","","343,551","0"
"Whitney Houston - I Wanna Dance With Somebody","17","25","","343,453","160"
"Don Patricio - Contando Lunares","--","246","","342,988","0"
"Rita Ora - Girls","63","16","","342,921","0"
"N.E.R.D & Rihanna - Lemon","62","15","","342,643","0"
"Tony Effe, Bresh & Tedua - DOPO LE 4","84","93","","342,567","0"
"Kygo, Zara Larsson & Tyga - Like It Is","88","40","","342,345","0"
"Ninho - Mamacita","112","90","","342,327","0"
"Ozuna - Caramelo","108","79","","342,275","0"
"Beret - Lo siento","--","278","","342,062","0"
"Capital Bra & Samra - Nummer 1","70","36","","341,841","0"
"Bresh & Pinguini Tattici Nucleari - Nightmares","123","92","","341,798","0"
"Макс Корж - Горы по колено","16","139","","341,635","0"
"Aarne, BUSHIDO ZHO & Liza Evans - РЕВНУЮ","107","93","","341,591","0"
"Jazzdauren - Дарите женщинам цветы","96","86","","341,238","0"
"Shakira & Rauw Alejandro - Te Felicito","48","129","","341,116","0"
"Azet & Zuna - Lelele","89","38","","341,105","0"
"ROSALÍA & Ozuna - Yo x Ti, Tu x Mi","99","71","","340,799","0"
"Aya Nakamura & Joé Dwèt Filé - Baddies","98","40","","340,761","103"
"Billie Eilish - idontwannabeyouanymore","27","105","","340,736","0"
"Feid - CHORRITO PA LAS ANIMAS","--","262","","340,638","0"
"Raf Camora - Andere Liga","59","51","","340,531","0"
"Baby Gang, Omega, Higashi & Roberto Ferrante - Tu Me Quieres","55","120","","340,471","0"
"Sofia Reyes - 1, 2, 3","131","76","","340,000","0"
"GIMS & Damso - TU ME RENDS BÊTE","86","35","","339,898","0"
"Haftbefehl - 069","84","31","","339,879","338"
"EMIN - Камин","81","87","","339,852","0"
"Rauw Alejandro & Chencho Corleone - Desesperados","--","234","","339,589","0"
"Quevedo & Aitana - GRAN VÍA","--","228","","339,561","126"
"MACAN & Basta - Пусть Бог будет рядом с твоими планами","98","68","","339,118","125"
"Fedez & Robert Miles - Bimbi per strada","106","117","","339,071","0"
"Glockenbach - Brooklyn","116","70","","338,988","0"
"Martin Garrix & Dua Lipa - Scared to Be Lonely","72","66","","338,961","0"
"ELI - Change Your Mind","115","86","","338,935","0"
"Chappell Roan - The Subway","63","9","","338,909","0"
"The Chainsmokers - Closer","66","79","","338,757","0"
"Shakka - Man Down","63","156","","338,364","0"
"MONATIK - Vitamin D","93","98","","338,332","0"
"Fred De Palma - Paloma","117","110","","338,272","0"
"MORGENSHTERN & Тимати - El Problema","97","107","","338,014","0"
"Bebe Rexha - Meant to Be","81","36","","337,686","0"
"ClockClock - Someone Else","118","77","","337,264","0"
"Don Diablo - Survive","102","116","","336,523","0"
"Guè & Rose Villain - Oh Mamma Mia","86","90","","336,261","0"
"Billie Eilish - NDA","50","11","","336,158","0"
"Скриптонит - Не забирай меня с пати","57","145","","336,144","0"
"Rain Radio & DJ Craig Gorman - Talk About","98","85","","336,049","0"
"Vicco - Nochentera","--","268","","335,804","0"
"VIZE, Joker Bra & Leony - Paradise","56","87","","335,676","0"
"Sfera Ebbasta & Rvssian - Mamma Mia","96","73","","335,658","0"
"Gazo & Tiakola - NOTRE DAME","77","34","","335,607","0"
"Capital Bra, Clueso & KC Rebell - Andere Welt","92","42","","335,232","0"
"XXXTENTACION - BAD","35","8","","335,229","0"
"Ivan Valeev - Novella","102","112","","335,131","0"
"B Young - Jumanji","98","93","","334,991","0"
"Dani Fernández - Me has invitado a bailar","--","272","","334,909","112"
"Morgan Wallen - Last Night","8","180","","334,581","0"
"RIN - Monica Bellucci","103","70","","334,550","0"
"Martin Garrix - We Are the People","86","29","","334,349","0"
"AYLIVA - In deinen Armen","80","52","","334,179","0"
"Ghali - Cara Italia","92","102","","334,116","0"
"FILV - BALENCIAGA","79","76","","334,029","0"
"OneRepublic - West Coast","134","81","","333,936","0"
"Nicki Minaj - Bed","78","18","","333,616","0"
"Sevn Alias, Lil Kleine & Boef - Patsergedrag","116","119","","333,544","0"
"Леша Свик - Дым","77","167","","333,477","0"
"MACAN - Заново","120","94","","333,307","0"
"Madame & Sfera Ebbasta - TU MI HAI CAPITO","110","105","","333,091","0"
"BoomDaBash & Alessandra Amoroso - Mambo Salentino","89","117","","332,766","0"
"Nekfeu - Dans l'univers","69","41","","332,633","0"
"Fabri Fibra - Stavo pensando a te","106","111","","332,510","0"
"Анет Сай - СЛЁЗЫ","105","92","","332,421","0"
"KAMRAD - Be Mine","112","85","","332,139","0"
"Mr.Rain - Ipernova","96","120","","332,074","0"
"Ana Mena - Madrid City","--","261","","331,777","0"
"Jax Jones & Years & Years - Play","96","38","","331,772","0"
"Tony Effe, Emma & Takagi & Ketra - TAXI SULLA LUNA","87","136","","331,430","0"
"Samra & Capital Bra - Huracan","63","34","","331,177","0"
"Snelle & Maan - Blijven Slapen","--","216","","331,115","0"
"Selena Gomez - Rare","49","7","","331,054","0"
"AJ Tracey & Mabel - West Ten","110","91","","331,020","0"
"Aitch & AJ Tracey - Rain","114","80","","330,913","0"
"5УТРА - Давай сбежим","4","194","","330,414","247"
"Trois Cafés Gourmands - À nos souvenirs","48","147","","330,389","0"
"Alan Walker - Darkside","67","68","","330,387","0"
"Stormzy - Blinded By Your Grace, Pt. 2","76","105","","329,895","0"
"Ghali - Happy Days","98","121","","329,860","0"
"Davido - UNAVAILABLE","94","51","","329,613","0"
"Genezio & Niska - OG","98","42","","329,402","627"
"AJ Tracey & Not3s - Butterflies","86","98","","328,964","0"
"LOBODA - Родной","96","79","","328,888","0"
"Maître Gims - Caméléon","105","70","","328,746","0"
"Topic & A7S - Kernkraft 400","102","83","","328,718","0"
"Artik & Asti - Она не я","79","77","","328,606","0"
"Guè - Veleno","55","98","","328,456","0"
"PLK & Gazo - Ça mène à rien","101","33","","328,342","0"
"Егор Крид - Цвет настроения чёрный","105","104","","328,333","0"
"Niska - Du lundi au lundi","89","51","","328,268","0"
"Luis Fonsi & Stefflon Don - Calypso","101","64","","327,815","0"
"Travis Scott - THANK GOD","39","2","(x1)","327,766","0"
"Ninho - OG","91","37","","327,741","0"
"6ix9ine - MALA","87","35","","327,715","0"
"Achille Lauro - Bam Bam Twist","47","166","","327,577","0"
"Leto - Tes parents","74","80","","327,287","0"
"Kendrick Lamar - Money Trees","12","41","","327,130","106"
"ZZ & Timar - 4h44","68","63","","326,852","132"
"MiyaGi & Эндшпиль - Дама","56","90","","326,848","6"
"Lil Uzi Vert - What You Saying","66","19","","326,749","0"
"Capo Plaza - Non Fare Così","55","105","","326,568","154"
"Макс Корж - Шантаж","76","112","","326,516","0"
"Elodie - Black Nirvana","112","105","","326,483","0"
"Alonzo - TRAFICANTE","107","79","","326,444","0"
"Jaap Reesema & Pommelien Thijs - Nu Wij Niet Meer Praten","65","123","","326,363","0"
"Olivia Dean - Let Alone The One You Love","103","70","","326,220","718"
"Taylor Swift - Gorgeous","58","16","","326,111","0"
"Grand Corps Malade & Camille Lellouche - Mais je t'aime","46","135","","326,028","0"
"Wiley, Stefflon Don & Sean Paul - Boasty","79","105","","325,970","0"
"Sangiovanni & Aitana - mariposas","--","241","","325,966","0"
"Konfuz - Кайф ты поймала","--","224","","325,920","0"
"Dardan - Coco Mama","77","49","","325,918","0"
"Baby Gang, El Alfa, Omega & Roberto Ferrante - Kriminal","104","102","","325,818","228"
"Rauw Alejandro & Camilo - Tattoo","--","246","","325,796","0"
"Eno - Mercedes","73","54","","325,374","0"
"Luude & Mattafix - Big City Life","96","86","","325,112","0"
"Rocco Hunt, Elettra Lamborghini & Lola Índigo - Caramello","124","85","","325,097","0"
"Ed Sheeran - Remember The Name","49","11","","325,022","0"
"Eminem - Venom","57","32","","324,883","0"
"Werenoi - Dans un verre","64","34","","324,864","160"
"Kaaris - Diarabi","105","77","","324,738","0"
"Calvin Harris - This Is What You Came For","8","165","","324,735","0"
"Shirin David - Lieben wir","76","34","","324,570","0"
"Rihanna - Breakin' Dishes","73","57","","324,540","0"
"Tones And I - Ur So F**kInG cOoL","80","59","","324,375","0"
"Lucio Corsi - Volevo essere un duro","90","13","","324,313","0"
"Khalid - Saturday Nights","85","61","","324,181","0"
"Tim Bendzko - Hoch","56","114","","324,136","0"
"6ix9ine & Nicki Minaj - TROLLZ","39","5","","323,986","0"
"Endor - Pump It Up","78","66","","323,492","0"
"Gradur, SDM & Rsko - TI TI TI","96","43","","323,480","0"
"RAF Camora & reezy - CONNECTED","67","31","","323,304","0"
"P!nk - Beautiful Trauma","90","31","","323,255","0"
"Kpoint - Ma 6t a craqué","86","93","","323,077","0"
"Calin & Viktor Sheen - Dívej","--","465","","322,943","220"
"David Guetta & Sia - Let's Love","71","30","","322,828","0"
"Kanye West - Praise God","50","6","","322,564","0"
"Xcho - Ты и Я","32","105","","322,278","16"
"Sigala, Ella Eyre & Meghan Trainor - Just Got Paid","83","65","","322,054","0"
"Ninho - Money","75","80","","321,825","0"
"RIN - Alien","77","49","","321,587","0"
"Taylor Swift - Maroon","40","6","","321,566","0"
"Justin Timberlake - Selfish","69","14","","321,388","0"
"Kaleb Di Masi, Sfera Ebbasta & Rvfv - Hace Calor","105","93","","321,223","0"
"MK, Jonas Blue & Becky Hill - Back & Forth","69","91","","321,191","0"
"Rvssian & Sfera Ebbasta - Pablo","101","87","","321,188","0"
"Bouss - Printemps","71","120","","321,152","836"
"Shakira - Perro Fiel","7","158","","321,050","0"
"Craig David - I Know You","96","40","","320,977","0"
"Drake & Michael Jackson - Don't Matter To Me","55","17","","320,955","0"
"Boney M. - Mary's Boy Child / Oh My Lord","58","62","","320,921","0"
"Taylor Swift - exile","48","11","","320,355","0"
"AYLIVA - Scheine zählen","92","37","","320,285","0"
"Jul - Triste everyday","124","77","","320,263","2,270"
"BTS - Boy With Luv","49","9","","320,243","0"
"Post Malone - Die For Me","49","16","","320,229","0"
"Артём Качер & Artik & Asti - Грустный дэнс","--","401","","320,181","357"
"Nimo & Hava - KEIN SCHLAF","70","32","","320,134","0"
"Пошлая Молли - Адская колыбельная","99","69","","320,081","0"
"Becky Hill - Better Off without You","96","106","","320,072","0"
"Little Mix - Power","85","69","","319,915","0"
"Мот & Zivert - Паруса","11","177","","319,895","5"
"Bruno Mars - Risk It All","64","6","","319,811","1,885"
"Pashanim - Hauseingang","--","292","","319,718","0"
"Rema - Charm","106","46","","319,707","0"
"Alessandra Amoroso - Mezzo Rotto","106","95","","319,665","0"
"Strange - Зависай","92","98","","319,479","0"
"Angèle - Jalousie","57","79","","319,467","0"
"Olivia Rodrigo - brutal","56","15","","319,333","0"
"Robin Schulz & Piso 21 - Oh Child","84","48","","319,254","0"
"Miyagi & Andy Panda - Utopia","51","104","","318,988","0"
"James Hype - Waterfalls","98","68","","318,794","922"
"Travis Scott - TELEKINESIS","54","18","","318,696","0"
"TIGO & Migrant - Планы на завтра","106","64","","318,517","0"
"Rosalía - Malamente","--","249","","318,450","0"
"Anitta - Envolver","78","59","","318,384","0"
"Kris Kross Amsterdam & The Boy Next Door - Whenever","65","65","","317,993","0"
"Lily Allen - Somewhere Only We Know","88","79","","317,970","0"
"Lizzy McAlpine - ceilings","72","23","","317,878","0"
"Taylor Swift - You're On Your Own, Kid","40","7","","317,698","0"
"Roxy Dekker - Satisfyer","--","278","","317,635","0"
"Макс Барских - Туманы","37","161","","317,620","0"
"Guè Pequeno - Bling Bling","79","117","","317,421","0"
"Yung Yury & Damn Yury - TABU.","87","80","","317,297","0"
"Kehlani - Folded","92","84","","317,180","265"
"Rocco Hunt & Ana Mena - Un bacio all'improvviso","101","99","","316,954","0"
"Queen - Don't Stop Me Now","25","78","","316,895","0"
"The Cratez & Bonez MC - Honda Civic","67","30","","316,826","0"
"JONY - Титры","90","58","","316,663","0"
"1PLIKÉ140 - CANADA","105","51","","316,466","0"
"Toploader - Dancing In the Moonlight","1","158","","316,406","0"
"Robin Schulz & Felix Jaehn - One More Time","78","71","","316,260","0"
"ArrDee - Flowers","91","55","","316,252","0"
"Mahmood, Sfera Ebbasta & Feid - Dorado","91","90","","316,215","0"
"George Ezra - Hold My Girl","65","102","","315,957","0"
"Colapesce & Dimartino - Musica leggerissima","93","91","","315,955","0"
"SLAVA MARLOW - ТЫ ГОРИШЬ КАК ОГОНЬ","88","61","","315,845","0"
"Saiko, Dei V & JC Reyes - BADGYAL","--","221","","315,590","99"
"Gue' Pequeno - Lamborghini","119","90","","315,490","0"
"RAF Camora - Out Of The Dark","53","39","","315,457","0"
"SIRA & BHZ - Powerade","28","104","","315,438","0"
"Ninho - La puerta","63","45","","315,158","0"
"Toby Romeo & YouNotUs - What It Feels Like","127","71","","314,998","0"
"Lil Baby & Gunna - Drip Too Hard","26","99","","314,644","0"
"Luciano - PEPPERMINT","70","36","","314,596","0"
"Disiz & Damso - RENCONTRE","77","34","","314,559","0"
"VEIGEL - Прощай","104","93","","314,547","0"
"Loredana - Kein Plan","63","34","","314,292","0"
"JEY BROWNIE & FLEM KGB - GTB","89","45","","314,209","0"
"MARUV - Siren Song","85","101","","314,099","0"
"13 Organisé - Bande organisée","3","192","","313,961","0"
"Machine Gun Kelly & blackbear - my ex's best friend","62","30","","313,935","0"
"Ed Sheeran - Best Part of Me","49","13","","313,716","0"
"Doris Day - Here Comes Santa Claus","70","29","","313,699","0"
"Metro Boomin & Future - Too Many Nights","41","12","","312,953","0"
"Moha k - Vroum Vroum","86","44","","312,903","0"
"Capo - Lambo Diablo GT","71","83","","312,704","0"
"Ritt Momney - Put Your Records On","74","30","","312,663","0"
"Niska - Medellín","69","41","","312,493","0"
"Anne-Marie & Little Mix - Kiss My","98","36","","312,435","0"
"Harry Styles - Daylight","43","5","","311,423","0"
"Domiziana - Ohne Benzin","101","40","","311,416","0"
"Aitana - SUPERESTRELLA","--","228","","311,389","897"
"Bruno Mars - That’s What I Like","71","55","","311,338","0"
"187 Strassenbande - Millionär","56","49","","311,284","0"
"Seysey & Bolémvn - Mia","86","31","","311,098","0"
"Lartiste - Chocolat","81","67","","311,028","0"
"Fred De Palma - D'estate non vale","49","123","","310,996","0"
"Annalisa - Maschio","121","129","","310,593","0"
"The Kid LAROI - Thousand Miles","56","9","","310,455","0"
"Ana Mena & Belinda - LAS 12","--","249","","310,410","0"
"Lazza & Sfera Ebbasta - FENTANYL","67","85","","310,385","0"
"Ultimo - Tutto questo sei tu","89","101","","310,172","0"
"DaBaby - BOP","78","53","","309,971","0"
"Моя Мишель & Dose - Пташка","79","125","","309,941","0"
"Lola Índigo & Quevedo - EL TONTO","--","247","","309,864","0"
"Orelsan - Rêves bizarres","76","40","","309,397","0"
"ATL - Танцуйте","1","197","","309,297","0"
"Fedez - BATTITO","86","54","","309,095","0"
"Ханна - Пули","112","128","","308,820","0"
"UZI - PAPARAZZI","--","546","","308,739","296"
"Ariana Grande - Into You","53","84","","308,690","1,154"
"Bushido - Für Euch alle","89","44","","308,542","0"
"Baby K - Non mi basta più","99","109","","308,421","0"
"Burna Boy - On the Low","--","223","","308,324","0"
"Stormzy - Crown","69","56","","307,983","0"
"MIST - So High","86","99","","307,979","0"
"BLACKPINK - How You Like That","77","18","","307,934","0"
"Slavik Pogosov - Монро","98","71","","307,930","0"
"Yandel & Feid - Yandel 150","--","216","","307,843","0"
"GIMS, SativaMusic & Morad - SEYA","100","69","","307,747","0"
"PASHANIM - erstersommerohnedich","61","35","","307,665","268"
"DYSTINCT - Business","96","39","","307,426","0"
"Coldplay - Hymn for the Weekend","40","85","","307,164","0"
"Bruno Mars - 24K Magic","36","20","","307,102","0"
"Элджей - Рваные джинсы","14","182","","307,006","0"
"Melendi - Déjala Que Baile","--","262","","306,958","0"
"Taylor Swift - Honey","36","12","","306,933","0"
"David Guetta, Alphaville & Ava Max - Forever Young","102","70","","306,772","0"
"Taylor Swift - Wildest Dreams","46","13","","306,625","0"
"Serena Brancale & Alessandra Amoroso - SERENATA","111","119","","306,624","0"
"WHITE GALLOWS - Сердце","97","82","","306,575","0"
"Raf Camora & AriBeatz - Perfekt","57","39","","306,572","0"
"Taylor Swift - Guilty as Sin","47","12","","306,523","0"
"Hailee Steinfeld & BloodPop® - Capital Letters","71","31","","306,436","0"
"Marco Schuitmaker - Engelbewaarder","--","273","","306,416","0"
"Luciano - SCHMETTERLING","65","35","","306,415","0"
"Ninho - Jeune Lossa","73","56","","306,118","0"
"Korol I Shut - Лесник","36","158","","306,098","0"
"Vize - Stars","19","165","","305,755","0"
"Grivina - Я хочу","80","130","","305,365","0"
"Aitana - 6 DE FEBRERO","--","258","","305,209","321"
"Mora & C. Tangana - DROGA","--","245","","305,160","253"
"Werenoi - Escorte","80","46","","305,073","0"
"Nina Chuba & Chapo102 - Ich hass dich","45","60","","305,029","0"
"Arcángel & Bad Bunny - La Jumpa","--","204","","304,986","0"
"Lady Gaga - Just Dance","2","124","","304,908","854"
"JONY & The Limba - Босс","69","60","","304,653","19"
"Suzan & Freek - Goud","1","191","","304,525","0"
"James Hype, Miggy Dela Rosa & Lazza - Ferrari","87","83","","304,386","0"
"Bonez MC - Fuckst mich nur ab","56","32","","304,357","0"
"Drake - First Person Shooter","43","4","","303,907","0"
"Feduk - Хлопья летят наверх","68","72","","303,644","0"
"Bresh - La tana del granchio","74","100","","303,351","0"
"Adele - Can I Get It","38","7","","303,295","0"
"Wet Bed Gang - Devia Ir","--","404","","303,267","133"
"Tom Zanetti - Didn't Know","75","78","","302,850","0"
"Tedua - Paradiso Artificiale","26","104","","302,739","0"
"Lunay, Daddy Yankee & Bad Bunny - Soltera","54","113","","302,735","0"
"DELLAFUENTE & Morad - Manos Rotas","--","224","","302,730","0"
"Robin Schulz - Sweet Goodbye","66","136","","302,487","0"
"Miksu / Macloud, Summer Cem & Luciano - XXL","56","33","","302,386","0"
"Carl Brave - Posso","79","137","","302,076","0"
"Coldplay & Big Sean - Miracles","63","42","","301,887","0"
"MORGENSHTERN - Yung Hefner","71","73","","301,824","0"
"Ninho - La maison que je voulais","90","52","","301,699","0"
"La Mano 1.9 - Sexy Woman","50","83","","301,458","0"
"J Balvin & Bad Bunny - QUÉ PRETENDES","60","54","","300,708","0"
"Twenty One Pilots - Stressed Out","--","223","","300,601","0"
"Kanye West - Yikes","34","2","(x3)","300,365","0"
"MERO - Wolke 10","66","32","","300,360","0"
"Tion Wayne & La Roux - IFTK","101","75","","300,257","0"
"Maes - Galactic","87","42","","300,171","0"
"SCH - Mayday","51","36","","300,055","0"
"Gradur & Franglish - Trucs de choses","96","86","","300,007","0"
"Tom Grennan - How Does It Feel","82","102","","299,946","0"
"La Rvfleuze - Argent Sale - A COLORS SHOW","74","34","","299,808","2,541"
"Mae Stephens - If We Ever Broke Up","85","38","","299,797","0"
"Artie 5ive - 7ELEVEN","68","133","","299,787","388"
"Ed Sheeran - The Joker And The Queen","42","10","","299,614","0"
"Ninho - Jusqu'à minuit","56","55","","299,467","0"
"Separ, Jerry Lee & P T K - Sunset","--","544","","299,409","252"
"Леша Свик - Стерва","81","121","","299,259","0"
"Capo Plaza - Uno squillo","16","170","","299,222","0"
"Veysel - UFF","85","45","","299,083","0"
"Le classico organisé - cœur de pirate","84","51","","298,733","0"
"Rammstein - RADIO","47","23","","298,424","5"
"Bouss - Angela","82","94","","298,370","99"
"Claude - Ladada","--","223","","298,334","0"
"Tom Gregory - River","37","155","","298,309","0"
"Metro Boomin, Future & Chris Brown - Superhero","68","9","","297,897","0"
"Mimi Webb - Red Flags","104","78","","297,865","0"
"Coez - Come nelle canzoni","89","116","","297,773","0"
"Макс Барских & Zivert - BESTSELLER","98","119","","297,752","0"
"Landy - Médusa","71","72","","297,722","0"
"ZAYN & Taylor Swift - I Don’t Wanna Live Forever","51","86","","297,258","0"
"Post Malone - Enemies","44","15","","297,133","0"
"Скриптонит - Привычка","54","95","","297,120","0"
"Travis Scott - FRANCHISE","35","7","","297,010","0"
"KAROL G & Tiësto - CONTIGO","--","237","","296,938","55"
"Nicky Jam - Live It Up","69","28","","296,886","0"
"Mahmood - RA TA TA","93","96","","296,880","0"
"Neima Ezza - LEI","70","149","","296,752","0"
"Yungest Moonstar, Neffa & tha Supreme - uNa DiReZioNe giUsTa","78","132","","296,738","0"
"DYSTINCT - Tek Tek","97","44","","296,734","0"
"Ольга Серябкина - Бывшие","101","113","","296,642","0"
"Mustard & Roddy Ricch - Ballin’","66","54","","296,600","0"
"Ziak - Fixette","93","45","","296,585","0"
"Harry Styles - Satellite","60","16","","296,439","0"
"Dimitri Vegas & Like Mike, Tiësto & Dido - Thank You","44","112","","296,391","0"
"Billie Eilish - ilomilo","39","16","","296,274","0"
"Carl Brave x Franco 126 - Sempre in due","--","222","","296,226","0"
"Maes & Ninho - SURVIE","97","52","","296,208","0"
"GLK - 93%","72","114","","296,188","0"
"Alphaville - Forever Young","72","64","","296,127","4"
"Emis Killa - Rollercoaster","105","129","","296,096","0"
"Dave - Professor X","80","92","","296,026","0"
"Migos - Stir Fry","67","40","","295,876","0"
"East 17 - Stay Another Day","60","121","","295,863","0"
"INSTASAMKA - LIPSI HA","72","65","","295,838","0"
"Madame - VOCE","93","104","","295,818","0"
"Wizkid - Essence","43","67","","295,725","0"
"Zartmann, Ski Aggu & Dauner - wie du manchmal fehlst","78","66","","295,703","0"
"Pinguini Tattici Nucleari - La storia infinita","52","159","","295,651","0"
"Sfera Ebbasta - Happy Birthday","82","77","","295,534","0"
"RASA - Пчеловод","60","105","","295,438","0"
"Samra - Harami","63","35","","295,329","0"
"Murda & Ezhel - Aya","--","382","","295,258","0"
"Camilo - Vida de Rico","--","284","","295,231","0"
"Apache 207 - Wenn das so bleibt","65","34","","295,224","0"
"Daft Punk - Get Lucky","79","29","","294,737","0"
"Samra & Capital Bra - Zombie","72","34","","294,670","0"
"Eno - Ferrari","63","37","","294,623","0"
"Jessica Darrow - Surface Pressure","78","41","","294,557","0"
"SwitchOTR - Coming for You","112","90","","294,273","0"
"Tananai - ABISSALE","80","148","","294,229","0"
"Felix Jaehn, Hight & Alex Aiono - Hot2Touch","92","64","","294,129","0"
"Capital Bra & Samra - Wir ticken","48","33","","293,919","0"
"Tobias Rahim - Flyvende Faduma","--","412","","293,418","49"
"Michael Bublé - White Christmas","55","25","","293,349","0"
"Sia - Gimme Love","67","43","","293,172","0"
"BUSHIDO ZHO, Scally Milano & Полка - днями и ночами","102","79","","293,153","615"
"Feid & Young Miko - Classy 101","--","262","","293,115","0"
"Marracash, tha Supreme & Sfera Ebbasta - Supreme","107","101","","293,018","0"
"Aventura & Bad Bunny - Volví","40","55","","292,976","0"
"Fabri Fibra & Tredici Pietro - Che Gusto C'è","96","122","","292,826","0"
"La Fouine & L2B - Flying Blue","74","58","","292,817","0"
"BANNERS - Someone To You","--","208","","292,601","0"
"Troye Sivan - Rush","77","16","","292,522","0"
"Helena - Mauvais garçon","52","87","","292,518","0"
"Ernia & Kid Yugi - FELLINI","100","87","","292,462","0"
"Kapo - Ohnana","--","203","","292,420","0"
"Leony - Somewhere in Between","100","63","","292,418","0"
"Luciano - La Haine","52","30","","292,396","0"
"PLK - Un peu de haine","64","46","","292,174","0"
"Apache 207 - Angst","63","41","","291,950","0"
"Кэнни - Ворона","104","74","","291,833","692"
"Taylor Swift - Midnight Rain","36","8","","291,809","0"
"МОТ - Мурашками","54","88","","291,655","5"
"Lola Índigo & Manuel Turizo - 1000COSAS","--","219","","291,579","0"
"The Limba - Смузи","80","83","","291,570","0"
"PS1 - Fake Friends","103","114","","291,531","0"
"Sezen Aksu - İhanetten Geri Kalan","--","633","","291,425","0"
"MACAN - TSM","102","92","","291,387","51"
"Samurai Jay & Vito Salamanca - Halo","71","97","","291,368","163"
"Kanye West - Off The Grid","32","4","","291,312","0"
"LINKIN PARK - Over Each Other","48","9","","291,256","0"
"Joel Corry & Becky Hill - HISTORY","76","29","","291,253","0"
"Ballinciaga & David Mokel - Dans På Bordet","--","441","","291,175","40"
"Монеточка - Нимфоманка","90","121","","291,017","0"
"Nimo & Luciano - BAD EYEZ","71","43","","291,012","0"
"Arctic Monkeys - I Bet You Look Good on the Dancefloor","--","323","","290,875","0"
"Gambi - PETETE","92","43","","290,847","0"
"Mark Forster - 194 Länder","59","96","","290,819","0"
"Gazapizm - Unutulacak Dünler","--","468","","290,777","0"
"DA Uzi - Crois-moi","89","56","","290,749","0"
"Yxng Bane - Rihanna","94","132","","290,454","0"
"Zola - TOUTE LA JOURNÉE","74","33","","290,423","0"
"C. Tangana & Nathy Peluso - Ateo","--","238","","290,413","0"
"Dennis Lloyd - Never Go Back","39","56","","290,228","0"
"Sfera Ebbasta - Sciroppo","81","95","","290,160","0"
"Jona Lewie - Stop the Cavalry","83","120","","290,017","0"
"Headie One - Both","73","108","","289,881","0"
"Sebastián Yatra & Myke Towers - Pareja Del Año","--","230","","289,715","0"
"Bonez MC & RAF Camora - Letztes Mal","89","29","","289,660","0"
"Ghali - Paprika","118","117","","289,617","0"
"Katy Perry - Bon Appétit","72","40","","289,459","0"
"Taylor Swift - Florida","42","8","","289,452","0"
"Little Mix - Break Up Song","87","62","","289,445","0"
"Drake - Sticky","36","4","","289,282","0"
"MONA - Воин и дракон","100","131","","289,278","903"
"MHD - Pololo","87","50","","289,116","0"
"BORO, Artie 5ive & Andry The Hitmaker - Cadillac","96","86","","288,726","0"
"Roddy Ricch - High Fashion","68","40","","288,606","0"
"Kaaris - Panama","79","39","","288,595","0"
"Alex Warren - Carry You Home","21","120","","288,379","146"
"Heuss L'enfoiré - Les méchants","56","96","","288,365","0"
"Robin Schulz & Marc Scibilia - Unforgettable","50","113","","288,361","0"
"LOBODA - moLOko","83","82","","287,941","0"
"Rammstein - AUSLÄNDER","37","15","","287,861","7"
"Jhay Cortez, J Balvin & Bad Bunny - No Me Conoce","--","260","","287,777","0"
"Bonez MC & RAF Camora - Sommer","71","33","","287,695","0"
"Baby K - Playa","100","128","","287,603","0"
"Tayc - Room 69","81","37","","287,546","0"
"NLO - Танцы","101","136","","287,497","0"
"Dima Bilan & Mari Kraymbreri - It’s My Life","--","216","","287,453","0"
"Feid - Normal","--","275","","287,097","0"
"Tedua - Beatrice","92","98","","287,008","0"
"Marwa Loud - Fallait pas","72","99","","286,929","0"
"Diodato - Fai rumore","99","77","","286,869","0"
"Rels B - TU VAS SIN","--","222","","286,843","494"
"Макс Барских - БЕРЕГА","79","126","","286,831","0"
"SLAVA MARLOW - По глазам","90","88","","286,767","0"
"Ray Dalton - In My Bones","38","128","","286,590","0"
"Apache 207 - Sex mit dir","70","41","","286,392","0"
"Fred De Palma - Ti raggiungerò","92","136","","286,056","0"
"Emilio - Wonderful Christmastime","102","54","","285,985","0"
"Макс Корж - Малый повзрослел","--","327","","285,965","0"
"Booba - Validée","--","353","","285,744","152"
"SDM - Daddy","77","54","","285,720","0"
"Viktor Sheen - Rozdělený světy","--","607","","285,684","122"
"Sech, Ozuna & Anuel AA - Otro Trago","52","86","","285,654","0"
"Jordan Adetunji - Kehlani","61","29","","285,541","0"
"Donny Hathaway - This Christmas","63","32","","285,465","0"
"Selena Gomez & Rauw Alejandro - Baila Conmigo","48","65","","285,213","0"
"Emis Killa - Fuoco e benzina","71","111","","285,084","0"
"Capo Plaza - Ne è valsa la pena","55","112","","285,056","0"
"Orelsan - La Quête","54","36","","284,950","0"
"Taylor Swift - All Too Well","29","10","","284,899","0"
"OBOY - Cruel","31","83","","284,612","0"
"Eladio Carrión & Bad Bunny - Coco Chanel","--","261","","284,481","85"
"Sabrina Carpenter - When Did You Get Hot","55","12","","284,010","0"
"Shakira & Anuel AA - Me Gusta","50","82","","283,834","0"
"Robin Schulz & HUGEL - I Believe I'm Fine","82","57","","283,661","0"
"MACAN & SALUKI - Запрещаю забывать","96","73","","283,628","6"
"AMO & Aymen - Love all night","91","62","","283,379","0"
"Abraham Mateo & Ana Mena - Quiero Decirte","10","132","","283,334","0"
"Drake - Slime You Out","41","5","","283,275","0"
"Achille Lauro - 16 marzo","62","133","","283,198","133"
"Sfera Ebbasta - UHLALA","22","103","","283,193","255"
"RK & Ninho - Sale état","71","37","","283,191","0"
"Aka 7even - Mi manchi","71","106","","283,059","0"
"Kanye West & Andre Troutman - ALL THE LOVE","28","1","(x2)","282,745","839"
"Harry Styles - Little Freak","36","5","","282,701","0"
"SODA LUV - ЯЛРС","95","85","","282,608","0"
"Quevedo - Vista Al Mar","--","226","","282,432","0"
"Cro - Unendlichkeit","92","74","","282,388","0"
"Stormzy - Hide & Seek","106","60","","282,333","0"
"KATSEYE - Gabriela","65","81","","282,292","509"
"Bushido - Inshallah","57","43","","282,285","0"
"ALEKSEEV - Как ты там","73","101","","282,274","0"
"Ghali - Boogieman","92","106","","281,816","0"
"ATLXS - PASSO BEM SOLTO","67","21","","281,786","0"
"Aarne & BUSHIDO ZHO - ВМЕСТЕ","83","77","","281,689","0"
"Usher - Yeah","21","37","","281,527","0"
"Thegiornalisti - New York","59","130","","281,394","0"
"ClockClock - Sorry","83","75","","281,357","0"
"Джиган, Тимати, Егор Крид - Rolls Royce","85","57","","281,224","0"
"RAF Camora - Zukunft","65","39","","281,166","0"
"¥$, Kanye West, Ty Dolla $ign & Rich The Kid - CARNIVAL","18","4","","281,120","0"
"Rvssian, Rauw Alejandro & Chris Brown - Nostálgico","--","202","","280,862","0"
"UNDERGRUNN - Italia","--","454","","280,786","76"
"Sonny Fodera & Clementine Douglas - Tell Me","86","139","","280,748","0"
"Jhay Cortez & Anuel AA - Ley Seca","--","250","","280,582","0"
"Nekfeu - Elle pleut","33","42","","280,464","0"
"Ninho - M.I.L.S 2.0","60","61","","280,343","0"
"TASSO - Таю","50","135","","280,191","1,145"
"Jay Wheeler, DJ Nelson & Myke Towers - La Curiosidad","--","279","","280,114","0"
"Charli XCX & Troye Sivan - 1999","94","73","","280,099","0"
"Russ Millions x Tion Wayne - Body","56","27","","280,007","0"
"Snelle - Smoorverliefd","90","122","","279,899","0"
"Yüzyüzeyken Konuşuruz - Dinle Beni Bi'","--","583","","279,847","0"
"Joel Corry & Tom Grennan - Lionheart","106","91","","279,820","0"
"Тима Белорусских - Найду тебя","74","80","","279,404","0"
"10AGE & Ramil' - Ау","3","190","","279,303","0"
"sanah - Nic dwa razy","--","408","","279,164","109"
"Fabri Fibra - Pamplona","89","103","","279,112","0"
"Damso - 911","42","58","","278,957","0"
"PHARAOH - На луне","41","110","","278,953","0"
"Pop Smoke - Got It on Me","58","17","","278,853","0"
"GAIA - CHIAMO IO CHIAMI TU","84","97","","278,846","0"
"Loredana - Labyrinth","59","42","","278,800","0"
"Ghali - Casa Mia","87","55","","278,761","0"
"Mabel & Not3s - Fine Line","91","78","","278,681","0"
"KALUSH - Stefania","36","9","","278,398","0"
"Olivia Dean - Lady Lady","55","72","","278,392","900"
"Myke Towers & Juhn - Bandido","--","247","","278,118","0"
"Gambi - Dans l'espace","63","47","","278,009","0"
"Luis Fonsi & Ozuna - Imposible","5","169","","277,927","0"
"Jul - La street","67","122","","277,927","0"
"Cesare Cremonini & Elisa - Nonostante Tutto","80","161","","277,824","0"
"andreas odbjerg - hjem fra fabrikken","--","457","","277,700","34"
"The Weeknd, Playboi Carti & Madonna - Popular","33","5","","277,650","0"
"Marco Mengoni - Mi Fiderò","62","134","","277,615","0"
"JONY - Никак","78","71","","277,571","0"
"Jul - Un jour, je l'aurai","98","68","","277,566","0"
"Roxy Dekker - Gaan We Weg","8","179","","277,474","0"
"Gentleman - Devam","74","61","","277,413","0"
"5 Seconds of Summer - Easier","56","19","","277,331","0"
"Dawid Podsiadło - mori","--","439","","276,989","138"
"Nico Santos - Play With Fire","54","90","","276,978","0"
"Jazeek, Luciano & Miksu / Macloud - Playboy Bunnies","73","48","","276,956","0"
"Fedez - SAPORE","69","95","","276,787","0"
"Sam Smith - Like I Can","65","28","","276,740","0"
"Blueface - Thotiana","66","48","","276,590","0"
"The Script - Rain","85","72","","276,458","0"
"Felix Jaehn - Do It Better","67","103","","276,384","0"
"KALIM & Luciano - BLEIB' ÜBER NACHT","66","53","","276,307","0"
"Murda & Ezhel - Bi Sonraki Hayatımda Gel","--","380","","276,227","0"
"Samra - Weiss","66","34","","276,055","0"
"Salmo - STAI ZITTO","66","111","","276,049","0"
"MATRANG & Баста - Привет","74","114","","276,044","0"
"C ARMA - Yapma","42","152","","276,037","0"
"Akmal' - Мир нам завидовал","--","233","","275,945","277"
"Sean Paul featuring Keyshia Cole - (When You Gonna) Give It Up to Me","96","48","","275,894","2,258"
"No Limit, Orelsan & Ninho - Millions","76","55","","275,872","0"
"Tedua - Malamente","36","102","","275,824","0"
"Samra - BaeBae","53","40","","275,665","0"
"Sean Paul & J Balvin - Contra La Pared","95","128","","275,355","0"
"VERBEE - Зацепила","50","132","","275,210","0"
"Zivert - Del Mar","79","83","","275,105","0"
"Coez - La tua canzone","11","176","","274,972","0"
"Capital Bra, Samra & Santos - Purple Rain","62","35","","274,923","0"
"Jah Khalib - А я её","65","89","","274,758","0"
"LEA & Capital Bra - 7 Stunden","50","53","","274,641","0"
"Aretha Franklin - Winter Wonderland","61","41","","274,618","0"
"Mc Fioti, Future, J Balvin, Stefflon Don & Juan Magan - Bum Bum Tam Tam","79","79","","274,589","0"
"Adele - My Little Love","37","3","(x1)","274,559","0"
"Męskie Granie Orkiestra 2018 - Początek","--","444","","274,523","0"
"Ovy On the Drums, Quevedo & Beéle - YO y TÚ","--","219","","274,370","208"
"Kanye West - All Mine","31","4","","274,302","0"
"Drake - Mob Ties","32","10","","274,287","0"
"Gazo - MOLLY - A COLORS SHOW","70","36","","274,271","0"
"Michael Schulte & R3HAB - Waterfall","78","108","","274,181","0"
"Calcutta - 2minuti","108","95","","274,066","0"
"Becky G & Bad Bunny - Mayores","--","216","","273,855","0"
"Vegedream & Dj Leska - La fuite","6","185","","273,777","0"
"Eagles - Hotel California","--","274","","273,744","331"
"Noemi & Carl Brave - MAKUMBA","83","114","","273,717","0"
"Bankzitters - Huisfeestje","3","184","","273,583","0"
"Carl Brave - Malibu","19","145","","273,118","0"
"Marco Mengoni & Elodie - Pazza Musica","105","117","","273,085","0"
"Jah Khalib - Доча","84","63","","272,943","0"
"Jax Jones, Martin Solveig, RAYE & Europa - Tequila","100","91","","272,871","0"
"Coez - Domenica","22","132","","272,782","0"
"Bad Bunny & Chuwi - WELTiTA","46","22","","272,710","0"
"Booba - BB","65","49","","272,617","0"
"SENIDAH & RAF Camora - 100%","34","62","","272,240","65"
"Ozuna - Síguelo Bailando","--","207","","272,076","0"
"Jul - Superstar","93","55","","272,014","0"
"Little Mix - Confetti","84","68","","271,731","0"
"Pinguini Tattici Nucleari - Romantico Ma Muori","89","112","","271,550","0"
"Nico Santos - Safe","87","95","","271,096","0"
"Vintazh, ТРАВМА, SKIDRI & Dvrklxght - Плохая Девочка","107","71","","271,022","0"
"Ninho - Every day","56","41","","270,981","0"
"Gunna - wgft","60","94","","270,885","0"
"Central Cee - Commitment Issues","78","42","","270,874","0"
"GAYAZOV$ BROTHER$ & Filatov & Karas - Пошла жара","46","149","","270,666","0"
"Michael Bublé - Have Yourself a Merry Little Christmas","47","39","","270,574","0"
"Jonas Blue - What I like About You","66","66","","270,526","0"
"Sam Smith - To Die For","60","23","","270,525","0"
"Irama - Ovunque Sarai","79","50","","270,518","0"
"Sam Smith - One Last Song","62","18","","270,379","0"
"Saiko, Quevedo & Feid - POLARIS","--","233","","270,321","0"
"Irama - La genesi del tuo colore","92","108","","270,320","0"
"Big Baby Tape & Молодой Платон - ВЛЮБИЛАСЬ","49","106","","270,205","0"
"Aka 7even - Loca","94","105","","270,181","0"
"#2Маши - Босая","--","343","","270,103","0"
"Niall Horan - Nice to Meet Ya","57","27","","270,009","0"
"GIMS - Où aller","94","80","","269,894","0"
"Ronisia - Mélodie","91","38","","269,793","0"
"Kehlani - Nights Like This","69","43","","269,720","0"
"Niall Horan - Too Much to Ask","60","23","","269,719","0"
"Alok - Love Again","67","73","","269,600","0"
"alyona alyona & Jerry Heil - Teresa & Maria","23","24","","269,598","46"
"LEA - Treppenhaus","83","112","","269,051","0"
"Namika - Je ne parle pas français","77","87","","268,795","0"
"Tion Wayne - I Dunno","47","99","","268,765","0"
"21 Savage - a lot","71","19","","268,680","0"
"MACAN - За всех","64","60","","268,660","0"
"Frenna - Pretty Girls","--","229","","268,448","0"
"Quevedo & Ovy On the Drums - Sin Señal","--","242","","268,188","0"
"Eminem - Greatest","29","4","","268,184","0"
"Raim - Двигаться","65","81","","268,175","0"
"Azahriah & Desh - Mind1","--","784","","268,165","55"
"Rolf Zuckowski und seine Freunde - In der Weihnachtsbäckerei","62","157","","267,914","0"
"Olly & Juli - Menomale che c'è il mare","--","221","","267,879","344"
"Thegiornalisti - Maradona y Pelé","98","142","","267,713","0"
"Tujamo & Kelvyn Colt - Taking You Home","9","178","","267,568","0"
"Ariana Grande - fake smile","31","6","","267,409","0"
"Mustard & Migos - Pure Water","65","78","","267,398","0"
"Chanel & Abraham Mateo - Clavaíto","--","283","","267,387","0"
"La rappresentante di lista - Ciao Ciao","83","62","","267,352","0"
"Nathan Dawe x Little Mix - No Time For Tears","79","67","","267,243","0"
"Sabrina Carpenter - House Tour","54","21","","267,209","1,907"
"Post Malone - I Like You","67","12","","267,030","0"
"whyspurky & whylovly - Какая","95","73","","266,918","0"
"Rakhim - Fendi","74","93","","266,811","0"
"Medy - Arai","42","103","","266,791","0"
"Rammstein - Zeit","64","18","","266,667","0"
"Sigala & Rita Ora - You for Me","70","47","","266,645","0"
"Rkomi - Blu","84","134","","266,606","0"
"Kungs - Clap Your Hands","95","83","","266,546","0"
"6ix9ine - MAMA","43","3","(x1)","266,509","0"
"Takagi & Ketra, Marco Mengoni & Frah Quintale - Venere e Marte","83","105","","266,280","0"
"Cheat Codes & Little Mix - Only You","83","59","","266,119","0"
"BLANCO - Piangere a 90","81","82","","265,981","0"
"Mark Forster & LEA - Drei Uhr Nachts","55","92","","265,678","0"
"LEA & Cyril - Immer wenn wir uns sehn","--","204","","265,631","0"
"Benny Jamz, Gilli & Kesi - Ibiza","--","501","","265,573","62"
"Miyagi & Andy Panda - Не жалея","70","77","","265,566","0"
"Kali Uchis - telepatía","60","36","","265,411","0"
"Elodie, Michele Bravi & Guè Pequeno - Nero Bali","84","131","","265,406","0"
"Charlie Puth - Done For Me","55","29","","265,355","0"
"Nathan Dawe, Joel Corry & Ella Henderson - 0800 HEAVEN","103","86","","265,139","0"
"Landy - Enfants terribles","70","70","","265,064","0"
"The Minds Of 99 - Alle Skuffer Over Tid","--","515","","265,040","43"
"Nielson - IJskoud","--","244","","264,913","0"
"Glockenbach - Dirty Dancing","76","70","","264,832","0"
"Achille Lauro & Rose Villain - Fragole","83","114","","264,793","0"
"Tujamo, VIZE & MAJAN - Lonely","29","143","","264,763","0"
"Lithe - Fall Back","67","36","","264,761","0"
"Drake - I'm Upset","41","15","","264,511","0"
"Ирина Кайратовна - Айдахар","73","134","","264,439","0"
"T-Fest - Давай сконнектимся","81","79","","264,426","40"
"Becky Hill & Sigala - Heaven On My Mind","89","79","","264,387","0"
"NILETTO, Oleg Miami & Lesha Svik - Громче города","83","72","","264,313","0"
"Damso - N. J Respect R","64","106","","264,108","0"
"Angelina Mango - Che t'o dico a fa'","100","86","","264,094","0"
"Sam Smith & Demi Lovato - I'm Ready","42","16","","263,955","0"
"RIN - UP IN SMOKE","49","34","","263,902","0"
"Zedd & Katy Perry - 365","41","13","","263,842","0"
"Gazo - PROBATION","71","41","","263,779","0"
"Samra - COLT","62","31","","263,772","0"
"GIMS, Morad & SativaMusic - SEYA","88","78","","263,759","0"
"Tory Lanez - The Take","66","65","","263,725","0"
"Miko - Девочка в тренде","70","116","","263,721","0"
"Miksu / Macloud, Bausa & SELMON - Lonely","63","51","","263,490","0"
"Ozuna & Camilo - Despeinada","--","240","","263,360","0"
"Marracash - Crudelia","91","113","","263,197","0"
"Макс Барских - Неземная","16","136","","263,196","0"
"HoodBlaq - PASS AUF","67","40","","263,010","0"
"Massimo Pericolo - Moneylove","68","88","","262,994","0"
"Felix Jaehn - Jennie","43","153","","262,964","0"
"Sam Fender - People Watching","27","95","","262,909","0"
"Semicenk & Rast - Canın Sağ Olsun","--","503","","262,846","42"
"Shiva - Pensando a lei","45","107","","262,753","0"
"Niall Horan - Heaven","86","72","","262,752","0"
"JONY - На сиреневой луне","84","75","","262,684","0"
"Tedua - Red Light","28","113","","262,622","0"
"D-Block Europe - Make You Smile","72","93","","262,564","0"
"Skye Newman - Family Matters","77","93","","262,422","0"
"Shiva - Gotham","50","83","","262,365","160"
"Sfera Ebbasta, Geolier, Simba La Rue & Baby Gang - Calcolatrici","66","90","","262,064","0"
"Natalie Taylor - Surrender","65","53","","262,060","0"
"Mathea - 2x","17","155","","261,963","0"
"DEAD BLONDE - Мальчик на девятке","75","75","","261,888","0"
"Becky Hill & Galantis - Run","77","29","","261,887","0"
"Booba - Trône","61","43","","261,745","0"
"Lost Frequencies & James Arthur - Questions","11","172","","261,727","0"
"Orelsan - Jour meilleur","40","48","","261,662","0"
"Madame - MAREA","86","133","","261,649","0"
"Tiakola, Rsko & Hamza - 1h55","49","34","","261,590","0"
"Frenna - ZAAZAA","3","183","","261,466","158"
"Mida - ROSSOFUOCO","86","107","","261,389","0"
"Heronwater & BUSHIDO ZHO - Дай мне посмотреть","92","90","","261,334","0"
"Lost Frequencies & Tom Odell - Black Friday","90","99","","261,321","0"
"Sam Smith - Pray","60","25","","261,311","0"
"Naza - Joli bébé","58","36","","261,132","0"
"Fedez & Emis Killa - SEXY SHOP","98","85","","260,999","0"
"MACAN - Самый пьяный округ в мире","79","88","","260,922","0"
"Sigala & James Arthur - Lasting Lover","68","44","","260,808","0"
"Maluma - El Préstamo","67","89","","260,739","0"
"Bonez MC - Tilidin Weg","62","39","","260,721","0"
"YAKARY - sonnenbank.mp3","86","59","","260,720","0"
"Ninho - Mood","63","47","","260,597","0"
"Simge - Yankı","--","554","","260,368","263"
"21 Savage, Offset & Metro Boomin - Ghostface Killers","40","14","","260,333","0"
"Enrique Iglesias & Maria Becerra - ASI ES LA VIDA","--","283","","260,324","0"
"BLANCO - L'Isola Delle Rose","87","71","","260,168","0"
"Little Big - UNO","74","75","","259,822","0"
"Alan Walker - The Spectre","73","117","","259,815","0"
"Djadja & Dinaz - Tu Sais","78","50","","259,660","0"
"Ana Mena & Rocco Hunt - A Un Paso De La Luna","--","295","","259,541","0"
"LOBODA - Пуля-дура","55","105","","259,446","0"
"Booba - Drapeau noir","66","49","","259,363","0"
"Katy Perry - Chained To the Rhythm","58","54","","259,088","0"
"KÖFN - Bi' Tek Ben Anlarım","--","421","","258,691","0"
"Pop Smoke - Gangstas","36","12","","258,469","0"
"Miyagi & Эндшпиль - Голгофа","80","65","","258,338","0"
"THE ANXIETY, WILLOW & Tyler Cole - Meet Me At Our Spot","67","37","","258,283","0"
"Luciano - Time","67","27","","258,148","0"
"Artie 5ive - TOP G","43","127","","258,013","0"
"Josh. - Expresso & Tschianti","--","298","","258,011","0"
"Zartmann, Drumla & Dauner - eehhhyyy","8","183","","257,988","0"
"uglystephan & Scally Milano - Заберу","64","93","","257,929","0"
"Kendrick Lamar - N95","29","2","(x4)","257,769","0"
"sanah & Vito Bambino - Ale jazz","--","547","","257,662","0"
"Offset & Metro Boomin - Ric Flair Drip","49","39","","257,649","0"
"Rauw Alejandro & Romeo Santos - Khé","--","251","","257,494","145"
"Dadju - Amour toxic","61","91","","257,289","0"
"Kygo - Happy Now","88","46","","257,238","0"
"Matteo Paolillo - Icaro, Lolloflow & Clara - ORIGAMI ALL'ALBA - CLARA","94","117","","257,200","0"
"Elettra Lamborghini - Pistolero","92","108","","257,170","0"
"Zach Bryan - Pink Skies","8","172","","257,133","119"
"Егор Крид - Девочка с картинки","54","112","","257,078","0"
"Niro - Qui sait","35","47","","256,964","0"
"Werenoi - 3 singes","28","55","","256,918","137"
"Олег Кензов - По Кайфу","49","148","","256,812","0"
"Rihanna - Love on the Brain","3","77","","256,796","6"
"Shay & Niska - Sans Cœur","80","37","","256,740","0"
"Skryptonite - Животные","--","375","","256,672","18"
"Kygo & Zak Abel - Freedom","66","46","","256,672","0"
"47ter - Côte Ouest","47","127","","256,650","0"
"Rihanna - Don't Stop the Music","10","43","","256,634","1,327"
"Dardan & Nimo - B.I.B.O.","54","38","","256,605","0"
"$hirak - Miljonair","77","126","","256,604","0"
"Cardi B - Bartier Cardi","60","45","","256,604","0"
"kizaru - Зеркало","77","58","","256,523","0"
"AYLIVA - Nein","82","52","","256,375","0"
"Capital Bra - Der Bratan bleibt der gleiche","50","26","","256,319","0"
"ALBLAK 52 & Icegergert - Top Dawg","91","87","","256,310","231"
"UZI - ARASAN DA","--","507","","256,310","126"
"EO - German","74","117","","256,258","0"
"Charli XCX - 360","48","49","","256,233","0"
"Tom Gregory - Rather Be You","13","147","","256,216","0"
"Sangiovanni - tutta la notte","76","110","","256,146","0"
"D.O.D - So Much in Love","72","121","","256,067","0"
"Fred again.. & The Blessed Madonna - Marea","44","162","","255,873","0"
"Taylor Swift - the 1","38","8","","255,865","0"
"NOTD - I Wanna Know","82","56","","255,475","0"
"ROSALÍA - Sexo, Violencia y Llantas","36","5","","255,469","90"
"YNW Melly - Murder on My Mind","52","56","","255,440","0"
"Miley Cyrus - Used To Be Young","43","10","","255,429","0"
"J Balvin - Morado","19","133","","255,391","0"
"Aya Nakamura - Comportement","69","156","","255,376","0"
"AC/DC - Back In Black","--","455","","255,351","34"
"Suzan & Freek - Blauwe Dag","4","191","","255,317","0"
"Emma - L'amore non mi basta","79","91","","255,315","933"
"NЮ & Асия - Останься","51","98","","255,225","0"
"Lo Stato Sociale - Una Vita In Vacanza","85","109","","255,163","0"
"Francesco Gabbani - Viceversa","92","94","","255,152","0"
"Apache 207 - Sie ruft","46","38","","254,990","0"
"Miyagi & Эндшпиль - Самая","--","405","","254,849","0"
"Marco Mengoni - Ma stasera","83","140","","254,549","0"
"Naestro - Bella ciao","77","61","","254,453","0"
"ANNA & Artie 5ive - I LOVE IT","82","98","","254,442","0"
"ФОГЕЛЬ - МАЛЬЧИК","61","88","","254,106","0"
"Gaia - Chega","58","159","","254,052","0"
"Jul - Beuh d'Hollande","56","54","","254,014","0"
"RAF Camora & Juju - Wenn du mich siehst","57","37","","253,826","0"
"Mariah Carey - Oh Santa","32","18","","253,810","0"
"C. Tangana, Gipsy Kings, Nicolas Reyes & Tonino Baliardo - Ingobernable","--","269","","253,785","0"
"KSI - Holiday","73","55","","253,470","0"
"Tananai - SESSO OCCASIONALE","74","128","","253,318","0"
"Big Baby Tape - Like A G6","78","66","","253,222","0"
"Леша Свик - Луна","41","163","","252,966","0"
"Maes - Billets Verts","30","123","","252,803","0"
"BLANCO - Lucciole","53","103","","252,750","0"
"Myke Towers & Bad Bunny - ADIVINO","3","172","","252,691","0"
"Capital Bra - Capital Bra je m'appelle","57","41","","252,661","0"
"Shiva - Take 4","70","93","","252,656","0"
"KC Rebell - Alleen","61","43","","252,623","0"
"Bad Bunny & RaiNao - PERFuMITO NUEVO","45","20","","252,596","0"
"Alonzo - Santana","59","103","","252,502","0"
"Lamin - Gode Dage, Gode Drinks","--","518","","252,374","164"
"Drake - Emotionless","31","7","","252,306","0"
"Feid - Feliz Cumpleaños Ferxxo","--","272","","252,048","0"
"Tony Effe - BOSS","55","104","","251,966","0"
"Eddie Brock - Non è mica te","62","116","","251,962","0"
"PNL - À l'ammoniaque","76","44","","251,866","0"
"Suzan & Freek & Snelle - De Overkant","--","282","","251,599","0"
"Gruppa Skryptonite - 3x3","56","75","","251,528","0"
"Dua Lipa & Angele - Fever","48","25","","251,521","0"
"Loredana - Genick","53","35","","251,463","0"
"RAF Camora - Puta Madre","53","32","","251,409","0"
"Rammstein - Sonne","--","402","","251,317","189"
"Rvfv - Yo No Sé","21","170","","251,313","0"
"D-Block Europe & Aitch - UFO","34","103","","251,285","0"
"Tobias Rahim - Mucki Bar","--","460","","251,083","0"
"MACHETE, Salmo & Lazza - Ho Paura DI Uscire 2","36","105","","251,053","0"
"OneRepublic - No Vacancy","94","84","","250,946","0"
"Jackson 5 - Santa Claus Is Coming To Town","58","41","","250,557","0"
"Latto & Mariah Carey - Big Energy","81","80","","250,530","0"
"Kesha - Praying","61","35","","250,392","0"
"Takagi & Ketra, Elodie & Mariah - Ciclone","80","134","","250,366","0"
"FASMA & GG - Per sentirmi vivo","71","120","","250,282","0"
"Moya Mishel - Ветер меняет направление","25","173","","250,240","0"
"Andy Williams - Happy Holiday / The Holiday Season","61","52","","250,135","0"
"Artie 5ive - FW/SS25","20","109","","250,119","281"
"Shakira & Ozuna - Monotonía","80","100","","250,107","0"
"The Kid LAROI - SO DONE","47","59","","250,064","0"
"EsDeeKid & Rico Ace - Phantom","65","39","","250,013","0"
"Ultimo - Sogni appesi","--","239","","249,851","0"
"Alan Walker, Sabrina Carpenter & Farruko - On My Way","24","79","","249,817","0"
"Bakermat - Baianá","6","192","","249,651","0"
"Lady Gaga & BLACKPINK - Sour Candy","36","5","","249,536","0"
"Oasis - Live Forever","53","45","","249,480","0"
"Sofiane - Lundi","74","83","","249,431","0"
"Madame - IL BENE NEL MALE","66","68","","249,302","0"
"AYLIVA - Lass mich gehen","79","45","","249,254","0"
"Mora & De La Rose - AURORA","--","266","","249,203","118"
"Childish Gambino - Redbone","10","185","","249,164","0"
"Frank Ocean - Pink + White","--","297","","249,140","4"
"Ultimo - Ipocondria","13","135","","249,118","0"
"S10 - De Diepte","31","34","","249,103","0"
"Tanir & Tyomcha - Da Da Da","72","95","","248,915","0"
"VERBEE - Один","73","124","","248,840","0"
"Artigeardit & Kesi - Er Her","--","546","","248,830","187"
"Omar Montes & Bad Gyal - Alocao","--","241","","248,540","0"
"Anna - Bando","77","107","","248,502","0"
"Мари Краймбрери - Океан","9","189","","248,498","0"
"Damso - DEUX TOILES DE MER","50","31","","248,472","0"
"Maluma - Sobrio","--","226","","248,469","0"
"Icy Subzero - MUJER","67","130","","248,443","0"
"Rkomi - INSUPERABILE","84","80","","248,412","0"
"Capital Bra & Bozza - Ich weiß nicht mal wie sie heißt","42","32","","248,349","0"
"Ariana Grande - needy","30","5","","248,228","0"
"JJ - Wasted Love","38","4","","248,205","0"
"PHARAOH - Не по пути","72","82","","248,197","0"
"Ninho - Sans peine","34","50","","248,171","0"
"Myke Towers - Relación Rota","--","373","","248,123","116"
"Aya Nakamura - Préféré","57","49","","248,085","0"
"Elodie - Due","77","73","","248,047","0"
"Conkarah - Banana","57","82","","248,031","0"
"Aitch - Buss Down","55","91","","248,024","0"
"Ozuna - Ibiza","1","198","","247,947","0"
"MACAN & NAVAI - Неужели это все любовь","92","99","","247,821","0"
"Bonez MC, Raf Camora & Gzuz - Kokain","44","41","","247,798","0"
"KAROL G - LATINA FOREVA","17","128","","247,674","725"
"Booba - 113","62","44","","247,617","0"
"Capo Plaza - Non Basta Mai","39","117","","247,615","0"
"Antoon - Hotelschool","--","253","","247,352","0"
"Alvaro De Luna - Juramento eterno de sal","--","356","","247,325","0"
"Rihanna - Stay","12","136","","247,289","0"
"Lost Frequencies - The Feeling","61","73","","247,192","0"
"Alfa - Vai","82","89","","247,159","0"
"Ninho - Paris c'est magique","50","45","","247,080","0"
"Purple Disco Machine - Fireworks","55","87","","246,964","0"
"Newera - Birds In The Sky","73","92","","246,935","0"
"BLØF - Zoutelande","7","188","","246,894","0"
"Zedd & Liam Payne - Get Low","56","31","","246,890","0"
"Jax Jones & Ella Henderson - This Is Real","62","85","","246,882","0"
"Quevedo - Punto G","--","211","","246,855","0"
"Rose Villain - Fantasmi","--","274","","246,838","0"
"Takagi & Ketra - L'esercito del selfie","85","111","","246,778","0"
"Lola Índigo - LA REINA","--","239","","246,740","0"
"Betta Lemme - Bambola","67","71","","246,594","0"
"J Hus - Bouff Daddy","36","157","","246,565","0"
"Ninho - Athéna","59","50","","246,559","0"
"reezy - SHOOT","67","36","","246,542","0"
"Charli xcx - party 4 u","64","36","","246,251","0"
"Скриптонит - Капли вниз по бёдрам","33","142","","246,250","0"
"Olivia Rodrigo - Can’t Catch Me Now","67","21","","246,133","0"
"DJ Sem - Mi Corazón","75","105","","245,934","0"
"Manuel Turizo - Una Lady Como Tú","7","175","","245,783","0"
"Emilio - AUSMACHT","80","33","","245,738","0"
"Joker Bra & VIZE - Baby","51","34","","245,663","0"
"Miyagi & Andy Panda - Буревестник","62","62","","245,561","0"
"SEREBRO - Между нами любовь","70","152","","245,474","0"
"Bramsito - Criminel","88","71","","245,298","0"
"Ezhel - İmkansızım","--","473","","245,252","0"
"Gemitaiz, Venerus & Franco126 - Senza Di Me","24","146","","245,213","0"
"Måneskin - GOSSIP","35","27","","245,171","0"
"AriBeatz - MIRAGE","38","144","","245,152","0"
"BLOK3 - SEVMEYİ DENEMEDİN","--","449","","245,131","319"
"Simge - Aşkın Olayım","--","472","","244,994","0"
"Werenoi - Solitaire","3","148","","244,838","213"
"Young Thug - Hot","55","30","","244,736","0"
"Xcho - Вороны","43","136","","244,680","17"
"Apache 207 - Matrix","46","35","","244,525","0"
"Sarah Connor - Ring Out The Bells","69","47","","244,443","0"
"Tayc - Comme toi","83","61","","244,304","0"
"Bruno Mars & David Guetta - Versace On The Floor","80","79","","244,248","0"
"Bad Bunny - NI BIEN NI MAL","65","96","","244,238","0"
"Ultimo - La stella più fragile dell'universo","--","246","","244,213","0"
"Aitana & Nicki Nicole - Formentera","--","271","","244,108","0"
"Jul - Tel Me","60","45","","244,064","0"
"Eminem - Those Kinda Nights","28","8","","243,977","0"
"KeBlack - Complètement sonné","58","132","","243,976","0"
"GIMS & Dadju - Terminal 2F","39","55","","243,851","0"
"Drake - Knife Talk","51","26","","243,794","0"
"Егор Крид - Слеза","55","146","","243,695","0"
"Romeo Santos & Prince Royce - Dardos","69","94","","243,660","1,028"
"PLK & Theodora - Sex Model","71","40","","243,605","2,192"
"AYLIVA - Lilien","69","49","","243,535","0"
"SOLIDNAYA & SAKXRA - Пахнешь как","76","80","","243,411","0"
"Emma Steinbakken & Hver gang vi møtes - Floden","--","457","","243,160","54"
"Pop Smoke - Something Special","56","25","","243,129","0"
"Calvin Harris, Dua Lipa & Young Thug - Potion","69","25","","243,093","0"
"Marracash - LEI","39","97","","243,060","0"
"Артём Качер & Ани Лорак - Материк","69","134","","243,021","0"
"PAWSA & The Adventures of Stevie V - Dirty Cash","80","72","","242,891","0"
"SANTA - Popcorn Salé","50","84","","242,838","0"
"RAF Camora - Guapa","42","35","","242,816","0"
"Maluma - COCO LOCO","--","233","","242,726","0"
"Lauren Spencer-Smith - Flowers","58","17","","242,721","0"
"Snik - Millionaire","--","686","","242,690","150"
"Lewis Capaldi - Survive","60","35","","242,532","0"
"Amaarae & Kali Uchis - Sad Girlz Luv Money Remix","29","9","","242,520","0"
"Зомб - Даже не половина","5","195","","242,493","0"
"Fabri Fibra, Colapesce & Dimartino - Propaganda","79","113","","242,423","0"
"Ariana Grande - pov","41","22","","242,293","0"
"Lauv - f**k, i'm lonely","69","40","","242,274","0"
"Doja Cat - Ain't Shit","65","31","","242,260","0"
"Ariana Grande - NASA","30","7","","242,223","0"
"By Индия & The Limba - money","83","83","","242,119","0"
"Cro & Capital Bra - BLESSED","61","33","","242,097","0"
"Alle Farben & Janieck - Little Hollywood","80","78","","241,945","0"
"Sigala & Talia Mar - Stay the Night","79","80","","241,932","0"
"YG - Go Loko","60","60","","241,901","0"
"Elodie - Tribale","98","130","","241,887","0"
"Orelsan - La pluie","71","60","","241,854","0"
"andreas odbjerg - i morgen er der også en dag","--","596","","241,836","0"
"Kendrick Lamar - euphoria","31","5","","241,713","0"
"Bru-C - No Excuses","82","114","","241,668","0"
"Billie Eilish & ROSALÍA - Lo Vas A Olvidar","32","5","","241,639","0"
"Dadi - Bah Ouais - Nouvelle École","60","36","","241,635","0"
"Elodie - Guaranà","71","160","","241,570","0"
"Ultimo - 22 settembre","56","105","","241,481","0"
"Sfera Ebbasta - Mademoiselle","76","94","","241,386","0"
"Ninho - Gros vendeurs","39","53","","240,979","0"
"Bearwolf - Один в поле воин","52","151","","240,884","208"
"Элджей - Hey, Guys","70","114","","240,777","0"
"D-Block Europe & RAYE - Ferrari Horses","56","90","","240,748","0"
"MACAN - Май","58","70","","240,728","0"
"Макс Барских - Полураздета","62","136","","240,486","0"
"Marracash - Bravi a cadere","86","133","","240,149","0"
"Capital Bra - Feuer","64","37","","240,147","0"
"SCH - Marché noir","67","50","","240,090","0"
"Sigala - Melody","79","77","","239,915","0"
"Juanfran - Como Llora","63","135","","239,844","0"
"Ronisia - Suis-moi","58","45","","239,776","0"
"Jeny Vesna - Внутренний голос","75","81","","239,683","847"
"Random - Sono un bravo ragazzo un po' fuori di testa","57","126","","239,680","0"
"LINKIN PARK - Heavy","40","29","","239,536","0"
"Michael Bublé - Frosty the Snowman","60","45","","239,524","0"
"Charli XCX - Speed Drive","56","32","","239,485","0"
"Esther Graf - Merry Christmas Everyone","86","69","","239,349","0"
"Tiësto & Ty Dolla $ign - The Business, Pt. II","65","74","","239,343","0"
"Freddy Kalas - Hey Ho","--","324","","239,242","0"
"Ninho - Blue story","66","27","","239,167","0"
"Drake - Search & Rescue","34","2","(x4)","239,056","0"
"Olivia Rodrigo - enough for you","47","15","","239,034","0"
"Kaaris - Bling Bling","82","83","","238,999","0"
"A.V.G - 25 кадр","71","136","","238,909","5"
"XXXTENTACION - Look At Me","33","12","","238,881","0"
"The Chainsmokers - Side Effects","60","30","","238,788","0"
"VillaBanks - Papaya","72","97","","238,736","0"
"Ariana Grande - bad idea","28","9","","238,665","0"
"Samra & Elif - Zu Ende","52","39","","238,624","0"
"Dj Belite - All Eyes on Me","71","45","","238,532","0"
"Yorssy - Crf - Nouvelle École","71","48","","238,506","0"
"Irama - A L I","72","103","","238,499","0"
"187 Strassenbande, Bonez MC & Frauenarzt - Extasy","56","35","","238,379","0"
"Гио ПиКа - Листопадом","--","265","","238,251","0"
"Travis Scott - HYAENA","26","1","(x2)","238,179","0"
"DJ Malvado & DJ Aka-m - Mussulo","--","285","","238,028","100"
"Calin & Viktor Sheen - Cikády","--","521","","237,973","34"
"Saiko - Supernova","--","253","","237,871","0"
"Rack & Saske - NASA","--","637","","237,869","125"
"Headie One & Drake - Only You Freestyle","38","15","","237,571","0"
"El Taiger & Dj Conds - La Historia","--","273","","237,549","0"
"Jake La Furia - El Party","48","166","","237,482","0"
"Niska - W.L.G","60","61","","237,474","0"
"LIZER - Между нами","52","100","","237,462","0"
"Camilo - Favorito","--","247","","237,387","0"
"Felix Jaehn & The Stickmen Project - Rain In Ibiza","69","104","","237,358","0"
"Luchè - Stamm Fort","46","101","","237,270","0"
"Semicenk & Doğu Swag - Pişman Değilim","--","497","","237,107","0"
"Khalid - Suncity","29","20","","237,035","0"
"JACKBOYS & Sheck Wes - GANG GANG","31","5","","237,024","0"
"Miyagi & Эндшпиль - Saloon","75","58","","236,830","0"
"Myke Towers - Diosa","--","258","","236,762","64"
"Miley Cyrus - River","32","2","(x5)","236,671","0"
"Radiohead - Let Down","29","119","","236,594","0"
"Drake - Lemon Pepper Freestyle","29","7","","236,512","0"
"Bula - Тлеет","72","71","","236,341","0"
"Gazzelle & Mara Sattei - Tuttecose","84","150","","236,296","0"
"Il Tre - Te lo prometto","45","128","","236,226","0"
"C. Tangana - Mala Mujer","--","201","","236,200","0"
"Freeze Corleone - Shavkat","66","34","","236,177","0"
"Tkandz & CXSPER - Now or Never","53","25","","236,150","0"
"Abor & Tynna - Baller","41","9","","236,141","0"
"Ariana Grande - twilight zone","36","6","","236,081","0"
"Mora & Jhayco - MEMORIAS","--","284","","236,020","0"
"Clean Bandit - Rather Be","1","168","","235,926","97"
"Эрика Лундмоен - Яд","12","183","","235,669","0"
"Adele - Hello","16","38","","235,496","0"
"Rkomi, Ernia & MACE - 10 RAGAZZE","28","109","","235,458","0"
"Lady Gaga - I'll Never Love Again","25","89","","235,414","0"
"Elisa - Se Piovesse Il Tuo Nome","76","150","","235,371","0"
"Элджей - 1love","71","111","","235,186","0"
"Егор Крид - Голос","73","103","","235,166","0"
"Feduk - Закрывай глаза","72","87","","235,105","0"
"Olivia Rodrigo - drop dead","15","2","(x8)","235,054","13,800"
"Playboi Carti - EVIL J0RDAN","26","1","(x1)","235,048","0"
"Luca Hänni - She Got Me","28","34","","235,038","0"
"Dardan - Ma Bae","43","73","","235,021","0"
"FLEMMING - Paracetamollen","--","236","","234,964","0"
"Drake - Virginia Beach","23","2","(x1)","234,943","0"
"Metejoor & Hannah Mae - Wat Wil Je Van Mij","7","187","","234,941","0"
"Irama - Tu No","71","54","","234,794","0"
"Summer Cem - Chinchilla","60","58","","234,736","0"
"ZAYN - Let Me","43","13","","234,470","0"
"Ninho - RER D","58","44","","234,220","0"
"Big Baby Tape - Trap Luv","58","58","","234,116","0"
"HammAli & Navai - У окна","53","74","","233,961","0"
"СДП - Сыпь, гармоника","95","65","","233,933","2,346"
"Salmo - LUNEDI'","36","128","","233,860","0"
"Kontra K - Fame","39","51","","233,730","0"
"Ninho - Rose","41","63","","233,666","0"
"Zuna, Loredana & SRNO - Du bist mein","56","43","","233,652","0"
"дора - Втюрилась","23","159","","233,616","0"
"Volbeat - For Evigt","--","583","","233,585","0"
"GIMS - J'me tire","--","241","","233,584","0"
"Taylor Swift - Question...","36","10","","233,505","0"
"Martin Jensen - Solo Dance","57","58","","233,380","0"
"Sam Smith - Fire on Fire","30","111","","233,360","0"
"Мот - Соло","87","125","","233,189","0"
"Felix Jaehn - Like a Riddle","76","78","","233,178","0"
"Lorde - What Was That","39","10","","233,116","0"
"Pajel, Luciano & Headie One - 10von10","60","38","","233,096","0"
"Егор Крид - Сердцеедка","61","113","","232,928","0"
"Corneille, Aya Nakamura & Trinix - Avec classe","44","156","","232,926","0"
"Хабиб - Ягода малинка","9","182","","232,910","0"
"Bad Bunny - EL CLúB","46","26","","232,859","0"
"Loredana - Sonnenbrille","49","56","","232,835","0"
"Nio García, Anuel AA & Myke Towers - La Jeepeta","--","237","","232,762","0"
"Lady Gaga - Vanish Into You","29","6","","232,723","0"
"Terry - Домофон","57","90","","232,716","0"
"Винтаж, ТРАВМА, SKIDRI & DVRKLXGHT - Плохая Девочка","55","114","","232,688","0"
"Bárbara Bandeira - Como Tu","--","350","","232,414","0"
"Noizy - Toto","58","57","","232,362","0"
"KC Rebell & Summer Cem - FLY","49","43","","232,354","0"
"MATRANG - Вода","44","102","","232,344","0"
"The Kolors - TU CON CHI FAI L'AMORE","70","127","","232,339","0"
"ABBA - Don't Shut Me Down","45","19","","232,321","0"
"Sech, Daddy Yankee & J Balvin - Relación","10","180","","232,294","0"
"HUGEL - WTF","64","95","","232,192","0"
"Kanye West & Travis Scott - FATHER","21","1","(x1)","232,147","14"
"Dj Kawest & Attachingboy - Chambre 04","65","58","","232,146","0"
"Backstreet Boys - I Want It That Way","--","330","","231,994","0"
"Mecna & CoCo - La più bella","72","144","","231,924","0"
"KeBlack - Boulot","58","66","","231,759","0"
"Doja Cat - Agora Hills","55","43","","231,753","0"
"KAROL G - S91","--","239","","231,679","0"
"Aymen & SIRA - 30 mal am Tag","69","44","","231,654","0"
"Babblarna - Babblarnas vaggvisa","--","575","","231,553","72"
"Shindy - What's Luv","49","42","","231,525","0"
"Zivert - мутки","68","150","","231,458","0"
"KSI - Not Over Yet","76","72","","231,440","0"
"Marc Segui, Rauw Alejandro & Pol Granch - Tiroteo","--","287","","231,297","0"
"PNL - Hasta la vista","55","44","","231,285","0"
"MITCHEL - А уже фсё","68","102","","231,213","0"
"OBLADAET & Icegergert - NAME","77","86","","231,196","0"
"Hornet La Frappe - Sheitana","32","86","","231,185","0"
"Larry - Woin Woin","77","55","","231,179","0"
"AVA - TÊTE","59","142","","231,119","0"
"Sabrina Carpenter - Good Graces","50","19","","231,057","0"
"Marwa Loud - Billet","77","60","","231,048","0"
"LX & Maxwell - HaifischNikez Allstars","53","38","","230,989","0"
"Russ splash, Tion Wayne, Aitch, Swarmz, Savo & JAY1 - Keisha & Becky","53","136","","230,951","0"
"Demarco Flamenco - La isla del Amor","--","233","","230,932","0"
"Rudimental & Skepsis - Green & Gold","74","93","","230,864","0"
"Irama, Rkomi & Shablo - HOLLYWOOD","71","150","","230,738","0"
"Jul - Capata","40","60","","230,725","0"
"Kanye West - Jail","19","4","","230,692","0"
"ZAH1DE - Mona Lisa Motion","85","52","","230,582","0"
"SANTOS, Sido & Samra - Leere Hände","51","34","","230,496","0"
"Sofi Tukker - Best Friend","68","72","","230,403","0"
"Quevedo - TUCHAT","--","261","","230,312","333"
"Tiakola - Pousse toi","50","56","","230,223","0"
"Azet & Zuna - Skam Koh","52","36","","230,162","0"
"Mister V - Jamais","72","54","","230,062","0"
"NEXTIME - СВЕТЛАНА","79","62","","230,029","0"
"Geolier - IDEE CHIARE","21","116","","230,001","148"
"Gazzelle - Tutto Qui","74","83","","229,924","0"
"Harry Styles - Grapejuice","36","4","","229,591","0"
"thasup - ly","76","103","","229,512","0"
"ABBA - Dancing Queen","9","28","","229,437","66"
"Bizzey & Boef - Drama","52","148","","229,362","0"
"Roy Bianco & Die Abbrunzati Boys - Bella Napoli","11","103","","229,242","788"
"AYLIVA - Bei Nacht","41","62","","229,195","0"
"FRIENDLY THUG 52 NGG - No Gletcher Gang 2","55","69","","229,119","5"
"Little Mix - Holiday","76","121","","229,082","0"
"Vacra & PLK - Confidences","51","87","","229,068","0"
"Dardan & Monet192 - H <3 T E L","51","52","","229,056","0"
"Salmo - Perdonami","35","105","","229,055","0"
"Passenger - Let Her Go","--","527","","229,018","0"
"Артур Пирожков - Чика","11","171","","228,992","0"
"Tobias Rahim - Bellevue","--","488","","228,849","88"
"NILETTO - Someone like you","74","140","","228,830","0"
"Miyagi & Эндшпиль - Круговорот","58","60","","228,710","0"
"Tom Grennan - Here","96","92","","228,656","0"
"BTS - Hooligan","43","8","","228,559","1,563"
"Disciples - On My Mind","68","75","","228,464","0"
"Lost Frequencies - Like I Love You","33","88","","228,415","0"
"MACAN - Я хочу с тобой","65","99","","228,388","0"
"BoomDaBash & Loredana Bertè - Non ti dico no","92","152","","228,378","0"
"Reik, J Balvin & Lalo Ebratt - Indeciso","--","300","","228,353","0"
"Lynda - Passe ton chemin","59","106","","228,353","0"
"XOLIDAYBOY - LOVE AGAIN","--","208","","228,333","106"
"Capital Bra - Kennzeichen B-TK","44","41","","228,306","0"
"TWICE - TAKEDOWN","63","38","","228,197","0"
"Niall Horan - No Judgement","50","63","","228,129","0"
"Lord Huron - The Night We Met","--","334","","228,057","0"
"Rose Villain - fuorilegge","86","82","","227,978","0"
"Aya Nakamura - Oula","63","71","","227,963","0"
"Eminem - Not Alike","29","11","","227,926","0"
"Kim - Love & Lové","66","60","","227,887","0"
"Wejdene - Je t’aime de ouf","59","41","","227,851","0"
"Gazo - BODIES","80","32","","227,827","0"
"Luciano - Mios mit Bars","43","35","","227,825","0"
"EDIS - Arıyorum","--","484","","227,823","27"
"MACHETE, Salmo & Nitro - Marylean","49","111","","227,649","0"
"Shakira - Me Enamoré","72","82","","227,610","0"
"Chef'Special - Afraid Of The Dark","--","294","","227,582","0"
"Måneskin - MAMMAMIA","35","15","","227,488","0"
"Ninho & Tiakola - LES DIAMANTS DE BOKASSA","63","32","","227,484","247"
"Harry Styles - Cinema","36","9","","227,452","0"
"Bad Bunny & Sech - Ignorantes","27","103","","227,426","22"
"Billie Eilish - THE DINER","35","12","","227,412","0"
"BTS - FYA","38","5","","227,390","1,199"
"Егор Крид - LAMBO URUS","48","104","","227,240","0"
"Fero47 - Jaja","56","46","","227,223","0"
"Selena Gomez - Look At Her Now","42","16","","227,057","0"
"Lacrim - Joie de filles","62","60","","226,918","0"
"UZI - Krvn","--","540","","226,896","0"
"Sam Ryder - SPACE MAN","47","22","","226,882","0"
"Moha La Squale - Luna","63","111","","226,854","0"
"Rauw Alejandro, Lyanno & Brray - LOKERA","--","257","","226,809","0"
"Apache 207 - Kein Problem","14","154","","226,783","0"
"Kendrick Lamar, Blxst & Amanda Reifer - Die Hard","28","4","","226,723","0"
"Mac Tyer - Moto","57","68","","226,490","0"
"Bausa & Juju - 2012","50","44","","226,394","0"
"Random - Rossetto","36","131","","226,309","0"
"Katy Perry - Cozy Little Christmas","58","46","","226,299","0"
"Mora, Bad Bunny & Sech - Volando","--","241","","226,237","0"
"Angèle - La thune","6","163","","226,223","0"
"Takagi & Ketra - La luna e la gatta","54","158","","226,127","0"
"The Blockparty & Esko - Huts","44","136","","226,059","0"
"Chily - San Pellegrino","24","170","","225,989","0"
"Pepel Nahudi - Заново завоевать","66","90","","225,976","0"
"Negramaro - Fino all'imbrunire","81","135","","225,888","0"
"Gestört aber GeiL - Wohin willst du","42","134","","225,869","0"
"Matteo Romano - Concedimi","67","119","","225,850","0"
"Элджей - Дисконнект","--","215","","225,765","0"
"Annalisa - Movimento lento","75","123","","225,661","0"
"Ivandro - Lua","--","424","","225,616","0"
"Bon Jovi - Livin' On a Prayer","1","120","","225,545","314"
"sanah & Dawid Podsiadło - ostatnia nadzieja","--","438","","225,509","0"
"Halsey - Graveyard","52","44","","225,464","0"
"MALFA - So Long","41","146","","225,391","0"
"Martin Solveig & Roy Woods - Juliet & Romeo","42","88","","225,355","0"
"Hava - Ja sagen","74","39","","225,349","0"
"Артур Пирожков - #Алкоголичка","55","128","","225,291","0"
"Bad Bunny, Jowell Y Randy & Ñengo Flow - Safaera","2","67","","225,240","0"
"Mert Demir & Mabel Matiz - Antidepresan","--","412","","225,062","0"
"Post Malone - Motley Crew","40","8","","224,950","0"
"MACAN & YASMI - Jet","82","91","","224,926","0"
"Elettra Lamborghini - Musica","87","101","","224,863","0"
"Jamule & FOURTY - KISSENSCHLACHT","65","48","","224,789","0"
"Ernia - BELLA FREGATURA","66","107","","224,738","0"
"Kamazz - Как ты там","28","174","","224,727","0"
"Drake & 21 Savage - Circo Loco","26","7","","224,626","0"
"Макс Барских - Моя любовь","38","154","","224,616","0"
"Эндшпиль - Приятная","84","94","","224,571","0"
"Drake & 21 Savage - Major Distribution","22","3","(x1)","224,524","0"
"Purple Disco Machine - Dopamine","23","117","","224,480","0"
"Wejdene - Coco","58","52","","224,421","0"
"Jax Jones & Bebe Rexha - Harder","67","57","","224,362","0"
"CAPO - GHETTOGIRL","49","53","","224,323","0"
"Sech - Otro Trago","47","126","","224,302","0"
"Ninho - YSL","57","46","","224,299","0"
"Il Pagante - Portofino","69","160","","224,277","0"
"Elisa & Carl Brave - Vivere tutte le vite","24","177","","224,197","0"
"GONE.Fludd - САХАРНЫЙ ЧЕЛОВЕК","57","97","","224,179","0"
"BLANCO - Sai Cosa C’è","40","117","","224,044","0"
"Michelle Williams - Tightrope","--","206","","223,940","0"
"Francesca Michielin & Fedez - CHIAMAMI PER NOME","66","76","","223,887","0"
"Coez - Occhi rossi","28","159","","223,851","0"
"Rocco Hunt & Noemi - OH MA","47","152","","223,841","0"
"Скриптонит - Космос","--","347","","223,837","0"
"G-Eazy - No Limit","36","82","","223,820","0"
"Tayc & Tiakola - P A S C O M M E Ç A","58","57","","223,794","0"
"Luciano & Lil Zey - ELMAS","58","31","","223,678","0"
"Shirin David - ON OFF","51","30","","223,627","0"
"Тима Белорусских - Одуванчик","56","70","","223,613","0"
"CNCO - Reggaetón Lento","12","143","","223,473","0"
"J Balvin & Jowell & Randy - Bonita","--","236","","223,451","0"
"Werenoi, SDM & Vacra - Jalouse","49","35","","223,427","98"
"Djadja & Dinaz - Possédé","29","69","","223,404","0"
"Gazo & Tiakola - CARTIER","53","39","","223,403","0"
"Aya Nakamura - La machine","52","103","","223,399","0"
"Morat y Alvaro Soler - Yo Contigo, Tú Conmigo","59","108","","223,341","0"
"Myke Towers - Experimento","--","257","","223,275","0"
"Ivandro & Julinho Ksd - Chakras","--","353","","223,215","0"
"Ronnie Flex - Blijf Bij Mij","13","188","","223,155","0"
"Bad Bunny, Prince Royce & J Balvin - Sensualidad","--","218","","223,147","0"
"Dave - Disaster","38","90","","223,145","0"
"Bastille - Pompeii","--","451","","223,095","0"
"Drake - Champagne Poetry","42","14","","223,074","0"
"Samra - Rohdiamant ٢٠٢٠","55","36","","222,911","0"
"Luciano - Frozen Tears","75","44","","222,906","0"
"ARIETE - L'ultima notte","43","144","","222,747","0"
"Central Cee - Loading","20","158","","222,704","0"
"David Guetta, Teddy Swims & Tones And I - Gone Gone Gone","64","83","","222,624","749"
"NEIKED, Mae Muller & Polo G - Better Days","45","40","","222,554","0"
"Dagny - Somebody","--","449","","222,414","0"
"No Limit, Bosh & Heuss L'enfoiré - OLA OLA OLA","69","76","","222,387","0"
"C. Tangana - Demasiadas Mujeres","--","268","","222,384","0"
"Achille Lauro - Me ne frego","57","96","","222,286","0"
"Metro Boomin, Travis Scott & Young Thug - Trance","45","25","","222,272","0"
"Samuel Welten - Echte Liefde Is Te Koop","--","222","","222,254","88"
"Sfera Ebbasta, Marracash & Guè Pequeno - Tik Tok","77","86","","222,122","0"
"Guè - 2%","--","238","","222,056","0"
"KSI - Really Love","57","96","","222,007","0"
"Ninho - Toutes les couleurs","47","57","","221,946","0"
"Post Malone - Paranoid","33","11","","221,906","0"
"Plutónio - Interestelar","--","473","","221,885","388"
"Myke Towers & Quevedo - SOLEAO","--","270","","221,810","130"
"Booba - Arc-en-ciel","29","53","","221,802","0"
"Maes, Tiakola & Zed - Mardi gras","31","35","","221,795","0"
"Jah Khalib - Если чё, я Баха","15","171","","221,712","12"
"PNL - Chang","56","35","","221,631","0"
"RASA - Под фонарём","53","133","","221,604","0"
"Justin Bieber - Love Yourself","14","49","","221,508","83"
"Sleepy Hallow - ANXIETY","29","7","","221,445","0"
"Sigala - We Got Love","62","67","","221,422","0"
"Bresh - Angelina Jolie","--","252","","221,413","97"
"Becky Hill & Sonny Fodera - Never Be Alone","74","59","","221,270","0"
"CÉLINE - Tränen aus Kajal","54","83","","221,269","0"
"Guy2Bezbar - Cullinan","53","100","","221,235","357"
"Kid Yugi, Tedua & Junior K - Eva","58","99","","221,210","0"
"Bolémvn - Ça canarde","79","68","","221,093","0"
"Shirin David - 90-60-111","52","42","","220,960","0"
"Simge - Önümüz Yaz","--","499","","220,932","301"
"LEA - Leiser","61","95","","220,843","0"
"Shiva & Emis Killa - Mon Fre","--","201","","220,836","0"
"KAROL G & Ovy On the Drums - CAIRO","--","274","","220,738","0"
"Taylor Swift - Vigilante Shit","35","11","","220,713","0"
"Jungle - Back On 74","37","66","","220,665","0"
"Landy - Millions d'euros","76","103","","220,654","0"
"Aymen - Plug","56","89","","220,605","0"
"Måneskin - Chosen","56","97","","220,585","0"
"Emilia - La_Original.mp3","--","276","","220,564","0"
"Steel Banglez - Bad","32","149","","220,526","0"
"Cadet & Deno Driz - Advice","64","159","","220,437","0"
"Luciano, Hurts, 6PM RECORDS & SIRA - WONDERFUL LIFE","58","28","","220,328","0"
"Vasco Rossi - Come nelle favole","57","121","","220,205","0"
"Doja Cat - Get Into It","53","64","","220,038","0"
"Gazapizm - Heyecanı Yok","--","446","","219,792","0"
"Coez & Frah Quintale - Alta marea","45","115","","219,755","0"
"Falling In Reverse - God Is a Weapon","55","96","","219,733","0"
"Sezen Aksu - Biliyorsun","--","714","","219,623","213"
"Ernia, Geolier & Junior K - ACQUA TONICA","59","103","","219,507","0"
"Scally Milano - Йупи Йо","74","95","","219,460","0"
"Deddy - 0 passi","66","138","","219,416","0"
"Orelsan - Basique","57","64","","219,411","0"
"RAYE & Mr Eazi - Decline","68","111","","219,332","0"
"Anuel AA, Quevedo & Maluma - OA","--","265","","219,308","48"
"Bruno Mars, Anderson .Paak & Silk Sonic - Smokin Out The Window","43","13","","219,304","0"
"Annalisa - Piazza San Marco","74","112","","219,290","0"
"Fedez & Clara - SCELTE STUPIDE","45","136","","219,203","0"
"Halva Priset & Maria Mena - Den fineste Chevy'n","--","555","","219,167","0"
"Apache 207 - Unterwegs","45","37","","219,157","0"
"ELMAN & MONA - Черная любовь","76","81","","219,086","0"
"Miyagi & Эндшпиль - Временно","65","59","","219,017","4"
"AC/DC - Highway to Hell","--","217","","219,009","4"
"Тима Белорусских - Альфа и Омега","61","73","","218,921","0"
"Judy Garland - Have Yourself A Merry Little Christmas","48","37","","218,906","0"
"TLC - No Scrubs","1","200","","218,892","0"
"Akmal' - Ты мне покажи...","2","188","","218,872","238"
"Timar - SIERRA LEONE","70","63","","218,839","395"
"Bebe Rexha - I'm a Mess","56","92","","218,822","0"
"Drake - Elevate","28","6","","218,818","0"
"P!nk - Revenge","30","15","","218,750","0"
"Shakira - Soltera","6","178","","218,659","0"
"OG Buda - Крит","83","91","","218,556","0"
"Kontra K - Blei","57","71","","218,402","0"
"DJ Luian, Mambo Kingz & Anuel AA - Verte Ir","--","217","","218,384","0"
"Miyagi - Родная пой","40","91","","218,218","0"
"ROSALÍA - LLYLM","29","76","","218,065","0"
"Amaru & Gringo Bamba - Blonde Chaya","49","53","","218,058","0"
"Ava Max - Maybe You’re The Problem","43","39","","218,044","0"
"Michael Bublé - Santa Baby","32","42","","218,002","0"
"Jul - Alors la zone","77","83","","217,961","0"
"Taylor Swift - Christmas Tree Farm","53","43","","217,852","0"
"Naps - Favela","60","144","","217,787","0"
"Myke Towers - ALMAS GEMELAS","--","321","","217,755","74"
"Samra - Mon ami","44","32","","217,716","0"
"Egor Kreed & JONY - Дым","68","77","","217,682","0"
"Bizzey - Traag","--","293","","217,441","0"
"Jain - Alright","28","113","","217,415","0"
"TonyPitony - DONNE RICCHE","93","119","","217,377","463"
"Coma_Cose - CUORICINI","69","95","","217,198","0"
"Calin - Pistácie","--","466","","217,188","413"
"Julian Sommer - Dicht im Flieger","62","68","","217,135","0"
"ANNA ASTI - Затмила","49","86","","217,130","0"
"Stephanie Beatriz, Olga Merediz & Encanto - Cast - The Family Madrigal","63","57","","217,129","0"
"Arctic Monkeys - Why'd You Only Call Me When You're High","--","210","","217,108","5"
"Kanye West - Stronger","--","234","","217,037","15"
"LACAZETTE - LID","53","48","","216,883","0"
"Taylor Swift - Fresh Out The Slammer","34","13","","216,822","0"
"DrefGold & Sfera Ebbasta - ELEGANTE","34","121","","216,431","0"
"The Chainsmokers - Don't Let Me Down","2","176","","216,363","0"
"The Chainsmokers & Bebe Rexha - Call You Mine","67","43","","216,340","0"
"ST - Луи луи","6","117","","216,009","0"
"PLK - Pocahontas","50","36","","215,898","3,634"
"Hamza - Free YSL","47","32","","215,895","0"
"The Weeknd - Alone Again","23","2","(x2)","215,870","0"
"Nekfeu - Cheum","34","37","","215,784","0"
"Ufo361 - Nummer","43","33","","215,776","0"
"BTS - NORMAL","35","10","","215,753","1,086"
"KAROL G - BICHOTA","--","229","","215,719","0"
"Werenoi - Grisaille","74","68","","215,667","0"
"LEA & Casper - Schwarz","35","88","","215,655","0"
"SDM - MERCI","56","51","","215,601","0"
"Calema - A Nossa Dança","--","379","","215,565","49"
"АКУЛИЧ & Молодой Платон - ПОДАРОК","64","72","","215,514","0"
"Bonez MC - Big Body Benz","38","30","","215,512","0"
"Hamza - DRAGONS","42","27","","215,471","0"
"DJ SMASH & Poёt - АТМЛ","38","102","","215,467","0"
"S.Pri Noir - Juste pour voir","78","139","","215,427","0"
"Sosa La M - Back outside","35","41","","215,244","243"
"Ганвест - Никотин","--","201","","215,142","0"
"Manuel Turizo & Anuel AA - Te Quemaste","--","223","","215,114","0"
"Bigflo & Oli - Dommage","42","100","","215,096","0"
"Ultimo - Quando fuori piove","24","127","","215,078","0"
"Sick Luke, tha Supreme & Sfera Ebbasta - SOLITE PARE","64","95","","215,027","0"
"Justin Bieber - Forever","28","9","","214,801","0"
"Rhove - Ancora","--","201","","214,783","0"
"Booba - PGP","57","39","","214,668","0"
"Shade - La hit dell'estate","48","173","","214,660","0"
"Irama - Bella e rovinata","79","148","","214,651","0"
"LSD - Audio","45","68","","214,532","0"
"Negramaro - La prima volta","--","224","","214,519","0"
"Jonas Brothers - Waffle House","65","131","","214,467","0"
"Shiva - Take 5","23","88","","214,464","196"
"1986zig - Kopf aus","67","78","","214,451","0"
"Gucci Mane - I Get the Bag","56","56","","214,289","0"
"Элджей - Ecstasy","6","190","","214,247","0"
"Luciano - MoneyGram","64","49","","214,163","0"
"D1MA - I KNOW","--","487","","214,161","68"
"Niklas Dee & Old Jim - Not Fair","25","144","","214,117","0"
"Taylor Swift - loml","36","15","","214,087","0"
"Giorgia & Marco Mengoni - Come neve","49","125","","214,080","0"
"Billie Eilish - come out and play","48","17","","214,080","0"
"SQWOZ BAB & The First Station - АУФ","54","82","","213,963","0"
"Geolier - MONDAY","34","88","","213,945","0"
"NЮ - Веснушки","13","181","","213,925","0"
"Geolier - MONEY","59","93","","213,895","0"
"Леша Свик - Плакала","67","102","","213,820","0"
"Raf Camora - Waffen","66","63","","213,806","0"
"Hardy Caprio - Best Life","42","162","","213,709","0"
"Ufo361 - Beverly Hills","59","42","","213,671","0"
"Laurell - Habit","26","127","","213,658","0"
"PS1 - Life Goes On","78","89","","213,323","0"
"Paky & Jul - La Bellavita","62","107","","213,293","0"
"benny blanco & Calvin Harris - I Found You","29","19","","213,170","0"
"BLACKPINK - Kill This Love","42","31","","213,146","0"
"Booba - Nougat","63","70","","213,094","0"
"BLANCO - Ladro Di Fiori","18","168","","213,074","0"
"Steel Banglez - Fashion Week","51","115","","213,026","0"
"HOLLYFLAME - Тону","78","73","","212,968","2,931"
"Billie Eilish - listen before i go","28","20","","212,949","0"
"Anuel AA - Ella Quiere Beber","79","106","","212,944","0"
"Coldplay - Clocks","7","171","","212,931","0"
"Harry Styles - Ready, Steady, Go","23","4","","212,891","50"
"Eleni Foureira - Fuego","13","31","","212,832","0"
"Franco126 - Stanza Singola","19","134","","212,816","0"
"Loredana & Mozzik - ROMEO & JULIET","45","35","","212,795","0"
"Mark Ronson - Late Night Feelings","45","72","","212,663","0"
"Azet - Überlebt","56","52","","212,579","0"
"Apache 207 - Miami","51","47","","212,562","0"
"Fabio Rovazzi - Faccio quello che voglio","77","115","","212,550","0"
"Sosa La M & Luciano - Butcher","54","55","","212,547","0"
"The Weeknd - Gasoline","24","3","(x1)","212,423","0"
"PASHANIM - Kleiner Prinz","54","33","","212,364","0"
"J Hus - Play Play","58","67","","212,221","0"
"J Hus - Spirit","67","125","","212,208","0"
"Jul - Ma jolie","68","78","","212,064","0"
"sanah - Szampan","--","514","","211,889","0"
"Sech - 911","--","250","","211,783","0"
"Elodie - Mi Ami Mi Odi","61","117","","211,684","0"
"HammAli & Мари Краймбрери - Медляк","36","123","","211,654","0"
"Leslie Grace & Noriel - Duro y Suave","--","252","","211,590","0"
"Saweetie - Best Friend","57","81","","211,577","0"
"MORGENSHTERN - ARISTOCRAT","62","81","","211,524","0"
"Ufo361 - Pass auf wen du liebst","40","34","","211,283","0"
"Abraham Mateo, Farruko & Christian Daniel - Loco Enamorado","--","217","","211,277","0"
"Frank Sinatra - Jingle Bells","40","59","","211,116","0"
"Emma Heesters - Pa olvidarte","--","269","","211,051","0"
"Миша Марвин & Ханна - Французский поцелуй","1","200","","211,032","0"
"Marco Mengoni - Duemila volte","28","130","","211,026","0"
"Sonny Fodera, D.O.D & Poppy Baskcomb - Think About Us","44","160","","210,970","565"
"Ronisia - Solide","66","78","","210,872","154"
"J Balvin - Blanco","1","197","","210,870","0"
"Sfera Ebbasta - Serpenti a Sonagli","51","104","","210,860","0"
"Chris Holsten - Smilet i ditt eget speil","--","568","","210,674","0"
"Semicenk - Unutmak Öyle Kolay Mı Sandın","--","450","","210,644","0"
"Los Legendarios, Wisin & Jhay Cortez - Fiel","18","182","","210,563","0"
"Paul Woolford & Amber Mark - HEAT","44","123","","210,486","0"
"Rauw Alejandro & Anuel AA - Reloj","--","253","","210,366","0"
"Post Malone - Cooped Up","43","18","","210,300","0"
"Ninho - La vie de Johnny","57","32","","210,170","0"
"Alonzo - Suis-moi","54","90","","210,098","0"
"Internet Money, Don Toliver & Roddy Ricch - Lemonade","56","56","","209,963","0"
"Ninho - Le jeu","36","49","","209,900","0"
"Kesi - Kom Over","--","454","","209,831","235"
"Emma - APNEA","83","77","","209,829","0"
"El Profesor & Hugel - Bella ciao","2","197","","209,804","0"
"Endshpil - Приятная","48","106","","209,783","0"
"Damso - BXL ZOO","50","30","","209,775","0"
"RAF Camora - ANNA","53","34","","209,726","0"
"Gazo - EUPHON","17","116","","209,725","0"
"Luna - Verlierer","61","71","","209,725","0"
"Viktor Sheen - Virtuální drogy","--","541","","209,633","160"
"MERO - Olabilir","28","27","","209,576","0"
"Luke Combs - Fast Car","1","194","","209,559","0"
"Hooja - Banan Melon Kiwi & Citron","--","488","","209,520","0"
"Мари Краймбрери - Мне так хорошо","--","216","","209,499","0"
"Aymen & AMO - Capri Sun","67","81","","209,496","0"
"Sfera Ebbasta & Shiva - VVS CARTIER","53","111","","209,395","0"
"Capo Plaza - Acqua Passata","71","109","","209,388","0"
"Billie Eilish - BITTERSUITE","33","15","","209,345","0"
"Aya Nakamura - Soldat","57","79","","209,331","0"
"Kollegah & Farid Bang - Sturmmaske Auf","57","42","","209,326","0"
"benno! - LOVE U ANYWAY","76","49","","209,130","713"
"Hardy Caprio - Unsigned","39","150","","209,118","0"
"Bad Bunny - LA MuDANZA","49","17","","209,037","0"
"Freeze corleone - Freeze Raël","35","40","","208,939","0"
"PEDRO SAMPAIO & Mc Pedrinho - DANÇARINA","--","201","","208,891","0"
"Rauw Alejandro & Mr. Naisgai - 2/Catorce","--","269","","208,861","0"
"Addison Rae - Diet Pepsi","61","70","","208,749","0"
"Takagi & Ketra - BUBBLE","87","146","","208,625","0"
"Summer Cem - Summer Cem","57","39","","208,552","0"
"Ninho - Mauvais Djo","34","46","","208,531","0"
"Irama - La ragazza con il cuore di latta","57","93","","208,435","0"
"Shiva & Eiffel 65 - Auto Blu","57","102","","208,378","0"
"Marracash & Blanco - NEMESI","58","111","","208,299","0"
"Niska - Siliconé","43","49","","208,282","0"
"Claude - C'est La Vie","18","26","","208,272","0"
"RAF Camora - Vendetta","37","37","","208,271","0"
"P!nk - A Million Dreams","51","77","","208,167","0"
"Alvaro Soler - Magia","45","71","","208,149","0"
"Myke Towers & Farruko - Si Se Da","17","176","","208,000","0"
"Bad Bunny & Jhay Cortez - DÁKITI","--","207","","207,961","0"
"Dave & Tiakola - Special","60","43","","207,812","0"
"Tiakola - Roro","35","49","","207,719","0"
"Kendrick Lamar - Swimming Pools","2","141","","207,652","155"
"Azet & Zuna - Hallo hallo","46","41","","207,644","0"
"Lukas Graham - 7 Years","--","602","","207,565","0"
"Irama - Ex","69","110","","207,456","0"
"Big Baby Tape - Chuchuka","70","100","","207,336","0"
"Męskie Granie Orkiestra 2023 - Supermoce","--","490","","207,332","0"
"Michael Jackson - Thriller","36","5","","207,326","8,824"
"Mc Fioti - Joga O Bum Bum Tam Tam","34","150","","207,324","0"
"Bebe Rexha - Last Hurrah","59","64","","207,227","0"
"Die Fantastischen Vier - Zusammen","50","111","","207,214","0"
"GIMS - DIANA","67","61","","207,143","0"
"DA Uzi - On se reverra plus","68","47","","207,091","0"
"Eminem - Kamikaze","28","10","","206,995","0"
"Rauw Alejandro - Déjame Entrar","--","286","","206,938","0"
"JACKBOYS - OUT WEST","64","16","","206,877","0"
"Marstein & Annika - SAMMEN","--","292","","206,821","33"
"Zeynep Bastık - Lan","--","320","","206,778","34"
"JAY-Z - 4:44","47","24","","206,774","0"
"Kygo & Ellie Goulding - First Time","57","52","","206,662","0"
"Каспийский груз - На белом","47","89","","206,633","0"
"J Balvin - Azul","4","166","","206,628","0"
"Drake & 21 Savage - On BS","22","5","","206,626","0"
"FSK SATELLITE - Ansia no","50","127","","206,604","0"
"Alfa & YANOMI - TesTa TrA Le NuVoLE, pT. 2","49","134","","206,475","0"
"Dave & AJ Tracey - Thiago Silva","10","130","","206,440","0"
"Scriptonite - Положение","--","437","","206,400","0"
"Soso Maness - So Maness","45","127","","206,359","0"
"Rhove & MadFingerz - Pelé","44","125","","206,270","0"
"Koba LaD - Encore","35","38","","206,252","0"
"Brytiago & Darell - Asesina","--","332","","206,247","0"
"escape & Даня Милохин - so low","50","78","","206,215","0"
"Mata - Kiss Cam","--","503","","206,213","0"
"Daddy Yankee & Anuel AA - Adictiva","--","244","","206,176","0"
"Leona Lewis - Winter Wonderland","45","64","","206,175","0"
"Icegergert - Amsterdam","77","97","","206,107","7"
"Taylor Swift - champagne problems","37","9","","206,094","0"
"LIZER - Корабли","53","107","","206,086","0"
"Sam Smith - I'm Not Here To Make Friends","41","17","","205,949","0"
"SCH - Mannschaft","47","38","","205,867","0"
"Luciano - SUVs","47","56","","205,828","0"
"PNL - Jusqu'au dernier gramme","13","142","","205,807","0"
"Felix Jaehn - Cool","62","71","","205,807","0"
"Luchè - Ginevra","43","101","","205,786","0"
"Were-vana - Casanova","5","179","","205,673","0"
"Geolier - 2 GIORNI DI FILA","81","80","","205,612","1,449"
"Becky Hill & Weiss - I Could Get Used to This","10","166","","205,590","0"
"Jah Khalib - Ты словно целая вселенная","--","267","","205,587","13"
"Tiakola - M3lo","52","44","","205,547","0"
"10AGE - Зоопарк","47","86","","205,529","0"
"UZI & SDM - PANAMA","73","128","","205,506","0"
"Light - Cc","--","793","","205,497","113"
"Icegergert - Casino","--","209","","205,445","0"
"J Balvin - Amarillo","40","56","","205,380","0"
"Zola - COEUR DE ICE","52","24","","205,365","0"
"Eminem - Darkness","22","9","","205,349","0"
"Bruno Mars - Locked Out of Heaven","20","36","","205,322","643"
"Foster the People - Pumped Up Kicks","--","518","","205,263","0"
"Yzomandias & Nik Tendo - Rolls","--","541","","205,252","0"
"BLANCO - Maledetta Rabbia","62","134","","205,238","114"
"Boef - Habiba","51","140","","205,227","0"
"Rhove - Cancelo","44","120","","205,183","0"
"Bad Bunny - Yo Perreo Sola","5","66","","205,161","0"
"Starley - Call On Me","55","76","","205,095","0"
"Marco Mengoni - No Stress","69","157","","205,076","0"
"MACAN - L","58","79","","205,053","0"
"Bizarrap & Tiago pzk - Tiago PZK: Bzrp Music Sessions, Vol. 48","--","248","","205,038","0"
"Siaka - Los Angeles","58","49","","204,975","0"
"Antoon - Hallo","--","260","","204,965","0"
"Pretenders - 2000 Miles","30","68","","204,939","0"
"Eno - Blackberry Sky","54","49","","204,915","0"
"Landy - Muerte","33","90","","204,753","0"
"Егор Крид - ЗДРАВСТВУЙТЕ","56","116","","204,726","0"
"Naps - Vamos","76","44","","204,716","0"
"Tha Supreme - M8nstar","13","159","","204,707","0"
"Arctic Monkeys - 505","--","327","","204,684","0"
"Salmo - SPARARE ALLA LUNA","47","117","","204,670","0"
"Sadek - Madre mia","63","98","","204,527","0"
"La Pantera, Quevedo & Juseph - Cayó La Noche","--","256","","204,505","0"
"Caparezza - Ti Fa Stare Bene","63","156","","204,453","0"
"Apache 207 - Morgen","37","44","","204,347","0"
"Ultimo - BELLA DAVVERO","50","119","","204,299","0"
"DOROFEEVA - gorit","40","143","","204,173","0"
"Louane - Secret","29","138","","204,129","0"
"Azet & Zuna - Fragen","46","38","","203,980","0"
"Gzuz - Donuts","43","36","","203,764","0"
"Capital Bra - Bye Bye","43","32","","203,696","0"
"Juan Magan, Belinda & Manuel Turizo - Déjate Llevar","--","263","","203,639","0"
"Alok, Mondello'G & Ceres - LET'S GET FKD UP","66","73","","203,630","0"
"Semicenk & Reynmen - Yana Yana","--","488","","203,523","0"
"Voyage - Tango","--","319","","203,521","122"
"Pinguini Tattici Nucleari - Amaro","34","103","","203,425","0"
"Imagine Dragons - Birds","1","195","","203,420","0"
"Jakomo & A.V.G - Платина","82","80","","203,364","0"
"Ghost - Mary on a Cross","45","36","","203,316","0"
"UZI - Umrumda Değil","--","533","","203,312","41"
"Bresh - Torcida","21","155","","203,305","0"
"Andreas Bourani - Auf uns","--","284","","203,243","0"
"Lil Dicky - Earth","45","35","","203,191","0"
"Nina Chuba - Glatteis","59","78","","203,026","0"
"Calvin Harris, The Weeknd - Over Now","42","24","","202,906","0"
"Ed Sheeran - First Times","24","8","","202,864","0"
"Luan Santana - MORENA","--","443","","202,785","0"
"BTS - 2.0","40","18","","202,776","1,383"
"Bella Poarch - Build a Bitch","56","40","","202,758","0"
"Wincent Weiss - Wer wenn nicht wir","17","151","","202,561","0"
"Aitana - Vas A Quedarte","--","254","","202,535","0"
"Bonez MC - NIEMALS UNTER 1000","56","42","","202,493","0"
"ANNA ASTI - Космически","56","59","","202,408","0"
"Justin Bieber - As I Am","47","10","","202,399","0"
"Capital Bra & Samra - Berlin lebt wie nie zuvor","37","28","","202,316","0"
"Glockenbach - Redlight","24","135","","202,160","0"
"Emis Killa & Sfera Ebbasta - ON FIRE","16","97","","202,140","0"
"xxxmanera - Скажи мне кто ты","64","101","","202,034","0"
"J-AX & Fedez - Sconosciuti da una vita","70","101","","202,026","0"
"Harry Styles - Daydreaming","35","12","","201,819","0"
"Егор Крид & MOLLY - Если ты меня не любишь","49","145","","201,785","0"
"BoyWithUke - Toxic","34","68","","201,741","0"
"Ufuk Beydemir - Ay Tenli Kadın","--","516","","201,610","0"
"The Cranberries - Zombie","3","41","","201,522","52"
"Fabio Rovazzi - Volare","73","97","","201,519","0"
"Fred again.. & Baby Keem - leavemealone","65","97","","201,507","0"
"Michael Bublé - Christmas","32","47","","201,434","0"
"Nucci - Localo","--","785","","201,227","173"
"Xcho - Эскизы","19","167","","201,189","5"
"Samurai Jay - OSSESSIONE","66","61","","201,066","2,712"
"Ninho & Omah Lay - Bad","58","42","","201,056","0"
"ROSALÍA - Divinize","31","10","","201,054","50"
"Kingfishr - Killeagh","--","489","","201,010","428"
"Mabel - Let Them Know","61","79","","201,004","0"
"Semicenk - Geri Dönemedim","--","529","","200,928","49"
"Geolier - FOTOGRAFIA","74","99","","200,896","0"
"DARKOO & One Acen - Gangsta","48","134","","200,880","0"
"SDM - Prince de la Calle","--","331","","200,838","142"
"Rihanna - Work","10","32","","200,809","0"
"BTS - Like Animals","39","12","","200,775","1,288"
"Zola - Bro Bro","49","51","","200,723","0"
"Demi Lovato - Cool for the Summer","41","22","","200,648","0"
"Soolking - Guerilla","--","204","","200,635","0"
"The Beatles - Here Comes the Sun","5","86","","200,449","0"
"Aitana - Teléfono","--","214","","200,432","0"
"Cynthia Erivo - Defying Gravity","56","47","","200,418","0"
"6PM RECORDS, Ski Aggu, Haaland936 & SIRA - JUNGE BALLER","52","42","","200,314","0"
"Geolier - CANZONE D'AMORE","94","101","","200,291","1,692"
"Fred De Palma - Un altro ballo","75","121","","200,288","0"
"Avicii - Tough Love","40","25","","200,186","0"
"Paris Boy - Problemas","51","115","","200,036","0"
"RAF Camora & Ahmad Amin - Strada","42","37","","200,031","0"
"Veysel & Mozzik - Ti amo","64","72","","199,977","0"
"Мот - По буквам","65","135","","199,941","0"
"FiNCH & Tream - LiEBE AUF DER RÜCKBANK","--","292","","199,926","0"
"Don Toliver - Lose My Mind","45","24","","199,896","0"
"Shakira - Hips Don't Lie","--","236","","199,875","0"
"PNL - Autre monde","45","33","","199,857","0"
"Nacho, Yandel & Bad Bunny - Báilame","--","243","","199,850","0"
"Azahriah - Introvertált dal","--","805","","199,777","68"
"MONATIK - СИЛЬНО","--","227","","199,774","0"
"Bugzy Malone & TeeDee - Out Of Nowhere","48","90","","199,701","0"
"Halsey - Nightmare","36","19","","199,683","0"
"Shawn Mendes & Tainy - Summer Of Love","35","25","","199,678","0"
"Fred again.., Skepta & PlaqueBoyMax - Victory Lap","42","57","","199,580","0"
"Rudimental - Come Over","41","103","","199,557","0"
"MONATIK - LOVE IT ритм","23","147","","199,448","0"
"Blxst & Tyga - Chosen","61","64","","199,443","0"
"Thunder - Christmas Day","40","94","","199,402","0"
"PLK - On sait jamais","47","40","","199,351","0"
"Capo Plaza & AVA - Giovane fuoriclasse","76","105","","199,213","0"
"YNW Melly - Suicidal","53","60","","199,156","0"
"Big Baby Tape & Aarne - HOODAK MP3","59","66","","199,138","0"
"Dedublüman - Belki","--","410","","199,053","0"
"Artie 5ive - 00","30","107","","199,002","0"
"LOBODA - Новый Рим","29","131","","198,935","0"
"BIA, Sfera Ebbasta & Fivio Foreign - MILANO","63","91","","198,863","0"
"J Balvin & Khalid - Otra Noche Sin Ti","34","69","","198,848","0"
"Niska - Mapess","56","52","","198,810","0"
"Tancredi - Las Vegas","18","146","","198,802","0"
"Josas - Pichichi","59","60","","198,791","0"
"Pop Smoke - Aim for the Moon","27","9","","198,783","0"
"INSTASAMKA & Lolita - На Титанике","60","77","","198,670","0"
"Wanda - Columbo","--","219","","198,618","0"
"Thalía & Natti Natasha - No Me Acuerdo","--","269","","198,512","0"
"Scarlet Pleasure - What A Life","--","566","","198,496","0"
"LOVV66 - МАЙ МАЙ","69","92","","198,447","0"
"Niska - Mr Sal","48","42","","198,433","0"
"JACKBOYS, Pop Smoke & Travis Scott - GATTI","17","20","","198,405","0"
"Ed Sheeran - Supermarket Flowers","--","258","","198,335","0"
"Gazo - Tchin 2x","28","72","","198,270","0"
"Loredana - Angst","42","36","","198,195","0"
"Мэвл - Холодок","60","116","","198,114","0"
"AYLIVA - Lieb mich","55","65","","197,972","0"
"Shiva - Niente da perdere","43","96","","197,958","0"
"Veysel - Habibo","49","61","","197,873","0"
"Hamza - God Bless","42","48","","197,789","0"
"Ufo361 - Shot","55","34","","197,705","0"
"Delaossa, Quevedo & Bigla The kid - Still Luvin","--","240","","197,679","60"
"Shakira & Maluma - Clandestino","42","130","","197,664","0"
"Harry Styles - Taste Back","23","8","","197,660","52"
"Lena - Thank You","11","170","","197,657","0"
"Loboda - Парень","23","126","","197,649","0"
"Melike Şahin - Diva Yorgun","--","476","","197,549","30"
"Lomepal - Decrescendo","20","78","","197,532","0"
"Apache 207 - Loser","41","40","","197,530","0"
"The Weeknd - Open Hearts","22","8","","197,445","0"
"Shade & Federica Carta - Senza farlo apposta","55","110","","197,346","0"
"The Weeknd - Wasted Times","28","7","","197,300","0"
"Benji & Fede - Moscow Mule","49","158","","197,257","0"
"Rammstein - Zick Zack","50","20","","197,153","0"
"KAZKA - CRY","--","356","","197,083","0"
"Raf Camora - Sag Nix","48","45","","197,031","0"
"Myke Towers - Explícito","--","385","","197,029","0"
"Luciano - Valentino Camouflage","52","56","","197,014","0"
"RK - Bae","27","92","","196,980","0"
"Orelsan - Tout va bien","35","71","","196,932","0"
"Ceza - Suspus","--","599","","196,886","0"
"Artie 5ive - MILANO TESTAROSSA","7","179","","196,880","0"
"Adele - Love in the Dark","53","55","","196,744","0"
"Vanotek - Tell Me Who","62","123","","196,570","0"
"Hippie Sabotage - Devil Eyes","--","262","","196,568","0"
"Booba - Ridin'","57","53","","196,464","0"
"Azet - Gjynah","46","48","","196,425","0"
"MONATIK & Вера Брежнева - ВЕЧЕРиНОЧКА","37","113","","196,395","0"
"Mud - Lonely This Christmas","61","103","","196,343","0"
"Kylie Minogue - Santa Baby","34","86","","196,313","0"
"The Kolors - KARMA","60","144","","196,302","0"
"Tony Effe, Sfera Ebbasta & Geolier - PILLOLE","51","78","","196,299","0"
"Semicenk & Funda Arar - Al Sevgilim","--","512","","196,263","0"
"Beyoncé - JOLENE","25","5","","196,035","0"
"PLK - C'est mort","40","66","","196,026","0"
"V $ X V PRiNCE & Bollo - Пусто","67","82","","195,991","0"
"The Weeknd - Try Me","29","5","","195,932","0"
"Angèle - Flou","2","160","","195,860","0"
"The Weeknd - How Do I Make You Love Me","21","5","","195,821","0"
"Gobs - Tak For Sidst","--","506","","195,739","20"
"HENSY & Клава Кока - Костёр","17","155","","195,720","0"
"Bad Bunny & Feid - PERRO NEGRO","4","166","","195,716","0"
"SZA & Justin Timberlake - The Other Side","57","33","","195,706","0"
"Баста - На заре","25","173","","195,603","0"
"Desh & Young Fly - Pakisztáni/popo","--","847","","195,598","176"
"Burhan G & Frida Brygmann - Tinka","--","416","","195,499","0"
"Koba laD - Matin","18","90","","195,499","0"
"Emkal & Lynda - J'la connais, Pt. 1","41","151","","195,481","0"
"Анет Сай & NILETTO - Не люблю","27","143","","195,405","0"
"Booba - Dolce Vita","45","44","","195,396","0"
"Luck Ra & BM - La Morocha","--","278","","195,384","277"
"Orelsan - Défaite de famille","39","45","","195,363","0"
"Miyagi - Bismarck","17","140","","195,310","0"
"Merk & Kremont, Tananai & Marracash - Un Altro Mondo","43","179","","195,299","0"
"Shiva - Un milione di volte","23","95","","195,240","0"
"Summer Cem - Yallah Goodbye","43","38","","195,232","0"
"Zivert - Гудбай","6","150","","195,221","0"
"Elisa - Anche Fragile","30","160","","195,144","0"
"Miley Cyrus - Slide Away","53","54","","195,132","0"
"A1 x J1 - Latest Trends","59","74","","195,092","0"
"BoomDaBash & Baby K - Mohicani","82","148","","195,048","0"
"PNL - Zoulou tchaing","44","61","","194,906","0"
"Clean Bandit - Baby","56","71","","194,760","0"
"Ninho - Tokarev","18","65","","194,754","0"
"Franglish & Ninho - Sécu","69","58","","194,753","0"
"Aitana Ocaña & Ana Guerra - Lo Malo","--","245","","194,684","0"
"Eva - Jazz","63","74","","194,571","0"
"Michael Bublé - I'll Be Home For Christmas","33","24","","194,571","0"
"Doechii - DENIAL IS A RIVER","48","39","","194,500","0"
"Sido & Johannes Oerding - Pyramiden","50","113","","194,483","0"
"Antoon - Hyperventilatie","--","353","","194,436","0"
"Gonzy, Saiko & Arcángel - X'CLUSIVO","--","213","","194,414","0"
"Annalisa - Ragazza Sola","60","130","","194,407","0"
"Marwa Loud - Oh la folle","--","215","","194,395","0"
"Lukas Graham - HERE","20","84","","194,379","0"
"ArrDee - Oliver Twist","47","61","","194,366","0"
"Migos - Notice Me","35","22","","194,356","0"
"DaBaby - VIBEZ","40","75","","194,344","0"
"Jax Jones & Au/Ra - i miss u","45","76","","194,296","0"
"Taylor Swift - Don’t Blame Me","33","49","","194,282","0"
"Fredo - Ready","58","93","","194,265","0"
"Billie Eilish - Getting Older","28","8","","194,218","0"
"KC Rebell & Raf Camora - Neptun","42","30","","194,098","0"
"Megan Thee Stallion & Dua Lipa - Sweetest Pie","29","8","","194,089","0"
"Mark Ronson - Uptown Funk","3","87","","193,965","0"
"Mimi Webb - Dumb Love","69","74","","193,922","0"
"Taylor Swift - august","30","22","","193,914","0"
"Elodie - Dimenticarsi alle 7","58","74","","193,838","0"
"ARZ - Alone with You","12","110","","193,803","0"
"Kid Yugi - Lilith","38","117","","193,684","0"
"Calema - Amar Pela Metade","--","538","","193,649","230"
"Semicenk - Düşer Aklıma","--","552","","193,618","0"
"Myke Towers - DEGENERE","16","135","","193,476","0"
"Ella Langley - Choosin' Texas","70","59","","193,470","3,536"
"Olivia Rodrigo - 1 step forward, 3 steps back","38","20","","193,385","0"
"SEEMEE - Голодный пёс","29","153","","193,360","0"
"Desh & Azahriah - Papa","--","616","","193,290","127"
"SCH - Otto","47","69","","193,138","0"
"RIAN - Verwandtschaftstreffen","--","261","","193,128","0"
"Marshmello & Kane Brown - Miles On It","32","101","","193,088","0"
"Güneş - Dua","--","549","","193,066","0"
"Adele - Strangers By Nature","21","3","(x2)","192,849","0"
"Shiva - Syrup","48","91","","192,839","125"
"Ninho - M.I.L.S 3","31","41","","192,771","0"
"The Kolors & Elodie - Pensare male","4","195","","192,661","0"
"Bazzi - Beautiful","59","96","","192,610","0"
"Luciano - Ballin","48","53","","192,589","0"
"Rack & Beyond - AMOR","--","585","","192,561","61"
"The Weeknd - Too Late","19","4","","192,557","0"
"Daviles de Novelda - Flamenco y Bachata","--","270","","192,456","0"
"Aya Nakamura - Hypé","57","36","","192,315","0"
"Symba - Angels Sippen","47","63","","192,218","0"
"Elodie - A Fari Spenti","31","122","","192,133","0"
"Ultimo - Buongiorno vita","29","95","","192,127","0"
"Bonez MC & Raf Camora - Ja Mann","41","42","","192,102","0"
"Ninho - Centre commercial","29","54","","191,949","0"
"Massimo Pericolo & Crookers - STUPIDO","--","240","","191,870","0"
"FRIENDLY THUG 52 NGG - Lost Angeles","30","141","","191,843","0"
"The Kolors - UN RAGAZZO UNA RAGAZZA","67","67","","191,797","0"
"LSP - Шиншиллы","70","72","","191,723","0"
"Dayvi & Victor Cárdenas - Baila Conmigo","2","180","","191,627","0"
"Sabrina Carpenter - Nobody’s Son","35","11","","191,595","0"
"Jah Khalib - Искал-нашёл","45","84","","191,370","0"
"Ваня Дмитриенко - Вишнёвый","11","153","","191,334","12"
"Bonez MC & Raf Camora - Prominent","29","41","","191,313","0"
"Мари Краймбрери - AMORE","--","202","","191,249","0"
"Azet & Zuna - Wenn die Sonne untergeht","52","44","","191,094","0"
"Скриптонит - Ага, ну","3","192","","191,020","0"
"Marracash & Madame - Madame","64","130","","191,005","0"
"Becky G. - Mala Santa","--","212","","190,983","0"
"Marwa Loud & Moha k - Bimbo","51","65","","190,944","0"
"Rea Garvey - Is It Love","32","79","","190,935","0"
"Rauw Alejandro & Baby Rasta - PUNTO 40","--","224","","190,922","0"
"Irama - Crepe","11","179","","190,806","0"
"The Script - The Last Time","50","97","","190,794","0"
"Serena Brancale - ANEMA E CORE","52","144","","190,786","0"
"Cara & Fedez - Le feste di Pablo","64","98","","190,765","0"
"Tems - Me & U","62","73","","190,730","0"
"Morat - Cuando Nadie Ve","--","327","","190,725","0"
"Travis Scott - STOP TRYING TO BE GOD","29","9","","190,706","0"
"DJ Smash & Artik & Asti - CO2","76","125","","190,687","0"
"Sky, Feid & Myke Towers - El Cielo","--","272","","190,571","0"
"C. Tangana - Nunca Estoy","--","229","","190,506","0"
"Jason Derülo - Colors","39","55","","190,506","0"
"Capo Plaza - Allenamento #2","--","213","","190,461","0"
"Shawn Mendes - Lost in Japan","34","33","","190,274","0"
"Mark Ronson - Find U Again","54","54","","190,190","0"
"MORGENSHTERN - ПОВОД","55","58","","190,147","0"
"Slow J - Tata","--","497","","190,146","26"
"Simba La Rue - MI PIACCIONO LE ARMI","50","105","","190,094","0"
"Звонкий & Рем Дигга - Из окон","35","137","","190,090","0"
"Lartiste - Catchu Catchu","53","134","","190,070","0"
"MONATIK & Надя Дорофеева - Глубоко...","57","100","","189,997","0"
"Ninho - 25 G","53","47","","189,927","0"
"Coldplay - Paradise","9","159","","189,695","0"
"ANNA ASTI - Звенит январская вьюга","39","76","","189,557","0"
"Nucci - Vroom","--","907","","189,526","117"
"Shade - Autostop","11","185","","189,523","0"
"Gavin James - Always","--","302","","189,513","0"
"Burak Yeter & Cecilia Krull - My Life Is Going On","7","190","","189,423","0"
"Post Malone - On the Road","29","21","","189,412","0"
"Loboda - Твои глаза","--","208","","189,185","0"
"Labrinth - Still Don't Know My Name","39","68","","189,178","0"
"Edis - Martılar","--","529","","189,153","0"
"Lola Indigo - Ya No Quiero Ná","--","237","","189,153","0"
"Kizo & Bletka - Taxi","--","510","","189,098","122"
"Егор Крид & The Limba - Coco L'Eau","49","112","","189,088","0"
"GOODY - Panamera","52","115","","189,025","0"
"Ezhel - Şehrimin Tadı","--","488","","188,979","0"
"Trettmann - Knöcheltief","20","147","","188,888","0"
"Kidd Voodoo & JC Reyes - Me Mareo","--","227","","188,871","124"
"Ronisia - Atterrissage","34","136","","188,847","0"
"Полина Гагарина - Обезоружена","33","120","","188,753","0"
"Gabry Ponte - Tutta L'Italia","14","31","","188,724","0"
"Ninho - La vivance","17","58","","188,615","0"
"Kontra K - Tiefschwarz","26","39","","188,567","0"
"RAF Camora & Bonez MC - Unnormal","35","41","","188,565","0"
"Emilia, LUDMILLA & Zecca - No_se_ve.mp3","--","310","","188,486","0"
"Nucci - Automatti","--","756","","188,342","206"
"Kaza - Hrtbrk #2","--","232","","188,304","0"
"Aya Nakamura - Pompom","33","65","","188,300","0"
"Bad Bunny & Jhay Cortez - Tarot","8","153","","188,283","0"
"Bad Bunny & Jhayco - Dakiti","--","348","","188,235","0"
"Bolaget - Kan Inte Gå","--","504","","188,191","31"
"Glockenbach & Ella Henderson - Lifeline","23","79","","188,185","0"
"Mac Miller - Good News","30","23","","188,144","0"
"Drake - Pain 1993","21","5","","188,124","0"
"Stevie Wonder - Someday At Christmas","41","43","","188,123","0"
"KAROL G & Romeo Santos - X SI VOLVEMOS","15","160","","188,092","0"
"J-Ax & Jake La Furia - Salsa","33","149","","188,076","0"
"Coma_Cose - MALAVITA","56","145","","188,064","0"
"Achille Lauro - Rolls Royce","43","111","","188,050","0"
"Fred De Palma - SEXY RAVE","--","201","","188,017","0"
"The Weeknd - The Hills","3","83","","188,013","32"
"Nathan Dawe - We Ain't Here For Long","29","168","","187,997","0"
"Sido - Liebst du mich","63","58","","187,913","0"
"Ninho - C'était le rap","27","68","","187,907","0"
"Damso - LIFE LIFE","36","37","","187,873","0"
"RAF Camora & Cro - Bei Nacht","52","38","","187,790","0"
"Guè - Vibe","45","95","","187,711","0"
"tha Supreme - f**k 3x","77","110","","187,643","0"
"Bonez MC & Gzuz - Cinnamon Roll","40","29","","187,637","0"
"Feid & Justin Quiles - Porfa","9","175","","187,635","0"
"Jul - Mother Fuck","63","56","","187,635","0"
"Zola - Wow","49","54","","187,601","0"
"Джарахов & Mary Gu - Я в моменте 2","46","87","","187,570","0"
"Mark Forster & Vize - Bist du Okay","40","91","","187,555","0"
"BLANCO - Bruciasse Il Cielo","53","121","","187,548","0"
"Capital Bra - Einsam an der Spitze","41","31","","187,544","0"
"Sam Smith & Naughty Boy - La La La","32","21","","187,532","0"
"Ozuna - El Farsante","--","379","","187,478","77"
"MATRANG - От луны до Марса","28","166","","187,282","0"
"Westlife - Hello My Love","38","85","","187,258","0"
"Travis Scott - TOPIA TWINS","22","12","","187,195","0"
"Lord Siva - Solhverv","--","540","","187,134","0"
"Lazza & Laura Pausini - ZERI IN PIÙ","46","85","","187,124","0"
"The Weeknd - Hardest To Love","19","6","","186,900","0"
"SQWOZ BAB - TOKYO","56","105","","186,778","0"
"Austyn Johnson, Cameron Seely & Hugh Jackman - A Million Dreams","--","221","","186,712","0"
"Ninho - 5 bleus","42","45","","186,645","0"
"TINI & Maria Becerra - Miénteme","--","299","","186,536","0"
"Danny Ocean - Fuera del mercado","27","128","","186,517","0"
"Harry Styles - Love Of My Life","36","14","","186,485","0"
"NOTD, Felix Jaehn & Captain Cuts - So Close","43","116","","186,442","0"
"Madonna & Maluma - Medellín","47","47","","186,407","0"
"Samra - Marlboro Rot","38","37","","186,310","0"
"Harry Styles - Keep Driving","35","15","","186,234","0"
"Rkomi - Mon cheri","48","132","","186,222","0"
"Jungeli, Vegedream & Alonzo - T’étais où","16","159","","186,180","0"
"ANNA ASTI - Дурак","54","60","","186,161","0"
"Gue' Pequeno - Milionario","37","121","","186,131","0"
"Dardan - gENAuSo","38","54","","186,098","0"
"Yxng Bane - Vroom","62","98","","186,059","0"
"24kGoldn - CITY OF ANGELS","63","99","","186,047","0"
"Loboda - Лети","44","96","","186,028","0"
"Light - Mosca","--","837","","186,021","128"
"Ninho - Problèmes du matin","34","65","","186,006","0"
"David Guetta & Kid Cudi - Memories","6","119","","185,912","0"
"Light - MVP Freestyle","--","818","","185,892","148"
"Konfuz - Италия","64","106","","185,888","0"
"Shakira - Chantaje","61","84","","185,879","0"
"J-Ax - Tutto tua madre","38","161","","185,847","0"
"Enrico Nigiotti - L'amore è","56","110","","185,784","0"
"Ariana Grande & Doja Cat - motive","28","8","","185,775","0"
"Desh, Young Fly & Azahriah - Rampapapam","--","771","","185,761","157"
"Eva - Bottega","31","96","","185,662","0"
"Zola - 9 1 1 3","33","43","","185,588","0"
"Pierre de Maere - Un jour je marierai un ange","5","163","","185,464","0"
"reezy - TRAPPER'S LULLABY","48","58","","185,376","0"
"Kraantje Pappie - Lil Craney","--","203","","185,360","0"
"Rochy RD, Myke Towers & NICKI NICOLE - Ella No Es Tuya","--","255","","185,319","0"
"Aitana - Los Ángeles","--","263","","185,306","0"
"Дима Билан & Zivert - Это была любовь","55","116","","185,284","0"
"Morad - Pelele","--","220","","185,226","0"
"Plutónio - Somos Iguais","--","534","","185,193","67"
"Cornelia Jakobs - Hold Me Closer","28","31","","185,026","0"
"Ollane - Touch the Sky","13","163","","185,019","0"
"AgroPlay & Ana Castela - Nosso Quadro","--","541","","185,012","0"
"PNL - Shenmue","50","58","","184,994","0"
"Ghali - PARE","26","145","","184,967","0"
"Rich The Kid - Plug Walk","32","50","","184,962","0"
"PNL - Comme pas deux","49","28","","184,875","0"
"SCH - Le code","30","86","","184,722","0"
"Chris Brown - Undecided","36","34","","184,719","0"
"Ninho - En chien","27","57","","184,705","0"
"Dua Lipa - Swan Song","34","14","","184,688","0"
"Ermal Meta & Fabrizio Moro - Non mi avete fatto niente","66","103","","184,632","0"
"Olly & Juli - Così così","58","89","","184,608","0"
"Ozuna, J Balvin & Chencho Corleone - Una Locura","--","261","","184,602","0"
"Sfera Ebbasta - Hollywood","48","91","","184,544","0"
"Maluma - Cosas Pendientes","--","304","","184,505","52"
"LSD - Genius","31","36","","184,445","0"
"Женя Трофимов & NANSI & SIDOROV - Вторая весна","43","141","","184,419","125"
"Monaldin - Femme Like U","1","197","","184,315","0"
"Kummer & Fred Rabe - DER LETZTE SONG","47","62","","184,312","0"
"Adele - Cry Your Heart Out","21","8","","184,292","0"
"Dark Polo Gang - British","47","120","","184,279","0"
"Shablo, Marracash & Carl Brave - Non Ci Sto","48","148","","184,213","0"
"Paky - Blauer","14","108","","184,190","0"
"SZA - Nobody Gets Me","40","30","","184,179","0"
"Martin Jensen, Alle Farben & Nico Santos - Running Back To You","28","103","","184,079","0"
"Provinz - Walzer","--","213","","183,879","0"
"Kojo Funds - Check","60","110","","183,862","0"
"Асия & NЮ - Твой поцелуй","47","108","","183,827","0"
"Irama - Melodia proibita","67","144","","183,697","0"
"Benji & Fede - Tutto per una ragione","59","131","","183,687","0"
"Good Neighbours - Home","39","123","","183,655","0"
"Tems - Love Me JeJe","34","71","","183,652","0"
"Ariana Grande - One Last Time","24","57","","183,648","0"
"Meduza, OneRepublic & Leony - Fire","59","58","","183,630","0"
"Makar - Mood","49","36","","183,594","0"
"Monetochka - Селфхарм","63","62","","183,592","0"
"Yasin - Young & Heartless","--","493","","183,517","20"
"Damso - Tueurs","57","81","","183,516","0"
"Salmo - HO PAURA DI USCIRE","22","122","","183,461","0"
"Katy Perry - Harleys in Hawaii","27","18","","183,438","0"
"Olivia Rodrigo - all-american bitch","29","10","","183,423","0"
"FACE - МОЙ КАЛАШНИКОВ","41","101","","183,317","0"
"Capo - Run Run Run","35","44","","183,194","0"
"Niska - De bon matin","44","75","","183,189","0"
"Леша Свик - Не забывай меня","28","147","","183,131","0"
"Maître Gims & Sting - Reste","--","232","","183,061","0"
"Boef & Numidia - Tout Est Bon","51","136","","183,053","0"
"Andro - Как не любить","61","85","","183,008","0"
"Tobias Rahim - Feberdrømmer Xx Dubai","--","422","","182,935","0"
"Kygo, Avicii & Sandro Cavazza - Forever Yours","33","117","","182,920","0"
"Theodora & Guy2Bezbar - PAY","26","144","","182,907","0"
"Ariana Grande - ghostin","28","14","","182,894","0"
"Mata - Lloret de Mar","--","493","","182,882","213"
"Lady Gaga - Garden Of Eden","27","8","","182,867","0"
"KAROL G - Ay, DiOs Mío","--","249","","182,809","0"
"reezy - 14 PASSENGER","36","27","","182,778","0"
"Omar Montes & JC Reyes - Goteras","--","233","","182,588","0"
"The Chainsmokers - This Feeling","35","56","","182,472","0"
"Lost Frequencies, Zonderling & Kelvin Jones - Love to Go","12","176","","182,393","0"
"SQWOZ BAB - КУПЕР","63","66","","182,210","1,548"
"Exile, STOPBAN & DILBLIN - MiMiMaMaMu","42","124","","182,154","0"
"Jul - Loin de tout","49","60","","182,143","0"
"Ufo361 - Nice Girl 2.0","56","77","","182,134","0"
"Juice WRLD - Wishing Well","42","35","","182,129","0"
"JC Reyes & De La Ghetto - FARDOS","--","237","","182,112","0"
"Azahriah & Desh - Miafasz","--","697","","182,093","39"
"Sech - Relación","--","233","","182,013","0"
"The Weeknd - Baptized In Fear","21","8","","181,825","0"
"Perry Como - (There's No Place Like) Home for the Holidays","38","55","","181,708","0"
"LIBERATO - ME STAJE APPENNENN' AMÒ","4","188","","181,706","0"
"Eminem - You Gon' Learn","21","11","","181,697","0"
"Nat ""King"" Cole - Deck the Hall","55","51","","181,696","0"
"Kizo - Disney","--","516","","181,675","0"
"DJ Khaled - Wish Wish","28","15","","181,654","0"
"Мэвл - Патамушка","39","116","","181,618","0"
"Azahriah & Desh - Pullup","--","674","","181,614","51"
"Beéle - top diesel","--","283","","181,597","106"
"JVLI, Emma & Olly - HO VOGLIA DI TE","9","181","","181,575","0"
"Maître Gims - Loup garou","53","58","","181,566","0"
"Topic & A7S - Why Do You Lie to Me","28","33","","181,495","0"
"Semicenk - Fark Ettim","--","473","","181,389","0"
"Annika - Så længe jeg er sexy.","--","370","","181,352","194"
"Taylor Swift - Now That We Don't Talk","29","12","","181,290","0"
"Dosseh - L'odeur du charbon","51","110","","181,253","0"
"Nathan Dawe & Abi Flynn - Here In Your Arms","4","187","","181,224","0"
"Loredana - MILLIONDOLLAR$MILE","46","47","","181,217","0"
"Avicii - Waiting For Love","23","20","","181,214","0"
"Bad Gyal - Da Me","--","263","","181,058","272"
"Sfera Ebbasta & Shiva - NON METTERCI BECCO","50","69","","180,871","0"
"Rkomi - il ritmo delle cose.","58","99","","180,839","0"
"Basta - Я найду тебя через века","32","129","","180,816","0"
"Rihanna - Only Girl","7","30","","180,709","831"
"Luciano & Central Cee - West Connect","48","25","","180,656","0"
"RIN - Fabergé","43","35","","180,638","0"
"Lunay, Ozuna & Anuel AA - Aventura","--","220","","180,522","0"
"Semicenk - Batık Gemi","--","486","","180,518","57"
"Ninho - Chiraq","55","43","","180,483","0"
"Laylow - SPECIAL","25","78","","180,478","0"
"Loredana & Mozzik - Rosenkrieg","35","35","","180,439","0"
"J-AX & Fedez - Favorisca i sentimenti","51","100","","180,415","0"
"Booba - Saga","52","37","","180,301","0"
"Capo Plaza - Fino All'Alba","62","136","","180,273","0"
"Sefo - Affettim","--","525","","180,182","0"
"Beny Jr & Morad - Sigue","17","74","","180,161","0"
"Morat & Juanes - Besos En Guerra","--","288","","180,052","0"
"Dawid Podsiadło - Małomiasteczkowy","--","438","","180,010","74"
"Big Baby Tape - KARI","49","91","","179,989","0"
"Miyagi & Эндшпиль & N.E.R.A.K. - DLBM","39","148","","179,931","0"
"Ufo361 - Allein sein","44","51","","179,913","0"
"Kanye West - Closed on Sunday","20","6","","179,840","0"
"Imagine Dragons - Demons","--","297","","179,731","19"
"Annalisa - Dieci","52","120","","179,623","0"
"Guè & Artie 5ive - Akrapovič","33","101","","179,570","0"
"KC Rebell & Summer Cem - Valla nein","42","36","","179,562","0"
"Gzuz - Was erlebt","46","55","","179,516","0"
"Artik & Asti - Чувства","42","82","","179,512","0"
"Ukendt Kunstner - Uden Dig","--","525","","179,483","38"
"Roxy Dekker - Ga Dan","3","187","","179,394","0"
"OG Buda & MAYOT - Вина","35","84","","179,382","0"
"tha Supreme & Mara Sattei - m12ano","52","121","","179,373","0"
"Zivert - один процент","33","148","","179,372","0"
"Rin - Vintage","28","39","","179,211","0"
"Gazzelle - Polynesia","4","188","","179,189","0"
"Rae Sremmurd, Swae Lee & Slim Jxmmi - Guatemala","34","61","","179,152","0"
"Nicky Jam - El Amante","43","149","","179,147","0"
"Navai & Bahh Tee - Не приму и даром","53","70","","179,146","0"
"Years & Years & Galantis - Sweet Talker","40","107","","179,131","0"
"VEN1 & Ramos. - Vanilla","40","73","","179,067","0"
"Rudimental & Major Lazer - Let Me Live","49","57","","179,043","0"
"Bonez MC & RAF Camora - Taxi","49","31","","178,989","0"
"Eminem - Unaccommodating","21","9","","178,960","0"
"MiyaGi & Endshpil - I Got Love","--","369","","178,926","0"
"Prince Royce - Carita de Inocente","--","251","","178,902","0"
"Carl Brave & Elodie - Parli parli","25","154","","178,888","0"
"Тима Белорусских - Поезда","48","103","","178,872","0"
"Rag'n'Bone Man & P!nk - Anywhere Away from Here","57","58","","178,822","0"
"Джаро & Ханза & kavabanga Depo kolibri - Таблетка","41","114","","178,768","0"
"Olexesh, Ataypapi & ilo 7araga - Pistoleta","52","65","","178,753","0"
"Alonzo - Papa allo","19","107","","178,655","0"
"DJ Ötzi - Tirol","58","67","","178,618","80"
"Mary Gu - Дисней","--","253","","178,530","0"
"Giulia Be - Menina Solta","--","501","","178,527","0"
"Elodie - Andromeda","63","102","","178,493","0"
"Charli XCX - Beg For You","55","63","","178,473","0"
"Fedez - VIOLA","53","93","","178,431","0"
"Kambulat - Выпей меня","50","77","","178,310","0"
"Nimo & Capo - Zoey","42","41","","178,304","0"
"Aitch & Ed Sheeran - My G","64","80","","178,266","0"
"Fedez - MEGLIO DEL CINEMA","51","91","","178,229","0"
"Pablo Alborán - No vaya a ser","--","253","","178,103","0"
"Central Cee & 21 Savage - GBP","28","12","","177,989","0"
"Feid - SORRY 4 THAT MUCH","--","283","","177,967","0"
"Samra & Capital Bra - Berlin","46","38","","177,919","0"
"Гречка - Люби меня люби","--","210","","177,894","0"
"TOQUEL - Sandra","--","770","","177,683","39"
"Doja Cat - Like That","16","138","","177,662","0"
"B Young - 079ME","24","136","","177,660","0"
"Eminem - Killshot","31","26","","177,657","0"
"SCH - R.A.C.","46","54","","177,616","0"
"Willy William & J Balvin - Mi Gente","--","217","","177,580","0"
"Zeynep Bastık - Ara","--","417","","177,541","0"
"Booba - À la folie","49","69","","177,526","0"
"sanah - było, minęło","--","508","","177,509","205"
"Post Malone - Spoil My Night","28","14","","177,505","0"
"Dua Lipa - Homesick","10","182","","177,505","0"
"Pharaoh - Дико, например","24","130","","177,464","0"
"Mike Singer - Deja Vu","21","129","","177,461","0"
"Dermot Kennedy - Something to Someone","10","115","","177,397","0"
"GONE.Fludd - КУБИК ЛЬДА","6","164","","177,317","0"
"Kavinsky, Angèle & Phoenix - Nightcall","24","133","","177,298","0"
"Franglish & Dinos - La Pluie","61","58","","177,294","0"
"Semicenk - Onlar Anlamaz Halden","--","512","","177,278","144"
"Kontra K - Letzte Träne","34","50","","177,271","0"
"Coez - E yo mamma","40","150","","177,153","0"
"Becky G. & El Alfa - Fulanito","--","269","","177,139","0"
"Taylor Swift - ""Slut""","28","5","","177,074","0"
"Ed Sheeran - Dive","4","171","","177,043","0"
"David Guetta - Sexy Bitch","--","217","","176,869","1,186"
"Jala Brat, Buba Corelli & Coby - Ona'e","--","603","","176,864","198"
"Ingebjørg Bratland & Ina Svenningdal - Jul I Svingen","--","448","","176,854","0"
"Mara Sattei - Duemilaminuti","48","116","","176,832","0"
"J Balvin & Zion & Lennox - No Es Justo","--","297","","176,822","0"
"BTS - Aliens","28","14","","176,815","738"
"Rihanna - S&M","7","166","","176,810","1,785"
"Not3s & Mabel - My Lover","33","138","","176,766","0"
"Tiziano Ferro - Accetto miracoli","40","141","","176,755","0"
"Geolier - Vogl sul a te","--","425","","176,704","0"
"Justin Bieber - Baby","18","6","","176,580","5,066"
"Mads Langer - I En Stjerneregn Af Sne","--","428","","176,477","0"
"Mary Gu - Косички","46","101","","176,379","0"
"Джиган - На чиле","50","109","","176,348","0"
"Werenoi - 16.02.2024","49","46","","176,330","0"
"Ufo361 - Next","32","35","","176,319","0"
"Francesco Gabbani - Tra le granite e le granate","69","134","","176,318","0"
"Ariana Grande - bye","24","7","","176,210","0"
"Ashnikko - Daisy","46","52","","176,130","0"
"Azahriah - 3korty","--","795","","176,083","44"
"Oasis - Champagne Supernova","22","72","","176,038","0"
"Noizu - Summer 91","23","143","","176,036","0"
"Dzsúdló & Azahriah - Várnék","--","682","","175,969","65"
"Logic - Homicide","29","14","","175,863","0"
"MoBlack & Salif Keïta - Yamore","46","85","","175,862","0"
"LACAZETTE & Jazeek - CDY","57","46","","175,854","1,657"
"M¥SS KETA - FINIMONDO","73","132","","175,837","0"
"Dimitri Vegas & Like Mike & Quintino - Slow Down","53","137","","175,740","0"
"Boro Boro, Don Joe & MamboLosco - Lento","2","199","","175,722","0"
"Rolf Sanchez - Más Más Más","--","272","","175,713","0"
"Topic & Bebe Rexha - Chain My Heart","28","102","","175,608","0"
"Francesca Michielin - Vulcano","47","149","","175,607","0"
"Kendrick Lamar - peekaboo","34","20","","175,600","0"
"Drake - Hold On, We're Going Home","--","259","","175,579","0"
"Nelly Furtado - Promiscuous","1","75","","175,537","105"
"Ramil' - Падали","39","81","","175,511","0"
"Bad Bunny - La Difícil","15","79","","175,494","0"
"Rhove & Capo Plaza - Alè","--","216","","175,454","0"
"Kezah - Mirador","47","147","","175,423","0"
"Rita Ora - You Only Love Me","25","134","","175,340","0"
"Hov1 - Hon Dansar Vidare I Livet","--","476","","175,316","101"
"Apache 207 - Vodka","43","35","","175,277","0"
"Sobel & sanah - cześć, jak się masz","--","483","","175,251","0"
"Toxi$ - HURTZ","49","97","","175,217","0"
"Luchè - La Notte di San Lorenzo","49","135","","175,190","0"
"Leto - Vie de star","21","92","","175,126","0"
"Travis Scott - MODERN JAM","20","4","","175,112","0"
"Ozuna, Mambo Kingz & DJ Luian - Solita","--","257","","175,112","0"
"Reik, Rocco Hunt & Ana Mena - A Un Paso De La Luna","--","209","","175,093","0"
"Bad Bunny - KLOuFRENS","27","59","","175,084","0"
"Annalisa - Il mondo prima di te","60","117","","175,056","0"
"C. Tangana, Becky G & Alizzz - Booty","--","247","","175,055","0"
"Moses, EMR3YGUL & Alexiane - A Million on My Soul","--","223","","175,035","0"
"Kendrick Lamar & SZA - All the Stars","32","37","","175,024","0"
"Hamza & Offset - Sadio","41","28","","175,002","0"
"Kendrick Lamar - DNA.","27","83","","174,994","0"
"Calcutta - Tutti","55","118","","174,673","0"
"Dadju - Sous contrôle","28","67","","174,640","0"
"Anuel AA - Quiere Beber","--","297","","174,629","0"
"Smolasty, Pedro & francis - Duże oczy","--","568","","174,622","0"
"Buba Corelli - Irina Shayk","--","485","","174,589","194"
"Semicenk - Geçiyor Zaman","--","457","","174,589","107"
"Desh, Young Fly & KKevin - Rollin'","--","785","","174,580","151"
"Eva - Alibi","42","94","","174,576","0"
"Omar Courtz & Bad Gyal - Comernos","--","296","","174,555","158"
"Ed Sheeran - New Man","14","149","","174,395","0"
"Morgan Wallen & Tate McRae - What I Want","39","33","","174,362","0"
"Shiva - Bossoli","25","145","","174,352","0"
"thasup - Dimmi Che C'è","44","123","","174,304","0"
"Егор Крид & HammAli & Navai - Мне всё Монро","47","113","","174,239","0"
"JADE - Angel Of My Dreams","55","76","","174,132","0"
"Chanel - SloMo","28","28","","174,096","0"
"ScHoolboy Q, 2 Chainz, Saudi - X","34","33","","174,020","0"
"MORGENSHTERN, SODA LUV, blago white, OG Buda & MAYOT - Cristal & МОЁТ","46","93","","174,015","0"
"Doja Cat - Jealous Type","42","15","","174,002","0"
"Lacrim - Ce soir ne sors pas","61","126","","173,941","0"
"Pommelien Thijs - Erop of Eronder","--","281","","173,927","0"
"YOUNOTUS & Kelvin Jones - Seventeen","--","205","","173,877","0"
"Olly & Juli - Scarabocchi","10","181","","173,849","316"
"Estelle - American Boy","--","271","","173,791","0"
"MORGENSHTERN, Imanbek & Fetty Wap - Leck","43","74","","173,790","0"
"Aitana & Rels B - miamor","--","297","","173,710","0"
"Kontra K - Farben","44","54","","173,556","0"
"Jul & SCH - Mother Fuck","27","45","","173,450","0"
"Eslabon Armado & Peso Pluma - Ella Baila Sola","28","89","","173,272","0"
"Maria Mena - Home for Christmas","--","347","","173,221","0"
"FLEMMING, Zoë Tauran & Ronnie Flex - Alles Op Gevoel","--","277","","173,196","0"
"Rasmus Seebach - Lille Store Verden","--","466","","173,194","0"
"Capital Bra - Nur noch Gucci","28","89","","173,037","0"
"Alexandra Burke - Hallelujah","31","71","","172,948","0"
"Dua Lipa - Fever","--","253","","172,905","0"
"Канги - Вали","33","138","","172,859","0"
"Ramil' - Вальс","32","81","","172,849","0"
"Miss Montreal - Door De Wind","--","266","","172,758","0"
"RAF Camora & Apache 207 - JUPITER","36","34","","172,743","0"
"Kool Savas & Alies - AMG","30","100","","172,731","0"
"RnBoi - ELLE VOULAIT","36","36","","172,718","4,486"
"Takagi & Ketra & Giusy Ferreri - SHIMMY SHIMMY","21","171","","172,647","0"
"OneRepublic - Start Again","41","46","","172,608","0"
"Anastasio - La fine del mondo","53","104","","172,560","0"
"Ceza - Neyim Var Ki","--","482","","172,532","0"
"BLANCO - Pornografia","21","142","","172,486","0"
"Cris Mj - Una Noche en Medellín","39","131","","172,462","0"
"1PLIKÉ140 - LOPSA STORY","46","104","","172,451","0"
"SCH - Autobahn","44","39","","172,437","0"
"Alex Rose & Rauw Alejandro - Me Fijé","--","288","","172,404","0"
"DIOR & Samo & ID - Положение","39","102","","172,384","0"
"Rammstein - ZEIG DICH","22","13","","172,372","0"
"Lvbel C5 - DOĞUŞTAN BERİ HAKLIYIM","--","508","","172,372","0"
"Punctual - I Don't Wanna Know","26","99","","172,354","0"
"Samra - Shoote ma Shoote","37","54","","172,321","0"
"Apache 207 - Beef","39","48","","172,279","0"
"Ханза & OWEEK - Вечеринка","54","100","","172,241","0"
"Бабек Мамедрзаев - Принцесса","29","161","","172,239","0"
"Marracash & Elisa - Neon: Le ali","30","142","","172,215","0"
"bnkr44 & Pino D'Angiò - MA CHE IDEA","15","164","","172,197","0"
"Azet - Nike Pullover","46","57","","171,998","0"
"Dardan & Azet - Pa Mu","51","70","","171,957","0"
"Calcutta - Paracetamolo","12","170","","171,706","0"
"LEA - 110","24","98","","171,689","0"
"KAROL G & Maldy - GATÚBELA","--","269","","171,662","0"
"Kanye West - Moon","19","14","","171,652","0"
"Jul - C'est la cité","48","69","","171,644","125"
"Taylor Swift - The Alchemy","29","20","","171,555","0"
"UZI & JKSN - 50G","37","95","","171,501","0"
"Guè & Rose Villain - Piango Sulla Lambo","45","111","","171,494","0"
"Oxxxymiron - Где нас нет","--","224","","171,490","0"
"Ninho - Big Pac","13","74","","171,451","0"
"Sigrid - Don’t Feel Like Crying","47","116","","171,436","0"
"Hornet La Frappe - Je pense à toi","60","133","","171,416","0"
"Måneskin - Le parole lontane","13","115","","171,356","0"
"Jakone, A.V.G, BAGARDI & Goro - С тобой","--","306","","171,271","0"
"Benjamin Hav - Du Ligner Din Mor","--","462","","171,180","213"
"RACK, TOQUEL & Beyond - MA BELLA","--","644","","171,154","207"
"Felix Jaehn - SICKO","9","165","","171,129","0"
"Benny Jamz & Gilli - Reposado","--","519","","171,117","107"
"Niska - Story X","42","52","","171,078","0"
"Craig David - Heartline","69","88","","171,053","0"
"Charli XCX - Boys","48","42","","171,047","0"
"Calvin Harris, Justin Timberlake, Halsey & Pharrell Williams - Stay With Me","55","27","","171,013","0"
"Markul - Скалы","48","101","","170,975","0"
"Ozuna, Daddy Yankee & J Balvin - Baila Baila Baila","20","140","","170,916","0"
"Tiakola - La clé","30","100","","170,874","0"
"Mark Forster - Einmal","27","119","","170,871","0"
"Geolier - TU ED IO","47","100","","170,861","0"
"Marco Borsato, Snelle & John Ewbank - Lippenstift","45","150","","170,848","0"
"Shamo - Чегери","57","126","","170,824","749"
"Mora & Jhay Cortez - MEMORIAS","--","238","","170,786","0"
"Booba - VVV","31","39","","170,747","0"
"Koba laD - Quotidien","41","82","","170,728","0"
"Papermoon - On the Day Before Christmas","--","256","","170,690","0"
"Martin Garrix - High on Life","26","101","","170,629","0"
"Ariana Grande - the boy is mine","21","8","","170,629","0"
"A36 - Samma gamla vanliga","--","283","","170,475","0"
"Sfera Ebbasta & Shiva - COME SE NON FOSSI NEI GUAI","23","125","","170,439","0"
"TINI - Cupido","--","289","","170,415","0"
"GAMPER & DADONI - Bittersweet Symphony","--","205","","170,336","0"
"Mentis - Excuses","3","160","","170,322","0"
"Beton.Hofi & Hundred Sins - BAGIRA","--","626","","170,224","93"
"Ati242 - Italy Forma","--","464","","170,219","94"
"Calvin Harris, Disciples - How Deep Is Your Love","22","155","","170,144","1,903"
"AYLIVA - Renn","49","47","","170,137","190"
"WIXO & LA2S - GMK","52","62","","170,136","447"
"Tayc - Moi, je prouve.","14","72","","170,031","0"
"LIT killah, Tiago PZK, Maria Becerra, Duki, Emilia, Rusherking, Big One & FMK - Los del Espacio","--","264","","170,023","0"
"Niska - Genkidama","62","41","","169,944","0"
"Lele Blade - HEETS","42","99","","169,915","0"
"Flipp Dinero - Leave Me Alone","31","69","","169,886","0"
"Irama - Galassie","6","161","","169,885","0"
"LP - Lost on You","--","363","","169,662","0"
"UZI - Makina","--","564","","169,608","0"
"Quebonafide & Duit - BUBBLETEA","--","543","","169,595","0"
"JACKBOYS & Travis Scott - OUT WEST","5","164","","169,587","0"
"STEIN27 - Habibi","--","481","","169,556","26"
"Kyle Alessandro - Lighter","30","22","","169,536","0"
"Gemitaiz & Madman - Veleno 7","21","118","","169,534","0"
"Drake - Falling Back","18","3","(x3)","169,516","0"
"Oscar and the Wolf - Warrior","--","205","","169,459","0"
"Sarah Connor - The Best Side of Life","31","77","","169,437","0"
"Werenoi - Location","50","42","","169,400","0"
"Егор Крид - Время не пришло","44","112","","169,396","0"
"Måneskin - L'altra dimensione","14","110","","169,392","0"
"Ski Aggu & $OHO BANI - Theater★","57","47","","169,344","0"
"Vitaa & Slimane - Ça va ça vient","--","262","","169,330","0"
"Trettmann - Gottseidank","46","102","","169,330","0"
"Ardian Bujupi & Fero47 - Wie im Traum","42","51","","169,261","0"
"Hornet La Frappe - Calumet","35","107","","169,226","0"
"Shiva & Sfera Ebbasta - Soldi in Nero","49","95","","169,218","0"
"ROSALÍA - Dios Es Un Stalker","24","22","","169,204","0"
"YAKTAK - Погляд","--","487","","169,108","58"
"Takagi & Ketra - Da sola / In the Night","--","205","","169,105","0"
"RAF Camora & Yung Hurn - Wien","14","79","","169,081","0"
"Пошлая Молли - Мишка","36","111","","169,011","0"
"Calvin Harris & Rag'n'Bone Man - Lovers In A Past Life","62","61","","169,004","0"
"DELLAFUENTE & C. Tangana - Guerrera","--","292","","168,986","0"
"Kurt Nilsen & Kringkastingsorkestret - Himmel På Jord","--","440","","168,908","0"
"Madman - Centro","40","137","","168,905","0"
"Ezhel - Kazıdık Tırnaklarla","--","459","","168,859","0"
"Depeche Mode - Ghosts Again","40","17","","168,783","0"
"Vitaa - Je te le donne","--","211","","168,700","0"
"Kendrick Lamar - United In Grief","22","2","(x1)","168,693","0"
"Meryl & Eva - Coco Chanel","27","125","","168,577","642"
"DJ Khaled - STAYING ALIVE","34","20","","168,561","0"
"Harry Styles - Are You Listening Yet","21","7","","168,498","0"
"Güneş - Suçlarımdan Biri","--","484","","168,395","0"
"Güneş - NKBİ","--","435","","168,384","0"
"Djadja & Dinaz - Pas là","49","62","","168,273","0"
"LOVV66 - 5IVE","59","124","","168,255","0"
"Emilia, TINI & NICKI NICOLE - blackout 🧊","--","310","","168,212","0"
"RIN - Commitment Issues","54","45","","168,011","0"
"Loud Luxury - Aftertaste","--","206","","167,928","0"
"Sampagne, badchieff & CRO - tempo","54","56","","167,856","0"
"Little Mix - Think About Us","36","98","","167,825","0"
"5 Seconds of Summer - Teeth","28","23","","167,822","0"
"ICEKIID - Errudumellahvad","--","535","","167,781","28"
"Jax Jones & Ella Henderson - This Is Real","43","62","","167,777","0"
"J Hus - Must Be","36","84","","167,775","0"
"J-AX - La Mia Hit","30","128","","167,759","0"
"MACAN & Ramil' - Очередная грустная песня про тёлку","51","89","","167,706","0"
"Aitana & Cali y El Dandee - +","--","244","","167,652","0"
"Bebe Rexha & Faithless - New Religion","56","42","","167,544","3,024"
"Sefo & Reynmen - Bonita","--","490","","167,508","0"
"SDM - #Malentouré","--","405","","167,473","172"
"Marco Mengoni - Sto bene al mare","68","158","","167,365","0"
"Taylor Swift - I Can Fix Him","28","18","","167,317","0"
"Billie Eilish - Billie Bossa Nova","23","10","","167,291","0"
"APHACA - Smelter Under Månen","--","510","","167,283","198"
"Gzuz - Vor der Tür","43","40","","167,278","0"
"Kaneki, Ninho & Naps - Blue","62","85","","167,277","0"
"Mora - CALENTÓN","--","229","","167,273","0"
"Bouss - Parler tout bas","24","140","","167,249","0"
"Geolier - ARCOBALENO","44","98","","167,208","1,066"
"Shay - Liquide","15","78","","167,193","0"
"SCH - LIF","42","39","","167,040","0"
"SDM & Werenoi - METALLICA","47","35","","166,872","0"
"Quevedo & La Pantera - HALO","--","246","","166,865","0"
"Bruno Mars - Just the Way You Are","4","86","","166,865","0"
"Ozuna - La Modelo","14","157","","166,717","0"
"Fedez - Prima di ogni cosa","55","106","","166,606","0"
"Nicky Jam & Myke Towers - Polvo","--","292","","166,580","0"
"Puri, Jhorrmountain & Adje - Coño","--","263","","166,564","0"
"GIMS - Est-ce que tu m'aimes","--","220","","166,525","24"
"Konfuz - Ратата","41","55","","166,479","0"
"Miyagi & Эндшпиль - Ночь","53","65","","166,478","0"
"Mizzy Miles, Van Zee & Bispo - Bênção","--","410","","166,435","0"
"Stormzy - Big For Your Boots","--","286","","166,400","0"
"KAMRAD - Feel Alive","39","102","","166,282","0"
"Люся Чеботина - ЗА БЫВШЕГО","1","199","","166,279","0"
"ROSALÍA - Porcelana","23","12","","166,271","0"
"Luchè - Non abbiamo età","--","398","","166,249","0"
"Apache 207 - Fühlst du das auch","43","41","","166,246","0"
"OneRepublic - Didn't I","28","42","","166,240","0"
"Michael Bublé - Let It Snow","47","84","","166,208","0"
"Nico Santos & Topic - Like I Love You","39","97","","166,159","0"
"Luciano - SHAWTY","33","52","","166,129","0"
"Gradur - Rari","46","57","","166,102","0"
"Levante - Tikibombom","32","125","","166,009","0"
"Taylor Swift - So High School","35","27","","165,980","0"
"Porchy, May Wave$, Jeembo, Loqiemean, Thomas Mraz, Tveth, SOULOUD, MARKUL & Oxxxymiron - KONSTRUKT","46","116","","165,910","0"
"Roddy Ricch - Late At Night","37","26","","165,889","0"
"Ev Wilde, Shanice Griffin & David Ryan - Here We Go Again","35","122","","165,844","0"
"Marwa Loud & Eva - Allo","41","114","","165,834","0"
"Katy Perry - Daisies","29","23","","165,831","0"
"Chappell Roan - The Giver","48","40","","165,827","0"
"Headie One - Princess Cuts","35","88","","165,789","0"
"Kris Kross Amsterdam, Kraantje Pappie & Tabitha - Moment","--","295","","165,716","0"
"Geolier - MAI PER SEMPRE","16","111","","165,665","0"
"Rita Ora, David Guetta & Imanbek - Big","26","39","","165,601","0"
"Ati242 & BLOK3 - Keşke","--","466","","165,592","345"
"Мот - Сопрано","--","205","","165,488","0"
"Travis Scott - DELRESTO","21","11","","165,481","0"
"21 Savage & Metro Boomin - Mr. Right Now","27","10","","165,477","0"
"Maffio, Justin Quiles & Nacho - Cristina","--","294","","165,466","0"
"The Beatles - Now And Then","19","4","","165,448","0"
"C. Tangana - Bien Duro","--","234","","165,414","0"
"Kollegah & Farid Bang - Zieh' den Rucksack aus","46","53","","165,251","0"
"Ufo361 & PASHANIM - allein allein","49","37","","165,246","0"
"Dave - Verdansk","28","56","","165,196","0"
"Mc Kekel & MC Rita - Amor de Verdade","--","431","","165,185","0"
"Merve Özbey - Yaramızda Kalsın","--","529","","165,160","39"
"Migos - Narcos","26","15","","165,097","0"
"Myke Towers - Girl","--","284","","165,052","0"
"Booba - Bouyon","50","60","","165,043","0"
"Scriptonite - Moskva lyubit...","--","395","","165,041","0"
"Элджей - Ультрамариновые танцы","--","211","","164,997","0"
"Harry Styles - Boyfriends","35","18","","164,981","0"
"Nio García, J Balvin & Bad Bunny - AM Remix","--","206","","164,891","0"
"Samra - 24 Stunden","35","43","","164,803","0"
"Offset - Clout","23","119","","164,803","0"
"Maes - 4MOTION","50","73","","164,783","0"
"SZA - I Hate U","36","37","","164,779","0"
"MORGENSHTERN & Allj - Cadillac","--","241","","164,769","0"
"Mora & Sech - TUS LÁGRIMAS","--","278","","164,768","0"
"Joezi & Lizwi - Amathole","50","72","","164,739","0"
"Sangiovanni - scossa","20","186","","164,719","0"
"Romeo Santos, Daddy Yankee & Nicky Jam - Bella y Sensual","--","359","","164,710","0"
"Rauw Alejandro & Farruko - Fantasías","--","306","","164,624","0"
"Pop Smoke - 44 BullDog","22","13","","164,522","0"
"Boomdabash & Paola & Chiara - Lambada","47","177","","164,509","0"
"Le Crime & Leto - Ballon D'or","42","63","","164,410","0"
"Soprano - Musica","32","105","","164,360","0"
"Lola Indigo & Mala Rodríguez - Mujer Bruja","--","267","","164,353","0"
"Eminem - Normal","23","9","","164,167","0"
"Light & Hawk - Voodoo","--","676","","164,166","17"
"Sayf - TU MI PIACI TANTO","66","60","","164,150","2,056"
"Kanye West - Jonah","13","9","","164,139","0"
"Capital Bra - Ich liebe es","29","49","","164,127","0"
"Rvfv & Rels B - Mi Luz","--","306","","164,108","0"
"Gilli & Kesi - 555","--","505","","164,039","25"
"Summer Walker & Usher - Come Thru","35","37","","164,010","0"
"Tananai - VELENO","--","204","","163,943","0"
"Travis Scott - YOSEMITE","26","17","","163,915","0"
"Matt Sassari - Give It to Me","29","152","","163,801","0"
"Джиган, Artik & Asti & NILETTO - Худи","72","85","","163,756","1,553"
"Juice WRLD & The Weeknd - Smile","28","23","","163,750","0"
"Achille Lauro - Senza Una Stupida Storia","7","118","","163,739","0"
"A1 x J1 & Tion Wayne - Night Away","55","82","","163,706","0"
"RAF Camora - BOTTEGA","36","47","","163,695","0"
"Booba - Ça va aller","51","62","","163,683","0"
"Capo Plaza - Soldi Arrotolati","35","91","","163,610","0"
"Pitbull & J Balvin - Hey Ma","57","114","","163,538","0"
"Damiano David - The First Time","27","90","","163,509","0"
"KAROL G - MI EX TENÍA RAZÓN","--","281","","163,386","0"
"Becky Hill - Last Time","46","80","","163,340","0"
"Rammstein - Armee der Tristen","41","16","","163,325","0"
"Artik & Asti - Лампочки","7","164","","163,318","0"
"Snik & Tamta - Senorita","--","679","","163,305","82"
"JHAYCO & Kapo - Passoa","--","302","","163,286","52"
"Luciano, Ufo361 & Lil Baby - Fendi Drip","29","48","","163,272","0"
"The Weeknd - Out of Time","21","11","","163,224","0"
"Imagine Dragons - Walking the Wire","31","52","","163,209","0"
"Sebastián Yatra & Reik - Un Año","--","267","","163,194","0"
"Eva - Kitoko","29","155","","163,176","0"
"Dardan & Hava - Mailbox","33","69","","163,137","0"
"BTS - they don’t know ’bout us","33","20","","163,122","1,128"
"Damso - Silence","40","47","","163,122","0"
"Devito & Relja - Omadjijala","--","547","","163,109","43"
"Igor Krutoy & ANNA ASTI - Я хочу быть…","47","119","","163,064","0"
"Evdeki Saat - Uzunlar","--","697","","163,040","0"
"Kendrick Lamar - wacced out murals","19","3","(x1)","163,014","0"
"Omar Montes, Ana Mena & Maffio - Solo","--","285","","162,968","0"
"Jazeek & Shindy - PARFUM","32","36","","162,938","0"
"Soolking, Lola Índigo & Rvfv - Casanova","--","206","","162,936","0"
"Maluma & J Balvin - Qué Pena","32","82","","162,866","0"
"Arnon - Te Molla","1","198","","162,799","0"
"Carl Brave - Chapeau","13","160","","162,746","0"
"Jul - Folie","44","65","","162,739","0"
"Dave - Streatham","21","95","","162,665","0"
"Zivert - Двусмысленно","24","146","","162,652","0"
"Beéle - sobelove","--","273","","162,643","0"
"Kygo - Love Me Now","34","43","","162,603","0"
"Noah Kahan - The Great Divide","35","43","","162,599","2,316"
"Dadju - Bobo au cœur","14","55","","162,567","0"
"Ramil' & Елена Темникова - Из-за тебя","37","106","","162,562","0"
"Zivert - Рокки","38","108","","162,393","0"
"RAYE - Escapism.","20","8","","162,320","0"
"Azet - Seele","37","35","","162,230","0"
"Geolier - PHANTOM","45","85","","162,081","356"
"Gazzelle - Idem","37","156","","162,056","0"
"ANNA & Sillyelly - HELLO KITTY","4","194","","162,038","0"
"Tony Effe - Effe","15","163","","162,014","0"
"Bad Bunny - Amorfoda","--","237","","162,006","0"
"CamelPhat & Cristoph - Breathe","5","150","","161,976","0"
"Miley Cyrus - Jaded","21","6","","161,806","0"
"Jamule & Cro - 1000 Hits","35","49","","161,793","0"
"Oliver Tree - Life Goes On","46","46","","161,718","0"
"Rammstein - Dicke Titten","39","25","","161,696","0"
"Martin Garrix & Dean Lewis - Used To Love","27","45","","161,644","0"
"Maluma, Rauw Alejandro & Beéle - Aloha","--","267","","161,612","0"
"LiL CaKe & Migrantes - MERCHO","--","270","","161,570","0"
"Елена Темникова - Давай улетим","27","163","","161,562","0"
"Achille Lauro - C'est la vie","7","184","","161,526","0"
"T-Low - Crashen","--","220","","161,500","0"
"Maluma & The Weeknd - Hawái","22","27","","161,473","0"
"5 Seconds of Summer - Want You Back","46","29","","161,432","0"
"Maluma - Mala Mía","31","158","","161,430","0"
"MiyaGi - I Got Love","59","99","","161,405","0"
"Jess Glynne & Jax Jones - One Touch","48","66","","161,401","0"
"Shablo, Guè & Joshua - La Mia Parola","51","87","","161,370","0"
"Feid - Ferxxo 100","--","352","","161,347","0"
"WizTheMc & bees & honey - Take My Mind","44","74","","161,262","0"
"sanah - ten Stan","--","564","","161,160","0"
"Bittuev - Братик","--","241","","161,138","0"
"DJ Tarkan - Oldu Olanlar","--","503","","161,131","0"
"Leony & G-Eazy - Rock n Roll","51","127","","161,104","0"
"Sefo - Tutsak","--","471","","161,069","0"
"Marc Anthony, Will Smith & Bad Bunny - Está Rico","--","267","","161,065","0"
"Zion & Lennox - Yo Voy","55","75","","160,944","0"
"The Script - The Man Who Can't Be Moved","--","285","","160,852","0"
"Gzuz - Drück Drück","54","75","","160,784","0"
"ANNA - GASOLINA","77","134","","160,753","0"
"Lana Del Rey - Chemtrails Over the Country Club","29","34","","160,736","0"
"Баста - Папа What's Up","48","135","","160,703","0"
"Travis Scott - SIRENS","20","7","","160,606","0"
"Mitski - My Love Mine All Mine","40","52","","160,605","0"
"Azahriah - szosziazi","--","868","","160,555","67"
"LOBODA - ЗанесLo","55","84","","160,521","0"
"Napa - Deslocado","9","53","","160,515","0"
"The Weeknd - Is There Someone Else","22","12","","160,505","0"
"Pil C - CARA MIA","--","661","","160,498","69"
"Müslüm Gürses - Affet","--","555","","160,481","0"
"лампабикт & Элли на маковом поле - немерено","55","156","","160,454","0"
"Kalazh44, Capital Bra & Samra - Royal Rumble","28","28","","160,408","0"
"MARKUL - Fata Morgana","--","402","","160,406","0"
"PNL - Onizuka","--","255","","160,278","0"
"187 Strassenbande - Mit den Jungz","41","64","","160,259","0"
"La Nueva Escuela & Omar Montes - La Rubia","--","297","","160,250","0"
"Ninho - +971","49","45","","160,235","0"
"Matt Simons - We Can Do Better","25","151","","160,166","0"
"Stromae - Fils de joie","32","18","","160,165","0"
"Dopebwoy - Cartier","1","199","","160,157","0"
"Ana Mena & Emilia - CARITA TRISTE","--","252","","160,093","0"
"Макс Барских - СДЕЛАЙ ГРОМЧЕ","33","172","","160,092","0"
"Jul - La bandite","16","81","","160,061","0"
"Wisin & Yandel & ROSALÍA - Besos Moja2","--","235","","160,017","0"
"Dzsúdló - Lej","--","971","","160,013","22"
"Artik & Asti - Кукла","37","107","","159,931","0"
"The Chainsmokers - Paris","47","77","","159,926","0"
"Bozza - Elbe","34","81","","159,807","0"
"Филипп Киркоров - Цвет настроения синий","31","112","","159,783","0"
"Booba - RATPI WORLD","39","45","","159,768","0"
"Aarne, Yanix & SEEMEE - Фиеста","68","85","","159,751","0"
"Bresh - Umore marea","14","163","","159,728","0"
"Drake - BackOutsideBoyz","16","7","","159,707","0"
"Alan Walker & Sorana - Lost Control","33","64","","159,630","0"
"Jax Jones & Zoe Wees - Never Be Lonely","10","158","","159,625","0"
"Bizzey, Frenna, KM & Ramiks - Culo","--","226","","159,575","0"
"ILIRA & VIZE - Dynamite","23","104","","159,556","0"
"Mr.Rain - 9.3","7","175","","159,491","0"
"Afrojack & David Guetta - Hero","--","269","","159,426","0"
"APHACA - En drøm om et menneske","--","499","","159,403","436"
"JONY - Ты меня пленила","1","195","","159,320","0"
"Casar - Habibi","34","60","","159,313","0"
"Lazza & Geolier - NESSUNO","14","134","","159,306","0"
"Jahyanai - Who Mad Again","11","172","","159,304","0"
"Maes - Dragovic","35","50","","159,275","0"
"Adele - To Be Loved","21","12","","159,264","0"
"Sabrina Carpenter - My Man on Willpower","28","7","","159,164","0"
"Geolier - SI STAT’ TU","38","116","","159,154","0"
"Drake & 21 Savage - Pussy & Millions","18","10","","159,146","0"
"Bonez MC - So","47","40","","159,129","0"
"Amy Winehouse - Back to Black","36","61","","159,100","0"
"izi - 48H","28","110","","159,069","0"
"makko & Miksu / Macloud - STREIT","55","81","","159,064","0"
"Drake - Can't Take a Joke","26","13","","159,010","0"
"Ryan Gosling - I’m Just Ken","38","27","","159,009","0"
"KC Rebell - Quarterback","29","39","","158,985","0"
"Adele - Hold On","22","14","","158,982","0"
"Aya Nakamura - Ça fait mal","29","70","","158,970","0"
"Burna Boy - Alone","27","22","","158,923","0"
"The Weeknd, JENNIE & Lily Rose Depp - One Of The Girls","27","122","","158,803","0"
"Blæst - Juice","--","512","","158,801","0"
"Kodaline - Brother","--","216","","158,781","0"
"Mekhman - Копия пиратская","45","77","","158,763","0"
"MORGENSHTERN - ДУЛО","49","66","","158,655","0"
"Loud Luxury - Gummy","--","226","","158,639","0"
"Miyagi & Andy Panda - All the Time","43","73","","158,577","0"
"Rea Garvey & VIZE - The One","--","253","","158,510","0"
"D.O.D & Carla Monroe - Still Sleepless","--","202","","158,496","0"
"Ronnie Flex - Is Dit Over","--","219","","158,478","0"
"David Guetta - Stay","33","62","","158,450","0"
"Rauw Alejandro - LEJOS DEL CIELO","--","251","","158,448","0"
"Tedua - Anime Libere","21","126","","158,373","0"
"ditonellapiaga - Che fastidio","66","69","","158,335","1,939"
"James Arthur - Falling like the Stars","24","80","","158,294","0"
"Sebastián Yatra & Guaynaa - Chica Ideal","--","357","","158,269","0"
"HammAli & Navai & MACAN - она хочет быть моделью","35","75","","158,195","6"
"Mahmood - Inuyasha","30","123","","158,181","0"
"Light & Trannos - 24hrs","--","599","","158,176","99"
"Capital Bra - Maybach","36","43","","158,105","0"
"Ufo361 & Bonez MC - 7","35","45","","158,083","0"
"Travis Scott - GOD'S COUNTRY","19","8","","158,075","0"
"Eva - Mood","14","113","","158,045","0"
"sanah - etc.","--","542","","158,017","0"
"Farid Bang - Maghreb Gang","35","29","","157,938","0"
"Canbay & Wolker - Elbet Bir Gün","--","445","","157,918","0"
"Taylor Swift - Labyrinth","29","18","","157,893","0"
"Ana Mena - Música Ligera","--","312","","157,889","0"
"Camilo - Millones","--","370","","157,811","0"
"VillaBanks, Linch & Andry The Hitmaker - Il Doc 3","6","186","","157,783","0"
"DRD, Ghali & Marracash - DEFUERA","--","201","","157,721","0"
"Ed Sheeran - Boat","27","6","","157,717","0"
"CIVO - Feelings","29","57","","157,671","0"
"Ghali - Niente Panico","43","138","","157,625","0"
"Lvbel C5 - Sezen Aksu","--","466","","157,598","0"
"Taylor Swift - the last great american dynasty","26","14","","157,560","0"
"Viktor Sheen - Plastic","--","576","","157,544","63"
"Tyler, The Creator - Sugar On My Tongue","32","10","","157,501","0"
"LINKIN PARK - Cut the Bridge","19","8","","157,486","0"
"MamboLosco - Twerk","28","155","","157,483","0"
"Leony - Holding On","7","154","","157,456","0"
"Ninho - PILIER","45","35","","157,438","0"
"Karol G & Bad Bunny - Ahora Me Llama","--","269","","157,429","0"
"Follow The Flow - Nem Tudja Senki","--","655","","157,409","0"
"Ati242 - 25","--","581","","157,408","209"
"Ghali - Zingarello","28","136","","157,396","0"
"Kanye West - Believe What I Say","13","12","","157,366","0"
"Jovanotti - Le canzoni","--","239","","157,345","0"
"BLOK3 - VUR","--","629","","157,252","217"
"Ati242 - Sönen Sigaralar","--","497","","157,250","176"
"Lizzo & Cardi B - Rumors","28","17","","157,247","0"
"Harry Styles - Coming Up Roses","22","11","","157,225","0"
"Haftbefehl - RADW","33","44","","157,201","0"
"Jah Khalib - Лиловая","39","94","","157,177","0"
"Miss Li - Lev nu dö sen","--","549","","157,161","0"
"Drake - Survival","22","3","(x1)","157,160","0"
"Jnr Choi - To the Moon","28","20","","157,156","0"
"JONY - Пустота","40","83","","157,145","0"
"Mert Demir - Ateşe Düştüm","--","450","","157,142","0"
"Djadja & Dinaz - Un million par mois","30","74","","157,119","0"
"Beyoncé - Halo","--","347","","157,088","0"
"Griff - Black Hole","11","158","","157,085","0"
"Kontra K & SANTOS - Die Sonne","21","45","","157,010","0"
"Ellie Goulding - Sixteen","35","102","","157,008","0"
"Rauw Alejandro - Sexo Virtual","--","297","","156,996","0"
"Emis Killa - Serio","56","146","","156,904","0"
"Taylor Swift - Delicate","17","93","","156,904","0"
"Sick Luke - MONEY MACHINE","20","105","","156,867","124"
"Jennifer Lopez - Ni Tú Ni Yo","38","104","","156,855","0"
"Gülşen - Kardan Adam","--","770","","156,820","173"
"Sezen Aksu - Tükeneceğiz","--","656","","156,801","0"
"Bagossy Brothers Company - Olyan Ő","--","899","","156,756","0"
"Nicky Jam & Anuel AA - Whine Up","6","175","","156,726","0"
"T-Rex - TA TUDO BEM","--","428","","156,703","0"
"Lil Baby - Woah","32","56","","156,673","0"
"Ultimo - Niente","35","98","","156,662","0"
"UZI - GARS DU ZOO","27","154","","156,658","0"
"PHARAOH - Мой кайф","36","111","","156,593","0"
"Semicenk - Herkes Gibisin","--","538","","156,579","0"
"ELMAN - Лети","42","113","","156,566","0"
"Pietro Lombardi - Phänomenal","36","61","","156,565","0"
"Luciano & Samra - Ya Salame","26","43","","156,561","0"
"MACAN & Брутто - Золотые купола","45","83","","156,553","0"
"Mark Ronson - Valerie","1","193","","156,461","0"
"Taylor Swift - Mastermind","29","18","","156,441","0"
"PHARAOH - Без ключа","38","83","","156,391","0"
"Fero47 - Puerto Rico","33","52","","156,361","0"
"Glass Animals & iann dior - Heat Waves","1","198","","156,346","0"
"The Limba, Andro & Navai - Никаких эмоций","43","80","","156,309","0"
"Lizzo - Juice","6","167","","156,250","0"
"Kanye West - Selah","19","6","","156,201","0"
"Gambi - MACINTOSH","54","87","","156,200","0"
"Omar - Hele Vejen","--","553","","156,137","296"
"Ernia, Sfera Ebbasta & Carl Brave - Di Notte","16","132","","156,097","0"
"Ninho - Bon qu’à ça","47","61","","156,086","0"
"Not3s - My Lover","21","91","","156,038","0"
"Billie Eilish - 8","21","21","","156,009","0"
"The Weeknd - Can't Feel My Face","4","102","","155,926","5"
"Lele Pons - Celoso","--","266","","155,883","0"
"Angèle - La Loi de Murphy","7","139","","155,845","0"
"Damso - Υ. 2 DIAMANTS","35","28","","155,835","0"
"Desh - Kukásautó","--","827","","155,832","103"
"Apache 207 - Was weißt du schon","33","36","","155,812","0"
"Sfera Ebbasta & Shiva - SEI PERSA","44","80","","155,770","0"
"EAZ - Juicy","34","67","","155,643","0"
"Vianney - Beau-papa","1","195","","155,586","0"
"Emma Steinbakken - Jeg glemmer deg aldri","--","560","","155,583","0"
"Ernia - BERLINO","18","141","","155,569","507"
"JONY - А за окном дожди","37","117","","155,541","0"
"Manuş Baba - Eteği Belinde","--","450","","155,517","0"
"Beéle - si te pillara","--","275","","155,492","0"
"Ninho - Elle m'a eu","41","64","","155,461","0"
"Alvaro De Luna - Todo Contigo","--","321","","155,450","0"
"Sal da Vinci - Per sempre sì","52","50","","155,418","1,626"
"Miriam Bryant & Victor Leksell - tystnar i luren","--","413","","155,388","0"
"Ufo361 - Rich Rich","35","38","","155,378","0"
"Jazeek & reezy - Miami","27","46","","155,340","185"
"Post Malone - A Thousand Bad Times","28","23","","155,328","0"
"Yasin - Hiphop N RnB","--","511","","155,301","0"
"Justin Quiles, Daddy Yankee & El Alfa - PAM","--","223","","155,255","0"
"Dertay - Ma Came","51","60","","155,248","0"
"sanah - Melodia","--","529","","155,219","0"
"Young Stoner Life, Young Thug & Gunna - Solid","28","10","","155,096","0"
"Ninho - Tu sais qu'on est gang","25","64","","155,055","0"
"Bruno Mars - When I Was Your Man","4","111","","155,052","57"
"HUNTRX, EJAE, AUDREY NUNA, REI AMI & KPop Demon Hunters Cast - How It’s Done","25","12","","155,043","0"
"Bausa - Vagabund","34","91","","154,929","0"
"Lola Índigo, TINI & Belinda - La Niña de la Escuela","--","302","","154,839","0"
"Malik Montana - Jungle Boyz","--","720","","154,823","187"
"UncleFlexxx - Camry 3.5","45","87","","154,819","0"