"Artist and Title","Wks","T10","Pk","(x?)","PkStreams","Total"
"Ninho - La vie qu'on mène","370","6","3","(x2)","4,129,900","275,386,924"
"Damso - Θ. Macarena","369","19","1","(x11)","1,460,822","183,196,719"
"Jungeli - Petit génie","114","47","1","(x21)","3,541,407","178,671,494"
"The Weeknd - Blinding Lights","270","26","1","(x2)","2,111,806","175,075,695"
"Naps - La kiffance","174","36","1","(x8)","3,638,988","173,035,426"
"SDM - Bolide allemand","168","37","1","(x6)","2,335,453","170,711,053"
"GIMS - SPIDER","103","41","1","(x3)","4,063,080","170,538,452"
"Ninho - Lettre à une femme","286","14","1","(x6)","5,884,933","165,650,941"
"GIMS - SOIS PAS TIMIDE","93","38","1","(x8)","4,211,178","161,820,690"
"13 Organisé - Bande organisée","204","21","1","(x11)","4,694,448","154,866,178"
"Ninho - Putana","271","4","4","","3,695,340","152,408,425"
"Werenoi - Laboratoire","164","9","9","","1,967,315","150,437,441"
"Tom Odell - Another Love","295","","17","","1,026,092","147,687,736"
"Tiakola - Meuda","163","29","2","(x5)","2,034,751","142,962,766"
"Benson Boone - Beautiful Things","119","17","1","(x5)","3,089,195","130,167,356"
"SDM - CARTIER SANTOS","83","21","1","(x5)","4,838,383","128,388,210"
"Macklemore & Ryan Lewis - Can't Hold Us","218","","30","","948,457","126,207,849"
"Lomepal - Trop beau","259","11","1","(x1)","1,560,095","126,098,736"
"Werenoi - Chemin d'or","162","1","7","","2,221,109","125,924,897"
"Booba - Dolce Camara","116","1","2","(x1)","2,902,550","123,618,289"
"Favé - FLASHBACK","101","20","2","(x8)","2,778,529","120,496,353"
"disiz - melodrama","31","30","1","(x24)","6,081,863","119,567,706"
"GIMS - CIEL","79","20","1","(x7)","4,333,792","118,029,185"
"Gazo - DIE","93","27","1","(x13)","3,883,997","117,490,974"
"Werenoi - Tu connais","134","4","7","","1,920,423","116,802,252"
"OBOY - Cabeza","182","7","5","","1,648,154","114,709,027"
"OBOY - TDB","147","22","1","(x10)","3,073,592","113,780,693"
"Soolking - Casanova","85","30","1","(x3)","2,764,718","113,531,386"
"Carbonne - Imagine","67","25","1","(x10)","5,597,187","111,691,952"
"Ninho - Jefe","116","25","1","(x13)","5,979,789","111,134,407"
"Heuss L'enfoiré - Saiyan","95","26","1","(x6)","2,926,138","110,360,908"
"Werenoi - Solitaire","154","","14","","1,256,275","109,898,546"
"Tones And I - Dance Monkey","140","22","2","(x5)","2,463,193","109,036,341"
"PLK - Nouvelles","147","8","3","(x1)","1,644,672","108,262,769"
"Harry Styles - As It Was","124","20","1","(x2)","2,028,339","105,533,923"
"Teddy Swims - Lose Control","119","12","5","","2,134,556","103,137,347"
"OBOY - Avec Toi","196","","36","","768,336","102,169,849"
"PNL - Au DD","160","11","1","(x8)","9,753,368","101,854,799"
"GIMS - PARISIENNE","39","27","1","(x7)","4,934,014","100,173,975"
"Favé - Urus","123","8","3","(x1)","1,680,873","100,067,288"
"Dinos - Placebo","171","","43","","962,712","99,352,128"
"Ninho - Maman ne le sait pas","162","12","2","(x3)","5,288,961","98,447,738"
"Alonzo - TOUT VA BIEN","80","28","1","(x5)","5,072,848","97,533,703"
"Miley Cyrus - Flowers","94","24","1","(x6)","3,538,517","96,871,982"
"Damso - Δ. Dieu ne ment jamais","174","1","8","","1,031,942","94,028,628"
"PLK - Émotif (Booska 1H)","179","","38","","751,036","92,436,656"
"GIMS - NINAO","62","23","1","(x7)","3,856,631","92,392,122"
"KeBlack - Aucune attache","81","11","5","","2,452,950","91,877,780"
"Soolking - Balader","106","25","2","(x6)","2,096,398","90,888,493"
"Gradur - Ne reviens pas","88","20","1","(x9)","5,511,081","90,036,935"
"FloyyMenor - Gata Only","70","20","2","(x1)","3,002,068","89,734,655"
"Nono La Grinta - Paris","56","14","1","(x1)","4,009,753","89,022,292"
"David Guetta - I'm Good (Blue)","119","15","3","(x1)","1,658,747","88,585,993"
"R2 - RUINART","46","23","1","(x2)","3,037,062","87,961,385"
"Gazo - MAMI WATA","91","15","3","(x3)","2,630,799","87,665,568"
"VEN1 - Hakayet","90","8","4","","2,359,819","87,129,064"
"Gambi - PETETE","112","14","1","(x1)","3,469,699","86,875,619"
"Hamza - KYKY2BONDY","52","16","1","(x6)","5,794,923","86,533,571"
"Íñigo Quintero - Si No Estás","58","26","1","(x1)","3,354,092","86,483,618"
"KeBlack - LAISSE MOI","74","21","2","(x1)","2,612,523","86,286,657"
"SDM - Mr. Ocho","126","8","6","","1,730,483","86,142,876"
"Werenoi - Pétunias","82","2","6","","2,418,457","85,112,856"
"SDM - POUR ELLE","76","10","1","(x2)","4,445,896","84,772,688"
"Bouss - Ca parle mal","76","18","3","(x4)","3,000,488","84,404,549"
"RnBoi - MON BÉBÉ","27","26","2","(x16)","4,626,755","84,061,161"
"PNL - La misère est si belle","177","","14","","2,627,267","83,662,665"
"Lady Gaga - Die With A Smile","81","12","5","","2,039,451","83,177,316"
"KeBlack - Melrose Place","56","22","2","(x3)","3,036,900","83,020,565"
"Werenoi - Pyramide","113","6","1","(x2)","3,884,660","82,168,952"
"Gazo - NANANI NANANA","53","14","1","(x7)","6,712,735","81,708,890"
"Zola - AMBER","77","23","1","(x9)","2,522,084","80,710,797"
"Jul - La bandite","148","","11","","1,476,271","80,536,388"
"Billie Eilish - BIRDS OF A FEATHER","91","","13","","1,520,913","80,312,452"
"Ninho - Goutte d'eau","144","7","4","","3,821,419","80,288,249"
"Naps - Best life","102","17","3","(x3)","1,726,054","79,515,177"
"Dadju - I love you","73","14","2","(x1)","2,596,816","79,461,512"
"KeBlack - Boucan","71","13","2","(x1)","2,934,130","79,080,286"
"OneRepublic - I Ain't Worried","110","12","6","","1,514,634","78,667,752"
"Ninho - Zipette","147","4","4","","2,242,572","78,230,956"
"Gazo - FLEURS","93","1","10","","1,532,982","78,107,869"
"PNL - Onizuka","206","7","1","(x3)","777,076","77,466,901"
"Jul - Sous la lune","86","3","3","(x1)","2,752,066","77,016,252"
"L2B - Pélican","63","12","2","(x1)","2,772,066","76,979,006"
"ZEG P - FADE UP","68","22","1","(x4)","3,505,780","76,525,742"
"Ninho - VVS","82","21","2","(x9)","4,294,602","76,393,689"
"Tiakola - MANON B","71","9","2","(x2)","3,253,038","75,365,066"
"Jul - J'oublie tout","149","","28","","1,218,597","75,124,083"
"ROSÉ - APT.","68","14","2","(x1)","2,244,792","74,279,248"
"Bleu Soleil - Soleil Bleu","46","21","2","(x4)","3,115,787","74,274,116"
"KeBlack - Mood","51","22","3","(x6)","2,907,195","74,101,456"
"Louise Attaque - J't'emmène au vent","172","","49","","765,050","73,999,289"
"Franglish - Position","59","11","1","(x2)","3,129,663","73,352,961"
"Dadju - Reine","177","11","2","(x1)","1,116,064","73,173,448"
"Damso - Alpha","64","13","1","(x1)","3,549,371","72,540,676"
"Hatik - Angela","76","19","1","(x2)","2,610,504","72,509,457"
"Soso Maness - Petrouchka","66","17","1","(x7)","5,924,978","72,447,396"
"Heuss L'enfoiré - Moulaga","112","12","2","(x5)","3,525,919","72,428,107"
"PNL - Deux frères","141","6","2","(x2)","4,110,300","71,993,037"
"Gazo - HAINE&SEX","113","12","1","(x1)","2,502,317","71,762,251"
"Charlotte Cardin - Feel Good","68","7","6","","1,909,443","71,375,862"
"Timal - Filtré","83","19","2","(x5)","1,838,865","71,230,447"
"Guy2Bezbar - Monaco","61","12","3","(x1)","2,656,819","71,015,795"
"Naps - 6.3","109","15","1","(x2)","3,167,571","70,680,556"
"Nono La Grinta - LOVE YOU","29","25","3","(x9)","3,728,987","70,106,416"
"Dr. Yaro - Minimum ça","60","11","5","","2,169,951","69,813,830"
"Sabrina Carpenter - Espresso","73","5","7","","2,132,024","69,526,672"
"Dua Lipa - Fever","98","19","1","(x1)","2,158,697","69,468,920"
"Rim'K - Air Max","116","17","1","(x3)","1,935,120","69,226,251"
"Damso - Feu de bois","153","9","2","(x1)","2,677,602","68,866,651"
"Alex Warren - Ordinary","59","1","10","","1,673,754","68,854,088"
"Ed Sheeran - Shape of You","121","34","1","(x16)","1,772,495","68,495,730"
"Bad Bunny - DtMF","67","8","2","(x1)","2,881,021","68,112,437"
"Soolking - Suavemente","82","21","2","(x2)","1,886,952","67,645,789"
"Damso - Ε. Signaler","162","7","5","","1,098,398","67,473,734"
"GAULOIS - Jolie","56","24","1","(x1)","3,121,315","67,282,442"
"Lewis Capaldi - Someone You Loved","157","","28","","734,968","67,126,867"
"Gambi - Popopop","56","15","1","(x7)","6,150,947","66,687,027"
"Rema - Calm Down","82","12","2","(x1)","2,144,859","66,581,675"
"Josman - Intro","118","","23","","967,385","66,551,295"
"Tiakola - Gasolina","82","5","6","","1,638,269","66,455,864"
"Therapie TAXI - Eté 90","134","","14","","1,051,398","66,257,646"
"Theodora - KONGOLESE SOUS BBL","78","1","10","","2,102,818","65,814,625"
"Djadja & Dinaz - J'fais mes affaires","179","","18","","698,431","65,473,209"
"Farruko - Pepas","86","12","2","(x1)","1,839,896","65,216,300"
"Dadju - Grand bain","75","18","2","(x6)","2,753,818","64,984,993"
"DJ Kawest - Chambre 04","56","10","3","(x1)","2,897,167","64,650,953"
"Koba LaD - Daddy chocolat","73","14","2","(x1)","2,345,290","64,549,203"
"Ninho - Un Poco","115","8","7","","1,189,719","64,219,177"
"Djadja & Dinaz - Dans le Réseau","124","","16","","1,086,290","64,091,037"
"The Kid LAROI - Stay","73","13","3","(x3)","2,097,551","63,563,237"
"Lola Young - Messy","65","1","9","","1,672,706","63,409,780"
"SANTA - Popcorn Salé","88","","11","","1,471,156","63,118,499"
"SAINt JHN - Roses - Imanbek Remix","93","11","3","(x2)","1,459,883","62,533,189"
"Lil Nas X - MONTERO (Call Me By Your Name)","63","20","1","(x3)","2,712,693","62,366,621"
"Werenoi - La League","87","","22","","1,146,757","62,187,028"
"Vegedream - Elle est bonne sa mère","80","16","1","(x3)","2,343,077","62,141,536"
"Ninho - Vrais","75","","16","","1,467,836","61,693,858"
"Maes - Distant","75","11","2","(x1)","4,181,473","61,594,490"
"Vacra - Tiki Taka","87","1","10","","1,236,074","61,161,149"
"PLK - Attentat","106","4","7","","1,600,281","60,904,543"
"Disturbed - The Sound of Silence - CYRIL Remix","58","7","7","","2,029,349","60,900,419"
"PLK - Faut pas","76","1","8","","1,749,614","60,825,790"
"Maes - Blanche","80","6","2","(x1)","4,854,538","60,606,798"
"Bosh - Djomb","59","12","1","(x6)","4,886,988","60,487,917"
"KAROL G - Si Antes Te Hubiera Conocido","67","","17","","1,417,264","60,476,254"
"Gazo - RAPPEL","76","9","4","","2,362,618","60,394,105"
"Theodora - ZOU BISOU","48","9","6","","1,874,527","60,231,042"
"TRIANGLE DES BERMUDES - Charger","44","12","1","(x4)","3,927,710","60,194,272"
"Werenoi - All eyes on me","106","","50","","794,644","59,806,809"
"Werenoi - Piano","52","9","4","","2,628,038","59,707,961"
"Alonzo - La Seleçao","73","10","2","(x3)","2,439,194","59,380,615"
"Nekfeu - Elle pleut","151","3","4","","3,125,374","59,297,058"
"Elton John - Cold Heart - PNAU Remix","88","","11","","1,310,547","59,149,566"
"Joé Dwèt Filé - 4 Kampé","52","10","6","","2,011,386","58,914,944"
"Bouss - Parler tout bas","82","","27","","1,120,483","58,712,855"
"Niska - Médicament","65","19","1","(x1)","1,981,879","58,439,580"
"GIMS - AIR FORCE BLANCHE","45","14","1","(x1)","3,078,725","58,058,401"
"Jul - Tu la love","112","","40","","1,026,072","57,891,753"
"Pierre de Maere - Un jour je marierai un ange","90","1","8","","1,344,248","57,614,157"
"RK - VIANO","41","12","2","(x2)","3,234,047","57,019,910"
"Tayc - Le temps","72","14","1","(x2)","2,681,631","56,991,432"
"Naps - C'est carré le S","66","17","1","(x2)","2,589,512","56,848,199"
"Angèle - Balance ton quoi","89","7","2","(x1)","1,831,453","56,553,919"
"Tate McRae - greedy","49","12","6","","1,741,990","56,193,219"
"Glass Animals - Heat Waves","87","","11","","1,155,508","56,076,265"
"Jul - JCVD","95","7","3","(x1)","2,251,760","55,772,086"
"Yorssy - CRF - Nouvelle École","53","9","5","","2,233,431","55,629,730"
"Vance Joy - Riptide","184","","26","","739,514","55,507,600"
"Rim'K - Run","51","6","6","","1,951,564","55,173,945"
"David Kushner - Daylight","66","1","10","","1,262,101","55,068,654"
"Damso - Σ. MOROSE","96","6","1","(x1)","3,445,266","55,058,979"
"Werenoi - Maudit","72","2","9","","1,744,115","54,527,436"
"Franglish - Génération impolie","28","18","4","","3,008,243","54,524,904"
"Jul - J'ai tout su","67","12","3","(x1)","1,887,728","54,245,622"
"Yanns - Clic clic pan pan","71","8","8","","1,358,643","54,129,374"
"Theodora - FASHION DESIGNA","55","1","10","","1,562,123","53,816,899"
"Loreen - Tattoo","57","5","7","","1,374,416","53,673,101"
"Jul - Oh qu'elle est belle","63","5","6","","2,204,911","53,578,522"
"Naza - Joli bébé","63","19","2","(x4)","2,811,957","53,554,306"
"Beendo Z - Pas bête","81","1","9","","1,344,799","53,524,071"
"Lil Nas X - INDUSTRY BABY","57","14","2","(x2)","2,370,942","53,447,757"
"Niska - Adriano","42","7","4","","2,827,883","53,342,876"
"SANTA - Recommence-moi","73","","16","","1,373,433","53,244,646"
"THEODORT - Wayeh","39","13","4","","2,359,628","53,226,807"
"PLK - Demain","54","11","1","(x2)","2,419,579","53,086,104"
"Werenoi - 10.03.2023","94","","21","","1,081,082","52,987,295"
"Jul - Phénoménal","55","5","1","(x1)","3,273,034","52,915,530"
"Booba - 92i veyron","142","","11","","871,040","52,895,338"
"Soolking - Tour du monde","40","5","8","","1,770,733","52,815,478"
"Orelsan - La Quête","67","2","2","(x1)","3,483,146","52,715,893"
"Angèle - Tout oublier","78","19","1","(x3)","1,411,270","52,691,500"
"Soolking - Meleğim","72","12","4","","1,882,666","52,214,472"
"ROSALÍA - DESPECHÁ","67","7","7","","1,346,509","52,163,081"
"Werenoi - Poney","55","4","6","","2,255,863","51,962,956"
"Aya Nakamura - Pookie","95","5","8","","1,379,492","51,756,758"
"GIMS - APPELLE TA COPINE","45","5","8","","2,090,330","51,247,762"
"Coldplay - Viva La Vida","106","","55","","760,623","50,994,002"
"Damso - Impardonnable","47","4","3","(x2)","3,349,499","50,944,373"
"Gambi - Hé oh","55","13","1","(x2)","3,105,777","50,881,119"
"Ninho - Tout en Gucci","72","11","5","","1,438,591","50,709,218"
"disiz - RENCONTRE","64","9","1","(x5)","2,546,519","50,701,829"
"Orelsan - Jour meilleur","68","11","1","(x1)","2,998,790","50,640,854"
"Maes - Madrina","81","16","1","(x4)","1,878,305","50,329,260"
"Lacrim - No lo sé","57","7","4","","2,261,490","50,201,251"
"Zola - Temps en temps","39","10","2","(x3)","2,880,713","50,162,144"
"Maes - Dybala","64","5","4","","3,953,657","50,112,814"
"Nekfeu - Tricheur","68","13","1","(x3)","4,842,297","49,965,697"
"Bad Bunny - NUEVAYoL","57","2","9","","1,934,839","49,873,578"
"Aya Nakamura - Djadja","85","15","2","(x2)","1,334,366","49,733,820"
"Ninho - Coco","46","11","6","","2,321,531","49,660,690"
"Nekfeu - On verra","181","15","1","(x1)","514,976","49,575,307"
"Dadju - Compliqué","83","4","7","","1,389,781","49,411,081"
"Ed Sheeran - Bad Habits","60","13","6","","1,569,238","49,305,022"
"Koba LaD - Doudou","56","15","4","","1,460,894","48,498,882"
"Heuss L'enfoiré - Mélanine","37","7","4","","2,735,723","48,498,256"
"Don Omar - Danza Kuduro","99","","53","","747,174","48,492,008"
"Cheu-B - Catalina","43","7","9","","2,050,160","48,481,599"
"Dua Lipa - Houdini","49","","11","","1,632,152","48,427,844"
"Lomepal - 1000°C","88","13","2","(x2)","1,503,315","48,407,094"
"Mariah Carey - All I Want for Christmas Is You","56","8","2","(x2)","3,214,277","48,343,005"
"Damso - Pa Pa Paw","48","3","7","","2,140,722","48,316,613"
"HUNTR/X - Golden","44","1","7","","1,651,235","48,100,681"
"Ofenbach - Overdrive","57","","13","","1,346,724","48,048,013"
"PLK - Pilote","73","7","6","","1,811,700","47,624,919"
"47ter - Côte Ouest","84","3","7","","1,271,438","47,424,175"
"Shawn Mendes - Señorita","65","13","3","(x4)","1,669,298","47,266,189"
"PLK - Un peu de haine","74","9","1","(x1)","2,586,096","47,219,113"
"Ziak - Fixette - Bonus","65","10","1","(x1)","2,306,159","46,954,970"
"Heuss L'enfoiré - Khapta","60","9","1","(x3)","2,683,857","46,935,828"
"Vegedream - Ramenez la coupe à la maison","66","20","1","(x5)","2,165,004","46,915,283"
"Vacra - Confidences","46","1","8","","1,995,758","46,893,362"
"Lost Frequencies - Where Are You Now","72","","16","","1,083,440","46,634,927"
"Lady Gaga - Shallow","96","4","5","","1,203,944","46,618,205"
"L2B - Movie","71","","47","","902,935","46,494,334"
"Nekfeu - Dans l'univers","78","3","3","(x1)","3,205,854","46,451,615"
"24kGoldn - Mood","61","10","3","(x2)","1,719,320","46,408,020"
"GIMS - SEYA","74","","23","","1,048,117","46,177,011"
"Arcane - Ma Meilleure Ennemie - from the series Arcane League of Legends","33","7","1","(x1)","4,366,532","46,167,367"
"Djadja & Dinaz - Capitaine","64","8","6","","1,646,924","46,131,786"
"Booba - Mona Lisa","60","9","1","(x2)","4,186,609","46,031,714"
"Werenoi - Mauvaise","78","","21","","1,053,860","45,910,745"
"Vald - Désaccordé","83","20","1","(x5)","2,060,658","45,905,590"
"Moha La Squale - Ma belle","58","14","1","(x4)","2,086,691","45,887,470"
"Tiakola - M3lo","101","","31","","824,642","45,881,223"
"Hornet La Frappe - Gasolina","61","","11","","1,330,738","45,669,436"
"Hamza - Nocif","47","11","1","(x3)","3,014,989","45,668,779"
"Nuit Incolore - Dépassé","72","","16","","1,090,756","45,640,906"
"The Weeknd - Save Your Tears","98","2","5","","1,176,785","45,554,234"
"Josman - J'aime Bien!","122","","94","","561,069","45,477,620"
"Ayra Starr - Rush","53","7","6","","1,436,570","45,367,028"
"GP Explorer - Un monde à l'autre","28","11","1","(x1)","4,184,629","45,321,602"
"Bakermat - Baianá","78","","18","","963,161","45,277,519"
"DaBaby - ROCKSTAR","63","12","4","","1,881,873","45,124,828"
"Landy - Médusa","93","3","1","(x1)","1,421,135","45,007,724"
"Lil Nas X - Old Town Road - Remix","56","14","2","(x1)","2,044,453","44,759,276"
"Metro Boomin - Creepin'","57","5","7","","1,447,208","44,635,571"
"Artemas - i like the way you kiss me","45","5","6","","2,135,102","44,503,976"
"Angèle - Démons","50","12","5","","2,469,523","44,227,199"
"Lord Huron - The Night We Met","94","","88","","634,665","44,201,066"
"CYRIL - Stumblin' In","42","","13","","1,792,049","44,049,556"
"Helena - Mauvais Garçon","61","","21","","1,287,759","44,042,567"
"Damso - Γ. Mosaïque solitaire","112","6","4","","1,246,351","43,846,820"
"PNL - Bené","127","8","5","","749,393","43,789,108"
"Kalash - Mwaka Moon","59","20","1","(x15)","2,657,768","43,751,843"
"Lomepal - Decrescendo","52","","11","","1,452,037","43,740,809"
"GLK - 93% [Tijuana]","64","","12","","1,452,341","43,678,053"
"Niska - Réseaux","62","20","1","(x11)","2,219,219","43,485,870"
"Ninho - Dis-moi que tu m'aimes","113","","58","","772,189","43,407,274"
"UZI - À la fête","55","10","6","","1,660,848","43,349,390"
"Jul - Mimi","41","8","2","(x1)","2,996,054","43,228,473"
"Koba LaD - RR 9.1","61","7","2","(x1)","1,910,706","42,994,477"
"BENNETT - Vois sur ton chemin - Techno Mix","55","3","9","","1,444,962","42,924,508"
"Kore - Mon poto - Extrait de la BO de « En Passant Pécho »","56","8","3","(x1)","1,896,873","42,888,030"
"Jul - Pic et pic, alcool et drame","60","7","4","","1,837,504","42,884,289"
"Dave - Meridian","38","10","3","(x3)","2,651,205","42,862,807"
"Taylor Swift - The Fate of Ophelia","30","10","4","","2,200,119","42,853,580"
"Kalash - Tu le sais","73","","26","","859,617","42,810,959"
"Genezio - EL GEMANO","64","","33","","1,218,286","42,042,939"
"Ninho - Vérité","61","6","3","(x2)","3,447,599","41,996,515"
"RK - Lola","52","7","7","","1,272,703","41,955,200"
"Leto - Macaroni","66","7","2","(x2)","2,796,653","41,939,184"
"PLK - Ça mène à rien","51","3","2","(x2)","2,465,639","41,917,181"
"Central Cee - Doja","54","7","6","","1,648,593","41,874,375"
"VEN1 - Vanilla","57","","14","","1,693,339","41,845,414"
"UZI - GARS DU ZOO","49","","19","","1,359,632","41,801,542"
"Maes - Billets verts","82","1","7","","1,076,715","41,689,790"
"DJ Snake - Loco Contigo","57","10","1","(x3)","2,263,861","41,435,531"
"Rambo goyard - B.M.S (by my side)","17","16","2","(x2)","3,633,007","41,380,501"
"Tiakola - PONA NINI","50","3","7","","1,980,642","41,368,557"
"4Keus - MD","46","11","5","","1,877,217","41,291,739"
"No Limit - LA RUE","37","9","1","(x3)","2,715,954","41,273,079"
"Zola - Papers","63","6","5","","2,343,177","41,083,506"
"ROSALÍA - LA FAMA","51","7","5","","1,493,430","41,023,826"
"Hatik - La meilleure","61","","15","","1,235,278","40,907,767"
"Bouss - Biff pas d'love","34","9","6","","1,800,210","40,887,636"
"Regard - Ride It","67","","17","","1,026,282","40,875,819"
"La Rvfleuze - Serrure #5","37","2","9","","1,722,746","40,809,373"
"Hamza - Murder","73","","23","","1,187,692","40,746,911"
"Sevdaliza - Alibi","35","","13","","1,552,233","40,650,951"
"L2B - Tout Pour L'équipe","52","","12","","1,832,010","40,531,568"
"Drake - One Dance","96","31","1","(x20)","1,030,951","40,505,316"
"The Police - Every Breath You Take","88","","48","","763,050","40,368,486"
"Jul - Bwo","60","","16","","1,636,995","40,269,079"
"Jul - Bande organisée","8","8","1","(x8)","5,742,186","40,264,409"
"Ravyn Lenae - Love Me Not","51","","36","","980,791","40,242,646"
"Zaho de Sagazan - La symphonie des éclairs","57","","23","","1,229,971","40,167,293"
"Therapie TAXI - Hit Sale","99","","11","","864,349","40,049,770"
"Kungs - Never Going Home","61","10","5","","1,574,027","39,997,987"
"Billie Eilish - bad guy","74","","14","","1,050,043","39,686,084"
"Pierre Garnier - Ceux qu'on était","18","12","1","(x1)","4,701,617","39,685,429"
"Gazo - CELINE 3X","54","3","5","","1,804,092","39,527,326"
"Roddy Ricch - The Box","57","11","4","","1,743,623","39,470,146"
"PNL - 91's","60","7","1","(x3)","3,600,305","39,440,467"
"Koba LaD - Coffre plein","53","9","2","(x2)","2,780,673","39,346,649"
"Leto - Tes parents","69","","14","","1,065,434","39,297,077"
"GIMS - LOCO","44","","34","","1,178,207","39,212,911"
"PLK - Problèmes","59","12","5","","1,730,735","39,209,876"
"Imagine Dragons - Bones","67","","24","","1,021,757","39,090,304"
"Le classico organisé - Le classico organisé","46","3","1","(x1)","2,792,560","39,041,812"
"PNL - Hasta la vista","78","2","6","","3,443,597","39,023,859"
"RnBoi - BTRD","44","1","9","","1,490,720","38,987,609"
"Niska - Bâtiment","51","8","2","(x1)","2,655,517","38,924,140"
"Adam Port - Move","56","","17","","1,523,843","38,845,112"
"The Neighbourhood - Sweater Weather","79","","81","","611,377","38,632,373"
"Heuss L'enfoiré - Aristocrate","73","","31","","786,139","38,594,761"
"Naps - La danse des bandits","59","","11","","1,281,397","38,582,666"
"Werenoi - Ciao","51","3","6","","1,551,154","38,541,553"
"Doja Cat - Woman","52","6","7","","1,604,857","38,476,001"
"Ed Sheeran - Shivers","50","2","10","","1,323,813","38,412,828"
"Maes - Fetty Wap","39","10","2","(x1)","2,115,609","38,347,553"
"GAYLE - abcdefu","44","8","5","","1,479,187","38,333,462"
"Aya Nakamura - Copines","54","19","1","(x1)","1,781,830","38,313,577"
"ZZ - 4h44","40","","13","","1,472,212","38,096,607"
"Lartiste - Mafiosa","55","18","1","(x4)","1,736,191","38,062,908"
"Doja Cat - Paint The Town Red","37","8","7","","1,942,284","38,048,405"
"Harry Styles - Watermelon Sugar","80","","25","","891,077","37,920,779"
"Aya Nakamura - Jolie nana","38","8","1","(x4)","3,963,119","37,796,617"
"Naza - Loin de moi","58","5","8","","1,319,672","37,790,874"
"XXXTENTACION - Moonlight","82","1","7","","1,242,119","37,671,528"
"Dua Lipa - Dance The Night (From Barbie The Album)","47","6","5","","1,453,597","37,666,287"
"Kpoint - Ma 6t a craqué","59","11","3","(x2)","1,733,779","37,640,356"
"Anyme023 - Shamballa","38","2","9","","1,805,587","37,585,075"
"CKay - love nwantiti (ah ah ah)","53","5","6","","1,529,807","37,555,066"
"Werenoi - Triple V","51","2","1","(x1)","3,470,860","37,508,691"
"La Mano 1.9 - I'M SORRY","52","","15","","1,617,314","37,461,408"
"Heuss L'enfoiré - Les méchants","64","8","4","","1,394,444","37,408,113"
"Aya Nakamura - 40%","47","8","7","","1,549,478","37,121,164"
"Damso - N. J Respect R","94","2","9","","963,478","37,019,933"
"Gazo - MAUVAIS 2X","49","","13","","1,862,946","36,883,896"
"Leto - J’crois qu’ils ont pas compris","34","6","3","(x2)","2,613,656","36,632,682"
"KAROL G - Tusa","48","4","7","","1,222,525","36,606,553"
"SCH - Je la connais","77","","16","","969,695","36,603,692"
"Jok'air - Las Vegas","104","","89","","522,233","36,506,185"
"Bramsito - Sale mood","62","10","3","(x2)","1,330,027","36,447,760"
"Billie Eilish - WILDFLOWER","64","","52","","964,605","36,077,077"
"Major Lazer - Lean On","134","29","1","(x18)","660,696","35,858,753"
"Zara Larsson - Lush Life","103","","12","","1,030,643","35,749,151"
"Rema - Calm Down","56","","23","","1,022,459","35,724,192"
"Dadi - Bah Ouais - Nouvelle École","25","7","4","","2,589,186","35,612,654"
"KeBlack - Complètement sonné","68","3","8","","975,206","35,508,283"
"David Guetta - I Don't Wanna Wait","37","","14","","1,653,120","35,423,606"
"Ninho - Collabo","42","1","10","","1,656,175","35,356,683"
"Aya Nakamura - Baby","37","9","3","(x2)","2,707,849","35,291,247"
"Trois Cafés Gourmands - À nos souvenirs","83","","27","","669,836","35,245,403"
"Franglish - My Salsa","46","5","5","","1,655,505","35,236,036"
"GIMS - BLOQUÉ","25","6","6","","1,921,000","35,191,507"
"PNL - A l'Ammoniaque","67","5","1","(x3)","3,148,297","35,187,559"
"Kenya Grace - Strangers","31","4","7","","1,603,500","35,185,729"
"Bad Bunny - DÁKITI","45","10","4","","1,267,155","35,157,604"
"La Mano 1.9 - Sexy Woman","41","","11","","1,659,002","35,072,361"
"Jul - J'fais plaisir à la zone","35","6","4","","2,086,395","35,018,839"
"DA Uzi - Michael Jordan","45","","16","","1,609,419","34,997,792"
"Booba - Ridin'","64","2","4","","2,041,939","34,781,652"
"Damso - 911","65","1","7","","2,729,936","34,749,024"
"Dua Lipa - Training Season","40","","18","","1,502,900","34,746,889"
"Maes - Street","43","4","4","","2,736,765","34,614,935"
"CKay - Emiliana","40","3","10","","1,234,310","34,451,577"
"Riton - Friday","55","","11","","1,217,573","34,387,154"
"Teddy Swims - The Door","51","","34","","1,009,649","34,372,712"
"Mark Ambor - Belong Together","46","","23","","1,279,146","34,364,997"
"Ofenbach - Head Shoulders Knees & Toes","57","","13","","1,110,722","34,262,714"
"Kate Bush - Running Up That Hill (A Deal With God)","42","6","2","(x2)","2,300,257","34,160,415"
"GIMS - Où aller","41","","15","","1,646,741","34,152,890"
"Gambi - Dans l'espace","35","7","1","(x4)","5,113,117","34,134,586"
"Lefa - Bitch","58","3","7","","1,311,102","34,064,885"
"Internet Money - Lemonade","52","3","8","","1,256,248","34,060,553"
"La Fouine - Flying Blue","33","","18","","1,305,513","34,013,342"
"Tiakola - La clé","71","","48","","689,413","34,004,960"
"Booba - JAUNÉ","44","9","1","(x1)","2,353,803","33,974,780"
"Vitaa - Avant toi","73","","18","","1,124,888","33,868,145"
"PNL - Jusqu'au dernier gramme","115","","11","","685,208","33,836,655"
"Djo - End of Beginning","35","3","9","","1,930,543","33,701,151"
"Zola - TOUTE LA JOURNÉE","35","8","3","(x1)","2,310,718","33,572,963"
"La Rvfleuze - P.I.B","48","","24","","1,201,038","33,554,505"
"ROSALÍA - BESO","42","1","10","","1,302,806","33,493,382"
"Dynoro - In My Mind","65","8","6","","1,162,472","33,380,596"
"Slimane - Mon amour","46","2","8","","2,152,507","33,372,903"
"DJ Snake - Taki Taki","50","14","3","(x5)","1,503,294","33,298,893"
"Freeze corleone - Freeze Raël","68","1","2","(x1)","3,368,667","33,223,378"
"RAYE - WHERE IS MY HUSBAND!","32","","14","","1,524,405","33,192,352"
"Calvin Harris - One Kiss","60","12","3","(x1)","1,246,483","33,145,213"
"Theodora - PAY!","46","","27","","1,313,369","33,089,336"
"Lomepal - À peu près","45","1","5","","1,926,523","33,079,951"
"Camila Cabello - Bam Bam","43","","12","","1,229,083","33,054,874"
"Wham! - Last Christmas","44","4","4","","2,746,921","32,981,632"
"Genezio - OG","22","10","6","","2,306,750","32,886,732"
"Hozier - Too Sweet","45","","29","","1,176,711","32,802,127"
"Lil Nas X - STAR WALKIN' (League of Legends Worlds Anthem)","38","","14","","1,143,071","32,761,414"
"Zokush - 1 2 3 4","47","","18","","1,034,013","32,715,946"
"Måneskin - THE LONELIEST","51","","12","","1,198,124","32,620,903"
"Grand Corps Malade - Mais je t'aime","63","","22","","987,067","32,524,173"
"Sam Smith - Unholy","34","10","6","","1,442,861","32,446,210"
"Moha K - Vroum Vroum","33","11","2","(x3)","2,278,615","32,358,692"
"WizTheMc - Show Me Love","32","","18","","1,417,248","32,343,668"
"Niska - N.I","52","2","2","(x1)","2,416,540","32,286,349"
"AMK - Malya","32","1","7","","1,931,677","32,082,666"
"Teddy Swims - Bad Dreams","40","","23","","1,136,206","32,034,949"
"Ninho - No love","41","1","9","","1,608,933","32,018,334"
"PNL - Blanka","63","3","3","(x1)","3,691,173","31,957,714"
"Elley Duhé - MIDDLE OF THE NIGHT","50","","17","","1,166,391","31,908,508"
"Niska - Salé","52","15","2","(x4)","1,804,567","31,886,550"
"Imagine Dragons - Enemy","52","5","6","","1,342,553","31,881,875"
"Leto - Mapessa","58","1","9","","1,360,093","31,733,379"
"Lynda - Passe ton chemin","37","","19","","1,384,264","31,571,225"
"No Limit - Millions","61","1","8","","1,657,650","31,563,104"
"Werenoi - Jamal","42","","25","","1,118,160","31,482,083"
"GIMS - Est-ce que tu m'aimes ? - Pilule Bleue","98","8","4","","641,300","31,420,848"
"Ziak - Raspoutine","65","","29","","1,060,554","31,298,399"
"SCH - Mode Akimbo","39","6","3","(x1)","2,949,932","31,215,289"
"Dadju - Bob Marley","60","12","3","(x1)","1,201,023","31,088,973"
"Sia - Gimme Love","32","","15","","1,328,897","30,964,160"
"Post Malone - rockstar","60","15","2","(x2)","1,112,368","30,929,942"
"Beyoncé - TEXAS HOLD 'EM","28","2","6","","2,149,357","30,867,515"
"Koba LaD - Train de vie","65","2","3","(x1)","1,549,168","30,866,788"
"Måneskin - Beggin'","37","10","3","(x1)","2,009,456","30,860,680"
"Camila Cabello - Havana","61","14","2","(x1)","1,011,960","30,848,657"
"GIMS - La même","53","12","3","(x2)","1,251,754","30,829,667"
"Fresh - Chop (Nouvelle École)","18","11","1","(x3)","3,528,966","30,788,467"
"Jul - Un jour, je l'aurai","34","","14","","1,748,075","30,778,258"
"Gazo - BECTE","63","","24","","1,132,310","30,770,425"
"Ninho - Eurostar","40","4","1","(x1)","2,305,280","30,712,875"
"Jul - La miss","45","","19","","972,769","30,699,457"
"Tiakola - 1h55","52","","15","","1,660,763","30,678,612"
"Laylow - SPECIAL","60","1","8","","1,559,260","30,676,138"
"Tiakola - Mode AV","51","","16","","1,166,470","30,607,317"
"Roméo Elvis - Soleil","60","","11","","980,002","30,564,991"
"SDM - Passat","59","","34","","728,768","30,515,961"
"Black Eyed Peas - GIRL LIKE ME","39","7","2","(x2)","1,352,384","30,433,061"
"TKS 2G - Whine","37","","22","","1,265,130","30,399,587"
"SEYSEY - Mia","25","5","6","","2,091,315","30,203,865"
"Doechii - Anxiety","30","4","9","","1,700,978","30,161,458"
"Corneille - Avec classe","32","","28","","1,192,943","30,140,371"
"Kerchak - Saison 2","39","","14","","1,563,996","30,140,286"
"Dua Lipa - Don't Start Now","52","","12","","1,071,697","30,136,681"
"Louane - Secret","46","","13","","1,186,367","30,082,268"
"Ninho - De l'autre côté","68","6","1","(x1)","1,900,586","30,003,275"
"RnBoi - AVEC MOI","15","11","5","","2,989,138","29,948,949"
"Billie Eilish - lovely","80","","82","","536,045","29,847,730"
"Aya Nakamura - Dégaine","31","11","1","(x2)","1,971,712","29,711,188"
"Niska - Méchant","42","7","1","(x1)","3,135,726","29,711,171"
"Pop Smoke - Dior","79","","57","","623,128","29,657,315"
"Meryl - Shatta Confessions","41","","23","","1,157,420","29,591,042"
"Bolémvn - 10K","41","3","7","","1,356,857","29,497,811"
"XXXTENTACION - SAD!","60","4","3","(x1)","1,391,213","29,470,713"
"Jok'air - Bonbon à la menthe","51","","49","","854,393","29,402,478"
"1PLIKÉ140 - CANADA","39","4","4","","1,462,366","29,381,035"
"David Guetta - Baby Don't Hurt Me","40","","11","","1,270,468","29,361,407"
"Dosseh - Habitué","42","11","1","(x5)","1,799,028","29,342,144"
"Topic - Breaking Me","48","","14","","1,179,903","29,316,719"
"Arizona Zervas - ROXANNE","42","2","9","","1,342,751","29,293,289"
"Lomepal - Yeux disent","104","","17","","615,380","29,284,149"
"Master KG - Jerusalema","42","","11","","1,904,198","29,261,513"
"Wejdene - Anissa","33","9","4","","2,052,579","29,239,445"
"Kerchak - Peur","40","3","4","","1,895,797","29,205,709"
"Dadju - Jaloux","39","15","1","(x3)","1,835,185","29,194,226"
"Petit Biscuit - Sunset Lover","86","9","7","","738,958","29,040,322"
"sombr - back to friends","49","","62","","745,042","28,934,384"
"DTF - Me Gusta","79","","49","","775,366","28,915,815"
"Youssoupha - On se connaît","68","","22","","703,411","28,678,694"
"Dadju - Dieu merci","36","10","7","","1,293,084","28,654,038"
"Drake - God's Plan","41","14","1","(x3)","1,356,176","28,641,100"
"Angèle - Oui ou non","32","7","5","","1,544,408","28,425,195"
"GP Explorer - Toute la nuit","23","4","5","","2,372,697","28,391,399"
"Gazo - MOLLY - A COLORS SHOW","38","4","6","","1,657,844","28,347,086"
"Le classico organisé - Cœur de pirate","45","","20","","1,361,822","28,298,640"
"Mister V - Jamais","40","4","4","","2,367,716","28,298,223"
"cassö - Prada","44","","21","","930,408","28,266,105"
"Daddy Yankee - Con Calma","35","4","9","","1,250,934","28,258,203"
"Lil Nas X - THATS WHAT I WANT","48","","26","","863,585","28,222,663"
"Gazo - NO LÈCHE","42","3","4","","2,012,458","28,201,992"
"Alec Benjamin - Let Me Down Slowly","59","","17","","923,519","28,194,532"
"Trevor Daniel - Falling","40","","15","","1,277,792","28,157,449"
"1D1R - Balade","31","","11","","1,696,312","28,129,274"
"Siaka - Los Angeles","28","3","7","","2,148,876","28,122,493"
"Becky G - Arranca","36","","15","","1,163,114","28,116,891"
"Ed Sheeran - Azizam","34","","30","","1,138,405","28,038,777"
"Jaymes Young - Infinity","42","","11","","1,151,471","27,998,162"
"Taylor Swift - Cruel Summer","49","","41","","957,097","27,982,330"
"PLK - Il pleut à Paris","43","","24","","1,269,894","27,933,410"
"Disco Lines - No Broke Boys","37","","32","","1,027,224","27,871,752"
"Ariana Grande - 7 rings","40","9","2","(x3)","1,632,887","27,785,545"
"SDM - TOKA","35","3","5","","2,503,012","27,736,476"
"Travis Scott - Goosebumps - Remix","39","","12","","1,062,893","27,679,352"
"R2 - JAMAIS TOI","31","","18","","1,564,025","27,666,340"
"Tinlicker - Because You Move Me","52","","37","","763,021","27,662,087"
"Amel Bent - 1,2,3","47","3","10","","1,078,890","27,622,739"
"Gazo - NOTRE DAME","26","5","3","(x1)","2,485,778","27,579,753"
"Black Eyed Peas - MAMACITA","32","8","6","","1,503,661","27,487,982"
"Siboy - Mobali","65","4","7","","712,487","27,305,916"
"Maroon 5 - Memories","43","2","10","","1,124,783","27,292,542"
"Damso - Smog","44","8","1","(x1)","3,150,062","27,051,220"
"Djadja & Dinaz - Possédé","46","2","4","","1,812,361","27,039,041"
"Dadju - Mon soleil","37","4","10","","1,323,868","27,031,460"
"Aden Foyer - The Ballet Girl","43","","27","","968,210","26,964,505"
"SCH - Autobahn","45","1","10","","1,407,677","26,960,199"
"marguerite - les filles, les meufs","47","","70","","771,094","26,947,926"
"Beyoncé - CUFF IT","38","","16","","1,184,038","26,928,410"
"KATSEYE - Gabriela","31","","27","","1,141,832","26,856,319"
"GIMS - OHMA TOKITA","32","","15","","1,540,615","26,777,123"
"Gracie Abrams - That’s So True","33","","19","","1,092,369","26,763,293"
"Soolking - CARRÉ OK","29","","20","","1,290,889","26,736,158"
"TKS 2G - Paddle","25","2","8","","1,748,515","26,673,883"
"Jawsh 685 - Savage Love (Laxed - Sired Beat)","39","6","6","","1,646,517","26,621,562"
"Jul - Avant la douane","77","","91","","675,848","26,582,191"
"Imagine Dragons - Demons","129","11","5","","560,130","26,547,359"
"Jeck - Parapluie","30","","22","","1,265,428","26,531,570"
"Twenty One Pilots - Stressed Out","86","13","4","","572,940","26,526,563"
"Gazo - CARTIER","39","1","9","","1,700,316","26,526,488"
"Sexion d'Assaut - Wati by Night","57","","71","","727,101","26,503,791"
"MHD - Afro Trap Part. 11 (King Kong)","28","8","4","","1,917,385","26,482,361"
"PNL - Naha","80","11","1","(x3)","1,432,507","26,443,488"
"RIDSA - Santa Maria","35","","14","","1,134,108","26,431,904"
"Dua Lipa - Levitating","53","","18","","1,029,611","26,327,840"
"Werenoi - Tout seul","49","","16","","1,150,233","26,321,627"
"GIMS - SPA","15","10","4","","2,102,046","26,267,049"
"Rosa Linn - SNAP","40","","15","","1,069,311","26,262,560"
"Jul - Sousou","36","3","3","(x1)","1,535,269","26,154,370"
"Niska - Tuba Life","51","7","2","(x2)","2,185,853","26,107,057"
"Niska - Siliconé","52","1","7","","1,998,213","26,022,952"
"Powfu - death bed","43","","13","","1,159,613","26,013,095"
"Tyla - Water","37","","23","","917,349","25,985,706"
"Freeze corleone - Shavkat","25","8","2","(x1)","2,554,233","25,814,973"
"Justin Bieber - Peaches","33","5","6","","1,512,627","25,811,775"
"WIXO & LA2S - GMK","15","10","4","","2,314,134","25,690,684"
"Ninho - Mamacita","47","13","2","(x5)","1,548,703","25,677,285"
"Sia - Cheap Thrills","86","25","2","(x3)","687,363","25,641,443"
"Orelsan - Rêves bizarres","41","9","1","(x2)","3,161,960","25,606,835"
"Purple Disco Machine - Substitution","36","","22","","1,013,804","25,598,857"
"Eva - Cœur noir","30","13","3","(x1)","1,363,881","25,590,171"
"OBOY - Mélodie","52","","54","","665,046","25,531,305"
"Naps - Vamos","33","1","9","","1,564,178","25,498,669"
"Nono La Grinta - Terrain","38","","50","","861,393","25,408,770"
"Linkin Park - The Emptiness Machine","31","","23","","1,370,549","25,392,841"
"PEDRO SAMPAIO - DANÇARINA","28","","13","","1,252,705","25,356,766"
"DJ Kawest - Mode avion","32","","22","","1,329,140","25,310,938"
"Jul - Mother Fuck","29","10","1","(x2)","2,378,470","25,286,627"
"Major Lazer - Que Calor","46","","16","","1,103,044","25,256,087"
"Soolking - Guerilla","57","","23","","845,839","25,117,427"
"Kavinsky - Nightcall","27","","18","","1,590,223","24,993,371"
"Tayc - N'y pense plus","40","","14","","1,139,320","24,988,382"
"Adele - Easy On Me","30","3","2","(x1)","1,943,291","24,954,199"
"MHD - Bella","36","6","5","","1,472,688","24,944,624"
"Orelsan - L'odeur de l'essence","30","2","1","(x1)","3,817,394","24,933,714"
"Maes - Galactic","29","4","3","(x2)","2,229,819","24,885,908"
"Aime Simone - Shining Light","39","","23","","1,081,443","24,880,965"
"Lacrim - Joie de filles","34","","19","","1,485,751","24,808,541"
"Jul - La street","53","","46","","671,988","24,795,850"
"Djadja & Dinaz - BONKASA","52","","24","","944,727","24,699,677"
"K2S - Dougie","28","","13","","1,686,085","24,651,043"
"Zola - COEUR DE ICE","31","4","1","(x2)","3,354,259","24,632,443"
"Kaaris - Panama","27","2","9","","1,707,508","24,621,744"
"DJ Snake - Paradise","34","","36","","1,054,825","24,619,602"
"Nekfeu - Galatée","73","2","8","","866,581","24,598,097"
"Jul - Superstar","28","3","4","","1,749,633","24,506,111"
"Morad - Se Grita","36","","15","","1,111,362","24,504,674"
"Shay - Sans Coeur","31","1","9","","1,388,922","24,433,120"
"Werenoi - Scarface","51","","72","","691,795","24,424,015"
"Aya Nakamura - La dot","37","5","2","(x1)","1,676,488","24,423,616"
"Gabry Ponte - Thunder","37","","13","","1,071,136","24,415,032"
"Niska - Du lundi au lundi","34","4","6","","2,020,282","24,377,664"
"Eminem - Mockingbird","57","","92","","514,040","24,373,861"
"Reik - A Un Paso De La Luna - Remix","28","1","10","","1,293,243","24,372,678"
"Mike Posner - I Took A Pill In Ibiza - Seeb Remix","84","18","2","(x3)","688,354","24,295,558"
"Dennis Lloyd - Nevermind","42","2","5","","1,003,977","24,279,978"
"Ninho - LES DIAMANTS DE BOKASSA","16","2","4","","2,765,363","24,217,114"
"Jul - Italia","41","3","3","(x1)","2,352,704","24,150,980"
"Damso - BXL ZOO","34","3","3","(x2)","4,118,093","24,117,100"
"Pierre Garnier - Nous on sait","29","","15","","1,632,599","24,105,120"
"Alonzo - TRAFICANTE","34","","12","","1,260,662","24,099,025"
"Pop Smoke - What You Know Bout Love","39","","15","","1,011,942","24,034,053"
"Leto - Train de vie","47","","19","","942,996","24,027,841"
"Coldplay - My Universe","48","","30","","785,542","23,854,908"
"Kungs - Clap Your Hands","36","","22","","1,038,298","23,841,551"
"Libianca - People","36","","30","","925,143","23,814,728"
"Shaboozey - A Bar Song (Tipsy)","40","","62","","816,934","23,793,988"
"DJ Snake - Let Me Love You","64","18","1","(x3)","808,298","23,771,403"
"Green Montana - barcelona92","31","","21","","1,354,558","23,742,560"
"Angèle - Bruxelles je t’aime","31","","12","","1,708,734","23,732,505"
"Major Lazer - Light It Up","90","24","2","(x4)","584,485","23,620,479"
"Jok'air - Nos souvenirs","42","","68","","756,636","23,579,423"
"Josman - Ailleurs","31","","18","","1,076,875","23,577,453"
"Imagine Dragons - Waves","38","","26","","907,811","23,543,527"
"Myles Smith - Stargazing","29","","32","","1,082,507","23,533,595"
"Jul - La faille","35","1","6","","1,480,398","23,526,989"
"Tayc - Room 69","31","6","4","","1,812,480","23,475,031"
"Oliver Tree - Miss You","29","","11","","1,109,247","23,455,771"
"Zola - Wow","44","2","5","","1,749,987","23,450,773"
"Stromae - L’enfer","30","5","2","(x1)","2,255,313","23,379,684"
"Zola - 9 1 1 3","37","4","1","(x1)","2,247,590","23,376,533"
"PNL - J’comprends pas","49","","64","","613,950","23,255,039"
"Ninho - M.I.L.S 2.0","51","3","1","(x1)","1,670,318","23,245,404"
"Chappell Roan - Good Luck, Babe!","40","","54","","829,169","23,216,571"
"BLACKPINK - JUMP","26","","19","","1,355,183","23,182,150"
"French Montana - Unforgettable","45","10","3","(x3)","828,683","23,162,294"
"Kaza - HRTBRK #2","69","","79","","520,990","23,146,265"
"Jul - Tel Me","45","2","2","(x1)","2,271,030","23,130,954"
"Pop Smoke - For The Night","43","","22","","939,737","23,130,177"
"Jul - Alors la zone","30","3","5","","1,723,296","23,038,305"
"GIMS - TU ME RENDS BÊTE","21","1","8","","2,127,126","22,976,251"
"Imagine Dragons - Follow You","40","","31","","808,371","22,961,981"
"Ofenbach - Wasted Love","35","","22","","946,502","22,936,343"
"Joseph Kamel - Celui qui part","33","","32","","973,665","22,917,415"
"Dosseh - L'odeur du charbon","38","","14","","956,747","22,910,267"
"Niska - Medellín","51","4","3","(x2)","1,979,099","22,904,170"
"Nea - Some Say","40","","21","","1,062,652","22,834,338"
"Ed Sheeran - I Don't Care","30","7","7","","1,316,914","22,743,892"
"Gala - Freed from Desire","47","2","5","","1,557,470","22,721,547"
"Drake - Toosie Slide","30","3","5","","1,235,382","22,674,519"
"SDM - Redescends","49","","34","","808,543","22,672,565"
"Doja Cat - Kiss Me More","33","","20","","983,417","22,635,974"
"S.Pri Noir - Juste pour voir","47","","20","","784,183","22,634,644"
"Chily - San Pellegrino","42","","11","","1,131,679","22,597,116"
"L2B - Overbooking","44","","83","","680,374","22,502,899"
"Pierre Garnier - Ceux qu'on était","41","","19","","1,526,669","22,496,496"
"Tayc - D O D O","28","","16","","1,118,832","22,491,931"
"Werenoi - 3 singes","36","1","8","","1,337,891","22,485,176"
"SHAED - Trampoline","36","","20","","941,138","22,474,761"
"Surf Mesa - ily","30","5","6","","1,297,922","22,437,266"
"Lomepal - Tee","41","1","10","","1,623,196","22,406,705"
"Mari Froes - Vaitimbora","26","","20","","1,293,344","22,393,060"
"Ozuna - Del Mar","41","","29","","860,961","22,365,016"
"Djadja & Dinaz - Pas là - Bonus track - édition Aube","35","","14","","1,073,906","22,326,904"
"Linh - Je pense à vous","26","","20","","1,187,922","22,301,244"
"Damso - DEUX TOILES DE MER","36","3","2","(x1)","4,129,342","22,267,069"
"Vianney - Beau-papa","47","","33","","735,662","22,262,529"
"Dadju - Django","50","2","9","","951,879","22,191,057"
"Sia - Snowman","32","2","8","","2,045,835","22,188,082"
"Orelsan - Du propre","34","2","3","(x1)","3,157,494","22,175,364"
"Ninho - Money","52","","16","","2,385,497","22,142,721"
"Yamê - Bécane - A COLORS SHOW","21","3","5","","1,990,915","22,132,656"
"Soso Maness - So Maness","38","","23","","958,871","22,097,548"
"Ava Max - Sweet but Psycho","37","2","10","","1,066,869","22,089,511"
"Serge Ibaka - Champion","36","","13","","1,211,452","22,085,391"
"Hamza - Mi Amor","33","","29","","1,019,704","22,049,155"
"Møme - Aloha","77","10","2","(x2)","634,802","22,028,641"
"JEY BROWNIE - GTB","26","8","7","","1,382,787","22,016,678"
"SCH - Marché noir","30","5","1","(x2)","2,677,061","21,952,703"
"Ninho - Elle a mal","52","","87","","544,467","21,947,955"
"Zed - Joli","46","","69","","641,174","21,820,635"
"Imagine Dragons - Believer","67","1","10","","647,546","21,772,864"
"NAZAKEBLACK - 1,2,3 Soleil","24","2","8","","1,355,667","21,767,065"
"Niska - W.L.G","40","6","3","(x1)","1,514,646","21,755,608"
"Pedro Capó - Calma - Remix","33","","15","","967,094","21,742,877"
"Jok'air - Elles ont trop joué avec mon cœur","32","","12","","973,796","21,698,488"
"Lady Gaga - Abracadabra","29","","23","","1,210,784","21,677,948"
"Clean Bandit - Solo","38","8","4","","1,077,166","21,672,174"
"Mabel - Don't Call Me Up","33","","16","","997,815","21,639,854"
"Kerchak - Calme toi","50","","86","","626,040","21,621,341"
"Black Eyed Peas - RITMO (Bad Boys For Life)","31","","14","","1,145,186","21,541,651"
"Sadek - Madre mia","54","4","6","","921,279","21,536,649"
"Were-vana - Casanova","28","","14","","1,082,002","21,534,791"
"Damiano David - Born With a Broken Heart","27","","23","","1,183,540","21,480,623"
"Calvin Harris - Promises","42","","11","","968,118","21,455,435"
"Gazo - KAT","22","","11","","1,764,991","21,432,265"
"Koba LaD - Quotidien","41","","22","","949,805","21,422,901"
"Hamza - God Bless","43","1","6","","1,815,305","21,421,513"
"Dadju - Par amour","67","","17","","637,217","21,395,831"
"Y2K - Lalala","33","4","8","","1,284,855","21,384,717"
"Werenoi - Dans un verre","34","","12","","1,680,063","21,344,675"
"Olivia Rodrigo - good 4 u","38","","15","","1,125,495","21,327,428"
"Gazo - KASSAV","36","","14","","992,991","21,306,074"
"Ninho - Fendi","52","2","2","(x1)","1,495,813","21,285,854"
"David Guetta - Forever Young","30","","40","","926,483","21,250,176"
"Imanbek - Belly Dancer","26","","18","","1,191,823","21,227,860"
"Gradur - Trucs de choses","40","","27","","836,474","21,215,503"
"Joé Dwèt Filé - Jolie madame","30","1","10","","1,330,565","21,215,479"
"Mac Tyer - Moto","30","3","9","","1,393,220","21,140,523"
"GP Explorer - En boucle","23","1","4","","2,440,742","21,128,618"
"Trinix - The Magic Key","27","","17","","1,072,553","21,123,919"
"Dinos - Du mal à te dire","46","","22","","992,536","21,081,903"
"Nahir - Piranha","31","","20","","1,050,509","21,081,241"
"Central Cee - LET GO","21","6","4","","1,758,835","21,078,614"
"Justin Wellington - Iko Iko","28","1","10","","1,356,686","20,946,591"
"Orelsan - CP_009_ Évidemment","24","1","5","","1,476,649","20,944,808"
"RK - SALE ÉTAT","26","1","10","","1,633,459","20,931,668"
"Alonzo - Santana","34","7","7","","1,149,124","20,910,592"
"Bolémvn - Ça canarde","32","3","9","","1,277,832","20,853,169"
"Ninho - Aïcha","26","3","4","","2,991,768","20,808,453"
"Dadju - Ma vie","31","2","5","","1,550,163","20,778,292"
"Billie Eilish - CHIHIRO","36","","13","","1,760,652","20,704,834"
"MOLIY - Shake It To The Max (FLY) - Remix","27","","29","","1,175,849","20,662,375"
"Luis Fonsi - Despacito (Featuring Daddy Yankee)","52","8","4","","752,823","20,653,160"
"Angèle - Flou","48","","35","","784,087","20,644,163"
"Maroon 5 - Girls Like You","39","","13","","924,682","20,552,166"
"Måneskin - BABY SAID","38","","43","","814,364","20,545,079"
"Werenoi - Escorte","33","","11","","1,245,195","20,536,586"
"PLK - On sait jamais","29","3","3","(x1)","2,591,910","20,525,986"
"Travis Scott - FE!N","41","","15","","1,148,620","20,512,817"
"L'Algérino - Va Bene - Extrait de la BOF de ""Taxi 5""","29","8","2","(x2)","1,472,645","20,471,641"
"Ninho - Rose","58","2","5","","1,487,057","20,470,136"
"The Weeknd - Starboy","48","17","1","(x2)","836,997","20,460,627"
"Bigflo & Oli - Coup de vieux","36","","40","","772,458","20,440,118"
"Kendji Girac - Le feu","33","","35","","816,468","20,406,574"
"Landy - Millions d'euros","39","3","5","","1,159,848","20,360,237"
"Booba - Arc-en-ciel","34","3","1","(x1)","2,018,456","20,326,309"
"Black Eyed Peas - Don't You Worry","28","","20","","1,025,478","20,303,066"
"TKS 2G - Celibataire Polygame","25","","15","","1,510,356","20,287,238"
"Nekfeu - Cheum","33","3","2","(x1)","3,207,640","20,277,065"
"Aya Nakamura - Comportement","44","","18","","1,387,163","20,250,515"
"Aya Nakamura - Plus Jamais","24","4","2","(x1)","2,171,882","20,249,892"
"Future - Mask Off","48","13","2","(x3)","925,961","20,243,304"
"Timar - SIERRA LEONE","23","","14","","1,381,719","20,137,171"
"Swedish House Mafia - Moth To A Flame","31","","29","","906,205","20,129,740"
"Bon Entendeur - Le temps est bon","61","","35","","669,308","20,056,266"
"Le Crime - Ballon D'or","23","","21","","1,246,804","20,051,135"
"Shouse - Love Tonight - Edit","28","","12","","1,255,218","20,039,348"
"Columbine - C'est pas grave","51","","45","","722,091","19,986,806"
"Eva - On Fleek","33","5","6","","1,217,081","19,977,214"
"Billie Eilish - What Was I Made For? [From The Motion Picture ""Barbie""]","41","","48","","758,167","19,967,940"
"GIMS - Terminal 2F","31","","37","","1,038,960","19,961,719"
"PLK - Pocahontas","7","7","1","(x5)","3,018,871","19,936,458"
"Werenoi - Vulgaire","37","","50","","837,134","19,930,430"
"Aya Nakamura - Baddies","24","","18","","1,704,615","19,871,656"
"KAROL G - TQG","33","","29","","958,432","19,809,307"
"The Weeknd - Timeless","32","","19","","1,242,589","19,783,137"
"UZI - 50G","33","","48","","921,970","19,776,659"
"David Guetta - Say My Name","35","","14","","839,134","19,774,207"
"DA Uzi - Crois-moi","30","1","4","","1,527,108","19,735,735"
"Ninho - Pirate","35","","16","","992,517","19,716,411"
"Columbine - Adieu bientôt","45","","15","","1,029,345","19,707,987"
"Chris Brown - Under The Influence","31","","18","","1,020,107","19,689,414"
"Starley - Call On Me - Ryan Riback Extended Remix","51","9","3","(x1)","728,133","19,689,033"
"CJ - Whoopty","34","","14","","938,709","19,660,001"
"Kygo - Whatever","22","","18","","1,323,815","19,654,193"
"Lucky Luke - Cooler Than Me","31","","17","","1,070,562","19,617,793"
"The Weeknd - In Your Eyes","35","","29","","811,448","19,521,137"
"Dinos - MISS LILY'S","32","","55","","942,767","19,508,434"
"Tam Sir - Coup du marteau","28","","33","","1,154,553","19,507,516"
"Orelsan - Basique","42","5","2","(x1)","2,102,608","19,495,592"
"The Weeknd - Save Your Tears","33","","33","","836,903","19,491,511"
"Twenty One Pilots - Ride","67","3","7","","575,000","19,484,109"
"HUGEL - I Adore You","38","","78","","660,914","19,435,238"
"Marshmello - FRIENDS","33","1","9","","898,289","19,428,013"
"Yorssy - Racks - Booska Nouvelle École","33","","56","","812,978","19,426,890"
"Rihanna - Lift Me Up","25","","12","","1,210,175","19,420,391"
"Maroon 5 - Beautiful Mistakes","30","","24","","891,719","19,344,487"
"Meryl - Coco Chanel","22","","25","","1,113,453","19,339,069"
"Laylow - R9R-LINE","38","1","4","","1,991,329","19,308,713"
"Stromae - Santé","30","2","7","","1,545,391","19,255,365"
"Dadju - Oublie-le","47","","16","","642,589","19,242,605"
"Gradur - Rari","35","1","10","","1,234,075","19,237,489"
"Nekfeu - Mauvaise graine","63","8","1","(x1)","1,295,743","19,222,329"
"GIMS - Reste","32","","23","","906,994","19,187,123"
"Hornet La Frappe - Calumet","32","","19","","1,325,569","19,160,581"
"Le classico organisé - Loi de la calle","28","3","1","(x1)","2,637,898","19,155,311"
"Booba - Validée","92","","15","","561,291","19,113,616"
"Dadju - Amour toxic","33","","16","","963,640","19,099,244"
"Koba LaD - Marie","30","3","7","","1,214,943","19,093,536"
"Bad Bunny - MIA","29","2","8","","969,213","19,091,832"
"Imen Es - 1ère fois","36","","24","","830,845","19,088,663"
"Sasso - Elle veut","32","","12","","1,135,113","19,076,701"
"DripReport - Skechers","25","3","8","","1,318,875","19,052,290"
"Gambi - MACINTOSH","22","4","5","","1,743,410","19,009,523"
"Angèle - La thune","53","","22","","805,396","18,993,181"
"Josas - Pichichi","21","","16","","1,518,435","18,981,108"
"Sofiane - Lundi","34","8","3","(x2)","1,068,961","18,958,137"
"Marwa Loud - Fallait pas","38","6","4","","978,612","18,957,101"
"PLK - Monégasque","48","","25","","783,740","18,943,295"
"Olivia Dean - Man I Need","29","","49","","834,429","18,926,380"
"The Weeknd - I Feel It Coming","50","4","4","","608,510","18,910,540"
"Ninho - Outro","31","","16","","2,417,733","18,899,117"
"GIMS - Tout donner - Pilule Violette","60","","39","","581,371","18,895,074"
"Ozuna - Baila Baila Baila","29","","20","","932,191","18,862,325"
"Hornet La Frappe - Taga","34","4","7","","1,075,313","18,851,659"
"Bouss - Mirage","33","","61","","708,042","18,834,525"
"Kalash - Laptop","35","","56","","877,632","18,778,304"
"Bramsito - Criminel","27","","16","","1,040,492","18,745,880"
"Naps - En détente","46","","72","","514,258","18,694,419"
"SCH - Mayday","33","3","2","(x1)","2,493,084","18,676,789"
"Dean Martin - Let It Snow! Let It Snow! Let It Snow!","26","1","10","","1,951,986","18,673,479"
"Aya Nakamura - Bobo","19","5","3","(x1)","2,312,311","18,601,827"
"Calvin Harris - Miracle","26","","28","","954,066","18,591,115"
"PLK - C'est mort","24","2","5","","1,937,146","18,576,601"
"SCH - Mannschaft","28","3","1","(x1)","3,574,023","18,547,369"
"Ninho - Arme de poing","27","3","4","","3,541,841","18,546,187"
"Nicky Jam - X","28","9","6","","1,122,828","18,531,736"
"Theodora - DO U WANNA ?","25","","41","","954,642","18,494,670"
"RK - C'est mon sang","28","2","3","(x2)","2,060,126","18,482,613"
"Booba - BB","31","4","1","(x1)","1,876,262","18,430,182"
"menace Santana - MaDrug","40","","57","","687,565","18,375,600"
"Robin Schulz - All We Got","28","","16","","873,925","18,371,126"
"Imagine Dragons - Wrecked","33","","35","","886,075","18,322,283"
"Dasha - Austin","24","","31","","1,160,241","18,287,463"
"Koba LaD - La C","32","1","6","","1,510,037","18,275,153"
"Masked Wolf - Astronaut In The Ocean","30","","21","","961,645","18,173,663"
"Imagine Dragons - Thunder","49","","17","","556,105","18,130,575"
"PNL - DA","70","3","3","(x1)","834,161","18,128,118"
"Eurythmics - Sweet Dreams (Are Made of This) - Remastered","39","","69","","675,795","18,082,672"
"JKSN - Christian Dior","29","","56","","782,997","18,078,783"
"R2 - C'EST RELOU","31","","30","","1,077,453","18,042,743"
"Burna Boy - Last Last","28","","31","","835,864","17,980,326"
"Hornet La Frappe - Sheitana","38","","17","","889,518","17,977,042"
"Willy William - Trompeta","26","","20","","1,095,661","17,973,702"
"RIDSA - Me Enamore","26","","51","","880,579","17,911,344"
"Niro - Qui sait ?","32","","18","","1,082,664","17,898,630"
"Victor Thompson - THIS YEAR (Blessings) - French Remix","30","","32","","870,166","17,884,784"
"Eva - Bottega","21","","29","","1,217,601","17,874,494"
"Ofenbach - Be Mine","51","2","7","","655,448","17,845,726"
"Joseph Kamel - Beau","27","","45","","952,666","17,831,765"
"La Rvfleuze - Argent Sale - A COLORS SHOW","11","3","5","","2,235,146","17,820,201"
"Niska - 44","44","","22","","1,134,791","17,780,110"
"Harley - Supalife 4","35","","55","","727,516","17,742,107"
"Kaaris - Bling Bling","40","7","7","","783,511","17,670,088"
"Ray Dalton - In My Bones","43","","62","","558,182","17,663,733"
"Booba - PGP","31","3","1","(x1)","2,714,875","17,639,926"
"PLK - Sex Model","10","4","4","","2,313,371","17,636,205"
"Angèle - Ta reine","41","","22","","746,064","17,632,544"
"Grand Corps Malade - Derrière le brouillard","49","","70","","497,375","17,629,985"
"Bosh - Slide","27","","13","","1,138,809","17,614,542"
"GIMS - TOUCHÉ","17","","20","","1,436,547","17,596,389"
"Slimane - Des milliers de je t'aime","29","","44","","774,438","17,573,079"
"Kendrick Lamar - Not Like Us","24","1","8","","1,699,144","17,566,651"
"Lartiste - Vai et viens","37","2","8","","767,249","17,560,053"
"Charlotte Cardin - Tant pis pour elle","26","","47","","826,218","17,555,628"
"Mentissa - Mamma Mia","26","","30","","895,048","17,501,056"
"Coldplay - WE PRAY","30","","60","","748,430","17,495,702"
"Trinix - Emorio","25","","25","","936,463","17,491,345"
"Fireboy DML - Peru","34","","44","","688,697","17,476,495"
"Myles Smith - Nice To Meet You","29","","64","","821,791","17,474,040"
"Booba - Friday","37","8","2","(x2)","1,906,304","17,472,646"
"Ziak - Akimbo","24","1","4","","1,932,527","17,458,121"
"Doja Cat - Say So","30","","21","","827,680","17,415,702"
"Ninho - Promo","26","3","2","(x1)","2,813,604","17,370,048"
"Desiigner - Panda","56","16","2","(x2)","641,354","17,368,008"
"Ninho - Jamais","38","","11","","2,629,441","17,348,613"
"Ninho - Intro","23","1","7","","3,360,648","17,340,033"
"Hamza - Life","62","","49","","522,027","17,333,496"
"YALL - Hundred Miles","58","10","1","(x2)","527,041","17,319,341"
"Favé - Mode Avion","35","","92","","685,693","17,268,831"
"Bad Bunny - BAILE INoLVIDABLE","24","","15","","1,519,426","17,213,610"
"Fifth Harmony - Work from Home","62","13","5","","545,995","17,195,829"
"GIMS - Hola Señorita","32","","20","","842,455","17,162,570"
"Kendrick Lamar - All The Stars","34","5","8","","1,052,680","17,159,938"
"Ninho - Sky Priority","23","3","3","(x1)","3,798,002","17,144,945"
"Ronisia - Solide","22","","29","","1,043,861","17,140,777"
"Ashvma - FOCUS","18","","17","","1,326,430","17,096,934"
"Calvin Harris - Giant","30","","17","","901,761","17,095,494"
"The Weeknd - Take My Breath","27","","17","","1,021,236","17,081,023"
"menace Santana - Guapman","33","","46","","677,506","17,045,125"
"Jason Derulo - Acapulco","31","","43","","710,969","17,029,581"
"Tiësto - The Business","42","","45","","641,079","17,012,191"
"Jeck - M'envoler","24","","48","","923,778","17,005,235"
"Ed Sheeran - Beautiful People","32","","34","","747,179","16,984,206"
"UZI - Akrapo 7","30","","33","","809,926","16,972,255"
"MC Menor JP - Menina de Vermelho","24","","40","","914,326","16,964,284"
"Panic! At The Disco - High Hopes","35","","14","","850,609","16,935,355"
"Larry - Woin Woin","30","","17","","1,263,774","16,926,748"
"Shay - Jolie Go","31","","44","","855,302","16,922,169"
"Billie Eilish - everything i wanted","28","","29","","836,869","16,912,386"
"Clean Bandit - Rockabye","44","10","4","","747,991","16,910,183"
"Damiano David - Next Summer","27","","56","","794,789","16,894,409"
"MEDUZA - Piece Of Your Heart","29","","16","","959,910","16,891,139"
"Jonas Blue - Rise","32","","17","","819,093","16,881,557"
"Dave - Raindance","18","","23","","1,140,747","16,877,150"
"Jul - Ibiza","31","","37","","769,936","16,871,369"
"Bouss - Relation libre","28","","64","","781,454","16,859,189"
"VEN1 - Menace fantôme","25","","23","","1,270,502","16,816,209"
"Jul - Parfum quartier","35","","80","","687,689","16,796,948"
"Luis Fonsi - Despacito - Remix","28","15","2","(x5)","1,023,529","16,780,171"
"Damiano David - The First Time","32","","80","","648,612","16,769,261"
"Larry - Woin Woin feat. RK","13","7","3","(x1)","1,775,368","16,742,125"
"Alex Warren - Eternity","30","","81","","664,945","16,739,147"
"Lacrim - Ce soir ne sors pas","48","","31","","543,075","16,723,304"
"Hornet La Frappe - Je pense à toi","39","4","5","","910,180","16,715,830"
"David Guetta - When We Were Young (The Logical Song)","20","","26","","1,203,190","16,709,878"
"GIMS - DIANA","17","3","5","","2,074,363","16,689,513"
"Orelsan - La pluie","46","1","9","","1,745,953","16,678,270"
"Jain - Alright","32","","11","","896,960","16,663,420"
"Imagine Dragons - Sharks","27","","29","","881,627","16,643,682"
"Cardi B - I Like It","33","","13","","850,836","16,625,781"
"Angèle - Libre","33","","34","","1,096,912","16,593,179"
"Zola - Bro Bro","24","3","1","(x1)","1,508,046","16,592,003"
"Travis Scott - HIGHEST IN THE ROOM","36","","11","","1,188,688","16,589,813"
"Djadja & Dinaz - Seuls","41","","53","","639,707","16,572,603"
"David Guetta - Beautiful People","21","","44","","953,325","16,556,266"
"Lomepal - Évidemment","42","","11","","1,120,892","16,546,324"
"Vitaa - Ça va ça vient","37","","54","","630,399","16,532,488"
"Wejdene - Coco","21","1","5","","1,866,317","16,526,198"
"Dave - Sprinter","25","","31","","890,242","16,510,529"
"Portugal. The Man - Feel It Still","49","","21","","632,047","16,503,344"
"Zola - Ouais ouais","43","","29","","1,201,496","16,500,841"
"Kaaris - Gun salute","31","2","10","","1,113,024","16,494,326"
"Lartiste - Chocolat","42","9","5","","734,176","16,491,132"
"Marwa Loud - Bimbo","19","5","7","","1,681,784","16,480,245"
"Twenty One Pilots - Heathens","47","11","2","(x1)","708,000","16,473,611"
"Gazo - BODIES","25","1","3","(x1)","2,448,516","16,453,226"
"Bello&Dallas - Le P'tit","25","","41","","967,789","16,428,442"
"Marwa Loud - Bad Boy","36","","20","","755,810","16,412,513"
"Tiakola - X","22","","30","","1,107,417","16,410,558"
"a-ha - Take on Me","36","","79","","610,877","16,409,579"
"Charlie Puth - Attention","40","7","4","","753,313","16,372,226"
"Dua Lipa - Physical","37","","39","","686,656","16,366,660"
"Oxlade - KU LO SA - A COLORS SHOW","29","","29","","917,968","16,365,100"
"Michael Bublé - It's Beginning to Look a Lot like Christmas","28","","17","","1,539,571","16,354,801"
"Kygo - It Ain't Me","34","9","2","(x4)","871,081","16,351,958"
"Dadju - Toko Toko","24","","30","","886,401","16,343,934"
"100 Blaze - Binks","27","","14","","1,143,739","16,329,124"
"Ninho - À Kinshasa","28","","14","","2,518,521","16,299,078"
"Booba - Petite fille","35","4","1","(x1)","2,191,467","16,259,463"
"Dosseh - Infréquentables","60","","13","","431,055","16,257,065"
"Kim - Love & Lové","32","","41","","798,195","16,237,753"
"Véronique Sanson - Chanson sur ma drôle de vie - Remasterisé en 2008","32","","82","","652,056","16,236,102"
"DMNDS - Calabria","20","","13","","1,179,582","16,229,798"
"Tiakola - Atasanté","29","","21","","1,080,563","16,220,486"
"Djadja & Dinaz - Manège","33","","44","","719,210","16,219,643"
"Lorenzo - Fume à fond","48","","11","","595,155","16,176,963"
"Macklemore - Glorious","33","1","10","","732,883","16,172,170"
"Niska - Chasse à l'homme","44","","11","","1,120,053","16,139,358"
"Djadja & Dinaz - Un million par mois","34","","15","","1,052,813","16,129,925"
"BTS - Dynamite","31","","35","","768,133","16,122,856"
"ATB - Your Love (9PM)","29","","33","","839,907","16,122,798"
"Sifax - Mecs de cités","27","","29","","883,294","16,122,409"
"Tones And I - Never Seen the Rain","33","","38","","724,723","16,109,323"
"Landy - Muerte","37","","20","","828,943","16,057,543"
"ZAYN - Dusk Till Dawn","34","","11","","789,546","16,000,586"
"Houari - Vanillée","27","","61","","768,993","15,988,453"
"Lacrim - Boston George","29","1","4","","1,638,364","15,988,002"
"Ofenbach - Hurricane","32","","56","","704,751","15,978,152"
"Andy Williams - It's the Most Wonderful Time of the Year","22","1","8","","1,860,446","15,971,490"
"Bouss - Printemps","30","","72","","715,440","15,941,650"
"Theodora - ILS ME RIENT TOUS AU NEZ","24","","41","","951,746","15,937,428"
"Djadja & Dinaz - À cœur ouvert","30","1","8","","1,173,438","15,935,299"
"Paul Kalkbrenner - QUE CE SOIT CLAIR","26","","55","","790,380","15,930,506"
"Lady Gaga - The Dead Dance","25","","36","","968,743","15,909,299"
"Hatik - Prison pour mineurs","24","4","5","","1,435,975","15,893,102"
"Tom Gregory - Fingertips","40","","67","","607,197","15,884,701"
"Damso - Α. Nwaar Is The New Black","47","6","2","(x1)","1,415,899","15,820,149"
"Booba - DKR","49","9","2","(x2)","856,503","15,801,205"
"RK - Bae","29","1","7","","1,196,185","15,748,191"
"PNL - Dans la légende","54","6","2","(x1)","1,173,724","15,727,879"
"Måneskin - SUPERMODEL","28","","35","","801,755","15,703,296"
"Broken Back - Halcyon Birds","80","","22","","312,082","15,698,671"
"Imagine Dragons - Symphony","26","","33","","821,449","15,621,246"
"Alan Walker - Faded","53","15","1","(x3)","648,794","15,603,983"
"Earth, Wind & Fire - September","37","","71","","625,068","15,577,826"
"PLK - Dingue","38","","19","","813,381","15,559,032"
"Gazo - PROBATION","15","2","7","","2,537,163","15,550,042"
"Gradur - TI TI TI","20","","25","","1,146,678","15,541,865"
"PLK - Périph","20","","14","","1,385,182","15,531,680"
"R3HAB - Rock My Body","21","","26","","959,632","15,506,859"
"Travis Scott - goosebumps","40","1","10","","1,010,174","15,499,192"
"A2h - Le cœur des filles","36","","70","","585,059","15,498,546"
"Disney - Zoo","19","","37","","929,239","15,493,408"
"Tiakola - Si j'savais","28","","17","","1,114,450","15,492,508"
"Wejdene - Je t’aime de ouf","22","3","6","","1,604,814","15,491,662"
"Mig - Quand j'y repense","28","","17","","1,167,456","15,471,949"
"Benson Boone - Slow It Down","25","","49","","906,531","15,459,164"
"Bouss - Angela","25","","50","","825,254","15,458,327"
"Calvin Harris - Feels","32","9","4","","804,454","15,450,425"
"Damso - Tueurs","30","3","6","","1,106,387","15,402,796"
"ACRAZE - Do It To It","28","","27","","963,651","15,400,438"
"Koba LaD - Matin","32","","20","","984,014","15,378,039"
"Orelsan - Défaite de famille","35","4","3","(x1)","2,075,923","15,374,785"
"Ninho - Elle m'a eu","37","2","6","","1,406,319","15,365,761"
"DA Uzi - La vie du binks","30","1","6","","1,076,345","15,349,317"
"Imagine Dragons - Birds","31","","41","","712,482","15,339,775"
"GLK - Mauvais","30","","12","","828,187","15,327,207"
"Booba - Saga","24","1","7","","1,814,624","15,278,531"
"Mark Ronson - Uptown Funk","102","24","1","(x9)","328,434","15,268,752"
"KeBlack - Boulot","23","","29","","1,111,137","15,257,128"
"Tayc - Salomé","22","","23","","1,017,143","15,249,096"
"Kaaris - Tchoin","37","11","2","(x2)","759,523","15,184,508"
"Damso - Ipséité - Bonus Track","39","","14","","1,371,563","15,150,729"
"Booba - RATPI WORLD","22","5","1","(x1)","1,891,751","15,112,773"
"Moha La Squale - Bandolero","37","","13","","725,381","15,094,767"
"G-Eazy - Me, Myself & I","51","12","3","(x1)","581,758","15,089,140"
"Justin Bieber - Love Yourself","56","12","1","(x1)","582,903","15,077,788"
"Jul - Namek","20","2","7","","1,495,904","15,034,424"
"Maes - CORDILLÈRE","21","","33","","1,141,563","15,032,216"
"Hamza - DRAGONS","21","1","9","","1,831,490","15,029,760"
"King Serenity - All for U (Ameyatchi)","24","","38","","816,817","15,028,842"
"Sound Of Legend - Some Kind Of Kiss","22","","28","","944,283","15,025,418"
"Polo & Pan - Ani Kuni - Edit","23","","16","","1,078,568","15,007,226"
"Maes - NWR","40","","40","","584,703","15,005,958"
"Lil Nas X - Old Town Road","27","","15","","1,011,909","14,996,095"
"Lefa - Paradise","40","","36","","585,533","14,994,933"
"Sia - Thunderclouds","39","","37","","560,925","14,983,798"
"Hornet La Frappe - Gramme 2 peuf","52","","32","","511,619","14,965,505"
"Loi - Gold","30","","60","","590,784","14,963,875"
"Bigflo & Oli - Demain - Bigflo & Oli X Petit Biscuit","32","","20","","758,173","14,950,608"
"Suprême NTM - Sur le drapeau","27","2","6","","1,405,532","14,948,540"
"Marshmello - Happier","32","","24","","754,991","14,940,241"
"Aya Nakamura - Hypé","16","1","8","","1,734,854","14,937,888"
"Jul - Beuh d'Hollande","22","","21","","1,307,276","14,929,243"
"Moha La Squale - Luna","32","","22","","741,502","14,927,217"
"Duncan Laurence - Arcade","39","","56","","540,677","14,923,281"
"Jok'air - Big Daddy Jok","20","","31","","1,099,008","14,918,656"
"Robin Schulz - Sugar","67","22","1","(x3)","474,657","14,911,049"
"DA Uzi - On se reverra plus","27","","12","","1,084,583","14,907,951"
"Ziak - Galerie","31","","12","","1,407,169","14,903,702"
"PNL - MOWGLI II","23","2","1","(x1)","2,608,140","14,901,987"
"Jonas Blue - Fast Car","54","1","10","","449,326","14,894,619"
"Rag'n'Bone Man - Human","48","5","6","","674,917","14,890,783"
"Drake - In My Feelings","22","7","2","(x1)","1,326,415","14,886,769"
"OBOY - Cruel","37","","31","","772,821","14,867,108"
"1PLIKÉ140 - LOPSA STORY","28","","21","","828,571","14,863,562"
"Vald - Journal perso II","20","3","4","","1,964,641","14,857,780"
"Olivia Rodrigo - drivers license","24","3","3","(x1)","1,340,286","14,828,772"
"Vald - Anunnaki","18","3","3","(x1)","2,019,944","14,817,459"
"SDM - Freestyle 8","34","","96","","589,016","14,812,488"
"Justin Bieber - Sorry","59","16","1","(x2)","593,679","14,796,270"
"Cardi B - WAP","29","","34","","911,244","14,774,540"
"Loreen - Is It Love","19","","26","","1,146,432","14,754,081"
"Roméo Elvis - Malade","30","1","8","","1,143,192","14,750,489"
"Grand Corps Malade - Nos plus belles années","36","","69","","561,582","14,707,637"
"Maes - Dragovic","28","","11","","2,320,892","14,684,338"
"Soolking - Dalida","26","1","9","","1,057,290","14,672,725"
"Hornet La Frappe - Tourner la tête","26","1","7","","1,510,498","14,661,249"
"Imagine Dragons - Children of the Sky (a Starfield song)","26","","50","","796,119","14,658,998"
"Bizarrap - Shakira: Bzrp Music Sessions, Vol. 53","19","","17","","1,130,000","14,624,272"
"Justin Timberlake - CAN'T STOP THE FEELING! (Original Song from DreamWorks Animation's ""TROLLS"")","43","13","3","(x1)","629,602","14,621,342"
"Lorenzo - Nique la BAC","27","2","4","","1,521,657","14,609,463"
"Ninho - Paris c'est magique","21","2","6","","3,209,137","14,597,980"
"Tyla - CHANEL","22","","49","","868,617","14,550,372"
"Ziak - Même pas un grincement","19","3","5","","1,685,621","14,545,857"
"Pierre Garnier - Chaque seconde","22","","49","","867,984","14,518,915"
"David Guetta - Memories","29","","36","","723,130","14,510,731"
"Ninho - Sans peine","26","2","8","","2,992,807","14,510,142"
"Majestic - Rasputin","26","","39","","733,637","14,473,571"
"Dua Lipa - Love Again","30","","37","","751,254","14,472,086"
"Tom Gregory - Rather Be You","30","","29","","734,767","14,468,820"
"Sofia Carson - Come Back Home","30","","71","","592,201","14,459,172"
"UZI - PANAMA","24","","55","","770,728","14,445,060"
"Jungeli - À tes côtés","24","","64","","725,031","14,412,016"
"Tate McRae - you broke me first","30","","46","","639,785","14,394,332"
"Benash - Ghetto","43","1","10","","572,608","14,387,720"
"Lukas Graham - 7 Years","58","14","2","(x2)","616,290","14,383,653"
"Bouss - Coloré","27","","89","","665,786","14,365,990"
"Leto - MATHÉMATIQUE","23","","52","","847,867","14,364,663"
"Kendji Girac - Bebeto","25","","24","","891,640","14,357,244"
"Merveille - Citadelle","18","","16","","1,315,677","14,339,149"
"PNL - Chang","20","2","4","","3,697,139","14,328,652"
"Jorja Smith - Be Honest","28","","23","","886,455","14,324,539"
"Travis Scott - SICKO MODE","39","1","4","","1,291,978","14,299,494"
"Lady Gaga - Always Remember Us This Way","32","","30","","769,248","14,292,169"
"M. Pokora - Tombé","32","","51","","655,188","14,273,749"
"Calvin Harris - My Way","42","7","6","","586,858","14,272,559"
"Helena - Tout a changé (Rien n'a changé)","24","","54","","818,349","14,263,121"
"Dosseh - A chaque jour...","40","","32","","586,239","14,262,307"
"Rudimental - These Days","30","","16","","681,292","14,229,611"
"Joel Corry - Head & Heart","34","","42","","661,363","14,225,681"
"Bruno Mars - Leave The Door Open","27","","33","","839,068","14,205,583"
"Martin Garrix - Summer Days","20","","13","","1,031,001","14,193,777"
"PNL - Zoulou tchaing","24","1","10","","3,074,472","14,187,634"
"JNR CHOI - TO THE MOON","21","","22","","897,433","14,175,800"
"GIMS - PRENDS MA MAIN","28","","45","","841,968","14,108,302"
"Laylow - UNE HISTOIRE ÉTRANGE","20","1","6","","2,064,455","14,069,305"
"Marnik - Boyz In Paris","25","","45","","665,784","14,068,197"
"Olivia Rodrigo - vampire","28","","53","","731,027","14,068,138"
"Bigflo & Oli - Dommage","43","","16","","644,671","14,064,620"
"Black Cat - BMW","12","","17","","1,407,039","14,061,575"
"Juice WRLD - Lucid Dreams","43","","49","","655,744","14,051,232"
"Dua Lipa - New Rules","37","","17","","596,843","14,050,349"
"Amy Winehouse - Back To Black","27","","45","","960,804","14,015,899"
"Bilouki - Tchébé 2x","19","","42","","900,885","14,015,898"
"Naza - Tout donner","27","","105","","636,901","14,004,721"
"Sabrina Carpenter - Taste","20","","49","","844,057","13,988,359"
"Cheat Codes - Sex","52","","11","","405,470","13,982,894"
"P!nk - Cover Me In Sunshine","32","","41","","741,634","13,977,575"
"Damso - B. #QuedusaalVie","41","3","3","(x1)","1,249,396","13,971,396"
"ZAYN - I Don’t Wanna Live Forever (Fifty Shades Darker)","39","7","2","(x1)","866,251","13,967,731"
"Imagine Dragons - Natural","30","","23","","737,330","13,957,861"
"HVME - Goosebumps","25","","33","","744,413","13,948,866"
"Bruno Mars - I Just Might","16","","25","","1,090,988","13,944,393"
"Guy2Bezbar - Jerrican","21","","41","","907,242","13,938,288"
"Calvin Harris - Desire","26","","39","","799,021","13,876,421"
"Kaza - Dans tes yeux","35","","49","","606,793","13,870,171"
"kulturr - Busy","22","","54","","824,735","13,857,641"
"Orelsan - Tout va bien","31","","11","","1,635,266","13,829,750"
"PLK - Pelo","31","","19","","1,086,340","13,810,560"
"Soolking - Zemër","27","","32","","767,008","13,807,651"
"Hornet La Frappe - Rolls","28","","13","","942,951","13,807,207"
"Kendji Girac - Si seulement...","21","","50","","846,215","13,802,518"
"Trei Degete - Time Time","20","","13","","1,393,149","13,799,816"
"Pierre Garnier - L'horizon","25","","76","","667,525","13,785,240"
"Ariana Grande - we can't be friends (wait for your love)","19","","35","","1,002,109","13,784,474"
"Maes - Imparfait","22","1","9","","2,475,731","13,784,118"
"Kungs - This Girl - Kungs Vs. Cookin' On 3 Burners","35","19","5","","558,512","13,776,586"
"SDM - Rihanna","30","","53","","623,828","13,765,157"
"Aya Nakamura - Sucette","27","4","4","","1,421,016","13,763,080"
"Sia - Floating Through Space","24","","31","","810,041","13,756,637"
"DJ Snake - Middle","54","8","6","","369,420","13,741,115"
"Star Academy - Ma faute (version 2025)","20","","48","","861,949","13,732,488"
"Lizzo - 2 Be Loved (Am I Ready)","24","","37","","779,974","13,718,097"
"The Chainsmokers - Something Just Like This","38","1","6","","594,229","13,691,547"
"Juliette Armanet - Le Dernier Jour du Disco","37","","83","","487,361","13,688,120"
"Alex Warren - Carry You Home","20","","39","","841,531","13,685,364"
"Niska - Giuseppe","28","2","5","","1,377,901","13,657,614"
"Dominic Fike - Babydoll","13","","16","","1,388,652","13,633,215"
"Aya Nakamura - Cadeau","24","1","8","","1,538,727","13,624,118"
"DYSTINCT - Tek Tek","19","","14","","1,204,676","13,621,499"
"Aya Nakamura - 42","19","","41","","929,616","13,618,485"
"David Guetta - Flames","26","","12","","832,007","13,609,138"
"Dertay - Ma Came","22","","28","","1,021,004","13,598,746"
"1da Banton - No Wahala","27","","53","","645,117","13,596,013"
"Ninho - Jeune Lossa","24","2","7","","2,891,132","13,595,868"
"Ed Sheeran - Thinking out Loud","113","17","3","(x4)","224,993","13,584,053"
"Jul - Tchikita","35","7","1","(x3)","1,091,641","13,557,223"
"Arma Jackson - BBL","17","","11","","1,747,010","13,532,244"
"Hamza - Gasolina","31","","29","","890,697","13,526,320"
"Farruko - El Incomprendido","21","","26","","823,285","13,516,497"
"Ninho - Filon","29","","17","","1,678,732","13,506,990"
"gnash - i hate u, i love u","47","","12","","414,713","13,501,377"
"Major Lazer - Cold Water","35","7","2","(x1)","641,285","13,480,374"
"Brenda Lee - Rockin' Around The Christmas Tree","22","","21","","1,435,790","13,475,658"
"Jul - En Y","41","3","4","","770,431","13,446,793"
"Maes - SURVIE","18","","16","","1,668,031","13,414,454"
"Ashh - Motel","36","","118","","442,455","13,407,060"
"PNL - Le monde ou rien","89","","31","","366,377","13,398,158"
"Dadju - Bobo au cœur","26","","38","","740,346","13,395,277"
"Vianney - Je m'en vais","45","5","2","(x1)","849,739","13,381,117"
"Jain - Come","80","","12","","342,333","13,356,544"
"Dau - Finale - Nouvelle École","19","2","4","","1,840,602","13,339,279"
"Izzy Bizu - White Tiger - Single Version","69","","14","","357,063","13,330,878"
"GIMS - JUSQU'ICI TOUT VA BIEN","22","","14","","988,089","13,327,285"
"Zara Larsson - On My Love","21","","46","","850,534","13,325,750"
"Mentissa - Et Bam","28","","72","","559,589","13,323,292"
"Lacrim - Noche","32","2","2","(x1)","1,508,061","13,305,116"
"Alonzo - C’est Elle","30","","40","","593,992","13,302,279"
"Tiësto - The Motto","25","","42","","690,446","13,299,837"
"Kaaris - Diarabi","34","1","9","","723,997","13,297,387"
"Calvin Harris - This Is What You Came For","39","14","4","","572,614","13,293,387"
"DYSTINCT - Business","19","","24","","1,004,353","13,282,481"
"Black Eyed Peas - Bailar contigo","20","","30","","854,193","13,278,570"
"Djadja & Dinaz - Tu Sais","20","","28","","1,216,844","13,274,792"
"Imagine Dragons - Enemy","14","2","9","","1,218,957","13,267,624"
"SCH - LIF","16","4","2","(x2)","1,981,186","13,265,697"
"Black Cat - Na Za Désolé","12","","20","","1,280,755","13,248,262"
"Franglish - La Pluie","17","","30","","1,039,221","13,243,548"
"Ed Sheeran - Perfect","40","3","7","","812,860","13,206,392"
"PLK - A la base","24","1","8","","1,540,394","13,198,853"
"Dean Lewis - Be Alright","38","","50","","511,700","13,193,680"
"Imagine Dragons - Eyes Closed","23","","60","","726,233","13,191,786"
"Lartiste - Catchu Catchu","35","","14","","608,783","13,185,309"
"Lil Tecca - Ransom","27","","17","","967,646","13,162,962"
"Jungeli - T’étais où ?","22","","64","","685,447","13,159,637"
"Nekfeu - Saturne","43","6","3","(x1)","1,072,281","13,157,946"
"Zoe Wees - Control","27","","28","","770,512","13,144,873"
"Ariana Grande - thank u, next","22","","11","","833,219","13,141,332"
"Sia - Chandelier","108","37","1","(x2)","249,949","13,137,350"
"Sound Of Legend - Maniac","19","","30","","944,187","13,134,996"
"Alonzo - Papa allo","38","","25","","565,103","13,123,225"
"Ed Sheeran - Eyes Closed","23","","47","","777,500","13,098,582"
"Lil Mosey - Blueberry Faygo","29","","33","","616,674","13,086,894"
"The Weeknd - Dancing In The Flames","23","","59","","786,508","13,081,255"
"Tom Walker - Leave a Light On","38","","24","","573,520","13,080,934"
"Nekfeu - Squa","38","7","1","(x3)","1,356,165","13,066,131"
"Sofiane - Tout l'monde s'en fout","34","8","2","(x1)","831,129","13,062,773"
"Saïf - Malade","27","","116","","525,709","13,023,955"
"Jason Derulo - Swalla","31","2","7","","672,806","13,009,388"
"Sia - 1+1","23","","40","","688,332","12,984,006"
"Kendrick Lamar - HUMBLE.","44","2","4","","682,927","12,955,962"
"Timal - Ailleurs","27","","11","","1,434,648","12,953,132"
"Niska - Mapess","21","1","9","","1,470,557","12,943,305"
"Anitta - Envolver","24","","39","","830,141","12,942,537"
"Heuss L'enfoiré - La Marseillaise","23","","36","","909,348","12,941,148"
"Larry - Enfant compliqué","30","","53","","719,779","12,939,139"
"Robin Schulz - Alane","18","","16","","1,066,661","12,935,560"
"Macklemore & Ryan Lewis - Can't Hold Us","67","5","2","(x3)","410,261","12,931,174"
"Landy - Maybach","20","2","10","","1,381,050","12,930,474"
"MHD - Afro Trap Pt. 7 (La puissance)","35","7","3","(x3)","722,930","12,915,972"
"Tiakola - T.I.A - A COLORS SHOW","15","","18","","1,549,481","12,913,210"
"Damso - Coeur De Pirate","21","","11","","1,215,333","12,861,194"
"PNL - Shenmue","18","2","7","","3,337,346","12,860,482"
"Lucenzo - Baila Pa Mi","21","","39","","797,236","12,848,630"
"Jogga - SKEU SKEU","17","","53","","1,316,667","12,836,786"
"Fresh - Drama queen","20","","13","","1,475,693","12,823,219"
"Jaden Bojsen - Let's Go","20","","38","","853,754","12,822,170"
"Kygo - Stargazing","37","","33","","477,918","12,819,470"
"Niska - B.O.C","43","","16","","1,043,861","12,817,670"
"Lucenzo - No me ama","22","","31","","787,790","12,817,049"
"Imagine Dragons - Whatever It Takes","38","","37","","475,243","12,807,994"
"Angèle - Jalousie","36","","26","","777,632","12,799,566"
"Jax Jones - You Don't Know Me","31","7","3","(x2)","748,842","12,794,215"
"Timal - Arrivant","34","","19","","602,640","12,754,872"
"Post Malone - Sunflower - Spider-Man: Into the Spider-Verse","36","","31","","575,012","12,739,217"
"Calema - Te Amo - DJ Youcef Remix","28","","73","","626,411","12,728,121"
"Coldplay - A Sky Full of Stars","94","17","3","(x2)","514,098","12,705,956"
"Kaaris - Goulag","16","2","5","","1,896,497","12,696,639"
"Amel Bent - Jusqu'au bout","33","","65","","573,153","12,680,815"
"DJ Snake - Selfish Love","26","","43","","653,402","12,679,585"
"RIDSA - Nous Deux","19","","35","","801,074","12,678,642"
"Ed Sheeran - South of the Border","32","","59","","641,771","12,678,308"
"Martin Garrix - Scared to Be Lonely","31","1","10","","595,957","12,666,156"
"Sia - Audio","24","","32","","649,636","12,651,113"
"Ninho - Goutte d’eau","5","4","1","(x4)","4,691,293","12,646,139"
"Landy - Enfants terribles","23","1","8","","1,198,000","12,642,825"
"Lomepal - Mômes","33","1","7","","1,255,906","12,634,453"
"Lady Gaga - Hold My Hand","24","","41","","771,166","12,624,596"
"The Chainsmokers - Don't Let Me Down","50","3","6","","507,940","12,610,712"
"Clean Bandit - Symphony","31","","13","","645,463","12,586,734"
"OneRepublic - RUNAWAY","22","","48","","723,329","12,582,228"
"The Chainsmokers - Closer","41","1","10","","480,341","12,575,684"
"Werenoi - 16.02.2024","17","1","6","","1,888,999","12,572,004"
"Jennifer Lopez - Ain't Your Mama","52","2","7","","505,022","12,566,282"
"Damso - Paris c'est loin","62","","19","","397,370","12,557,469"
"Felix Jaehn - Ain't Nobody (Loves Me Better)","62","16","2","(x6)","419,411","12,542,877"
"Angèle - Flemme","24","","40","","908,653","12,532,984"
"SDM - MERCI","17","","19","","1,504,197","12,531,045"
"twocolors - Lovefool","27","","38","","693,294","12,521,008"
"Orelsan - Ailleurs","19","1","5","","1,769,197","12,514,669"
"Naive New Beaters - Heal Tomorrow","76","","39","","362,665","12,514,261"
"DJ Khaled - Wild Thoughts","22","11","2","(x1)","1,036,563","12,510,569"
"SCH - 02:00","16","1","7","","2,106,266","12,508,843"
"Vitaa - Je te le donne (en duo avec Slimane)","29","","29","","584,586","12,506,076"
"Kygo - Stole the Show","63","25","5","","344,829","12,501,749"
"Ariana Grande - no tears left to cry","23","","17","","870,179","12,501,579"
"Tom Grennan - Little Bit of Love","26","","44","","647,083","12,497,456"
"Sophie Ellis-Bextor - Murder On The Dancefloor","19","","36","","1,023,010","12,495,422"
"David Guetta - Crazy What Love Can Do","23","","40","","703,087","12,480,669"
"Leto - Vie de star","33","","39","","604,168","12,480,397"
"Naps - Rappelle-toi","31","","33","","781,179","12,478,352"
"Stefy De Cicco - Superstar","18","","30","","880,387","12,478,006"
"Werenoi - Selfie","25","","27","","917,089","12,474,905"
"PNL - Autre monde","16","2","3","(x1)","3,788,391","12,474,090"
"Zedd - Stay","31","","18","","530,764","12,469,347"
"Sean Paul - Mad Love","23","","18","","646,670","12,453,017"
"Adele - Hello","37","16","1","(x11)","951,890","12,392,142"
"Jul - Folie","18","2","5","","1,524,411","12,388,717"
"Jul - Toto et Ninetta","20","3","1","(x1)","1,221,757","12,376,801"
"Mister V - Gang","20","1","6","","2,264,715","12,360,289"
"Ava Max - Kings & Queens","21","","39","","774,353","12,348,830"
"La Fouine - Etat des lieux - Part 1","16","","21","","1,420,713","12,325,143"
"Trinidad Cardona - Dinero","18","","17","","1,047,528","12,322,858"
"Jul - Cœur blanc","21","1","5","","1,421,170","12,300,843"
"RnBoi - ELLE VOULAIT","5","5","2","(x1)","2,915,508","12,291,617"
"XXXTENTACION - Arms Around You","21","","17","","793,777","12,289,674"
"Kendji Girac - Dans mes bras","28","","43","","668,082","12,288,891"
"Tiakola - RESTE-LÀ","19","","37","","1,053,224","12,275,779"
"Landy - Aucune limite","24","","23","","1,052,137","12,270,202"
"Jain - The Fool","19","","32","","905,035","12,242,890"
"The Weeknd - One Of The Girls","27","","86","","591,950","12,235,565"
"Djadja & Dinaz - Féfé lambo","28","","39","","750,972","12,233,207"
"Orelsan - Shonen","19","2","4","","3,005,428","12,233,044"
"Jason Derulo - Love Not War (The Tampa Beat)","24","","35","","670,972","12,206,756"
"Hatik - ma p'tite étoile","22","","38","","704,708","12,204,538"
"Dua Lipa - Break My Heart","25","","52","","607,740","12,203,693"
"Shawn Mendes - Treat You Better","47","","20","","428,118","12,202,981"
"Sadek - Kimono","29","","11","","1,174,008","12,189,348"
"Clara Luciani - Respire encore","30","","77","","538,155","12,171,793"
"Lomepal - Mauvais ordre","16","2","4","","1,991,691","12,166,509"
"Bolémvn - Sankhara #4 (Chic)","24","","24","","884,352","12,145,394"
"Nekfeu - Ma dope","80","","16","","247,237","12,137,016"
"Yaro - Mec de cité","26","","25","","1,013,491","12,119,708"
"Mister V - Pirelli","23","1","8","","2,235,684","12,115,670"
"Imanbek - Dancing On Dangerous","19","","31","","864,339","12,112,493"
"Surfaces - Sunday Best","22","","23","","834,816","12,091,696"
"Lorenzo - Damdamdeo","22","1","9","","1,133,206","12,084,074"
"Dinos - Moins un","24","2","1","(x1)","2,024,086","12,055,433"
"Kezah - Mirador","21","1","10","","1,560,276","12,027,005"
"Gambi - PUFF PUFF PUFF","19","1","10","","1,344,144","12,013,706"
"Ninho - M.I.L.S 3","18","2","2","(x1)","2,194,838","11,988,450"
"Rihanna - Work","38","12","1","(x6)","789,073","11,977,350"
"Billie Eilish - LUNCH","15","","15","","1,724,423","11,972,853"
"Lorenzo - Coco","15","2","3","(x1)","1,809,325","11,937,773"
"Boostee - Pop Corn","45","2","9","","489,226","11,936,240"
"The Ronettes - Sleigh Ride","17","","16","","1,677,621","11,933,779"
"Gianni - Acolyte","16","","21","","1,081,225","11,931,175"
"Ariana Grande - yes, and?","14","","14","","1,399,560","11,926,174"
"REDVOLUTION - Carolina","20","1","3","(x1)","1,575,607","11,908,789"
"Mike Perry - The Ocean","37","","11","","454,555","11,885,657"
"DJ Khaled - I'm the One","23","8","4","","769,117","11,878,410"
"Ninho - Freestyle LVL UP 1","10","3","3","(x1)","2,373,757","11,872,035"
"Ninho - OG","13","2","5","","3,532,504","11,859,641"
"The Weeknd - Sacrifice","23","","28","","927,865","11,858,369"
"Axwell /\ Ingrosso - More Than You Know","32","","17","","528,935","11,857,832"
"GLK - Wesh","25","","34","","724,013","11,855,310"
"Shakira - Chantaje","41","","14","","574,085","11,842,898"
"Robin Schulz - In Your Eyes","25","","49","","618,104","11,812,681"
"THEODORT - Toko dombi","16","","21","","1,245,619","11,808,054"
"Lil Pump - Gucci Gang","27","1","9","","776,127","11,805,045"
"Adele - Oh My God","27","","52","","727,257","11,779,755"
"Dave - Special","18","","14","","1,142,039","11,769,451"
"Marwa Loud - Oh la folle","31","","64","","526,873","11,689,066"
"Mahmood - Soldi","23","","35","","663,209","11,665,430"
"GIMS - Caméléon","33","","21","","518,301","11,655,178"
"Queen - Bohemian Rhapsody - Remastered 2011","36","","57","","497,679","11,654,037"
"Zerb - Mwaki","19","","44","","887,473","11,653,955"
"La Mano 1.9 - Businessman","18","","59","","815,928","11,652,632"
"Freeze corleone - Jour de plus","13","2","5","","1,962,647","11,633,697"
"Maroon 5 - What Lovers Do","26","","18","","619,592","11,632,944"
"The Faim - Summer Is a Curse","30","","74","","525,171","11,632,870"
"Post Malone - Circles","23","","45","","647,703","11,629,070"
"THE SCOTTS - THE SCOTTS","18","2","1","(x1)","1,881,248","11,626,896"
"Naps - Carré VIP","28","","30","","939,978","11,623,500"
"NF - Let You Down","26","","21","","542,941","11,618,477"
"Peggy Gou - (It Goes Like) Nanana - Edit","18","","23","","968,864","11,582,490"
"XXXTENTACION - Jocelyn Flores","43","","29","","733,161","11,582,027"
"Lucenzo - Bailamos","24","","48","","672,769","11,577,970"
"ROSALÍA - LLYLM","21","","41","","765,243","11,577,201"
"GIMS - Sapés comme jamais - Pilule bleue","60","11","3","(x2)","443,695","11,573,462"
"Zoe Wees - Girls Like Us","20","","27","","843,821","11,572,056"
"RK - Tierquar","32","","15","","905,220","11,568,728"
"Jul - Nostalgique","16","","18","","1,254,004","11,568,162"
"Hamza - YESTERDAY","21","","60","","800,849","11,552,928"
"Ninho - No Life","13","2","8","","3,345,659","11,548,970"
"Ed Sheeran - Celestial","21","","58","","708,329","11,533,757"
"Nekfeu - Les étoiles vagabondes","20","1","5","","2,716,223","11,532,672"
"Bamby - Pas Jalouse","20","","48","","915,067","11,526,957"
"Martin Solveig - All Stars","32","","20","","500,595","11,524,586"
"Louane - Pardonne-moi","23","","67","","599,415","11,524,176"
"SZA - Kill Bill","21","","26","","912,367","11,523,530"
"Zola - L1 L2","29","","30","","1,186,715","11,485,493"
"Dadju - Sous contrôle","39","","26","","585,059","11,458,524"
"Slimane - La recette","23","","64","","595,083","11,443,194"
"Lil Nas X - HOLIDAY","25","","35","","668,373","11,442,331"
"Sofiane - Woah","19","","14","","944,988","11,413,962"
"MEDUZA - Lose Control","26","","51","","648,442","11,403,664"
"Post Malone - Better Now","23","","30","","587,939","11,392,569"
"Ronisia - Suis-moi","24","","32","","906,891","11,388,478"
"Jonas Brothers - Only Human","29","","69","","508,068","11,369,211"
"SDM - METALLICA","11","1","6","","2,265,263","11,367,335"
"Jason Derulo - Take You Dancing","24","","45","","735,063","11,366,487"
"Jul - Ça tourne dans ma tête","18","","13","","1,340,843","11,362,344"
"Sofiane - Longue vie","24","5","2","(x1)","1,143,175","11,361,893"
"47ter - L'adresse","27","","46","","584,291","11,352,800"
"J Balvin - Mi Gente","26","7","4","","757,016","11,335,887"
"Favé - Parle moi","18","","28","","1,153,719","11,327,974"
"Justin Bieber - What Do You Mean?","43","20","1","(x4)","489,956","11,323,570"
"Tiakola - PLAISIR NOCIF","16","","11","","1,755,625","11,320,451"
"Clara Luciani - Le reste","28","","47","","679,581","11,318,037"
"Aya Nakamura - Doudou","18","1","6","","1,501,290","11,315,550"
"1PLIKÉ140 - ONGBAK 2","26","","52","","622,274","11,309,164"
"J Balvin - Azul","18","","47","","934,311","11,305,029"
"OneRepublic - Run","26","","68","","539,373","11,293,789"
"Ofenbach - Katchi - Ofenbach vs. Nick Waterhouse","32","","14","","633,843","11,256,971"
"Koba LaD - Ténébreux #1","35","","54","","538,212","11,251,512"
"Sia - Unstoppable","24","","45","","697,566","11,249,892"
"sombr - 12 to 12","19","","72","","661,493","11,248,546"
"Hozier - Take Me To Church","84","20","1","(x3)","299,945","11,245,848"
"Luis Fonsi - Échame La Culpa","30","","26","","504,866","11,242,107"
"Damso - LIFE LIFE","14","1","4","","3,329,737","11,238,237"
"Damso - Υ. 2 DIAMANTS","18","1","5","","2,242,776","11,237,208"
"6ix9ine - FEFE","26","","15","","915,025","11,227,096"
"Djadja & Dinaz - Bénéfice max","26","","25","","727,063","11,221,242"
"AriBeatz - MIRAGE","20","","53","","781,109","11,217,862"
"DVM - No stress","18","","46","","839,721","11,215,016"
"David Guetta - Bang My Head","44","10","3","(x1)","391,790","11,213,790"
"Mr. Belt & Wezol - It's Not Right (But It's Ok)","15","","40","","934,397","11,207,568"
"Orelsan - Notes pour trop tard","29","3","7","","1,867,039","11,198,399"
"Karmen - ALICANTE","17","","46","","997,355","11,183,332"
"Dermot Kennedy - Kiss Me","25","","80","","553,866","11,180,284"
"SCH - Otto","21","3","5","","1,358,346","11,159,948"
"Ariana Grande - positions","18","","14","","1,025,425","11,109,694"
"OBOY - Cosmos","24","","59","","612,450","11,103,074"
"MHD - Afro Trap Pt. 3 (Champions League)","47","","12","","937,718","11,089,210"
"Boris Way - Kings & Queens","20","","55","","709,060","11,085,436"
"Green Montana - FUM22 NOCIVE","33","","102","","405,223","11,076,355"
"Manu Chao - Me Gustas Tu","28","","136","","433,445","11,076,256"
"Ava Max - Salt","20","","27","","749,438","11,070,618"
"RK - 24 carats","29","","12","","943,877","11,069,713"
"Benson Boone - Mystical Magical","19","","80","","658,250","11,064,427"
"Maes - 4MOTION","15","","29","","1,134,943","11,055,608"
"DJ Babs - Tout est bon","30","","30","","623,238","11,052,499"
"Robin Schulz - Speechless","21","","24","","727,342","11,039,778"
"Gazo - 100K","12","1","4","","2,320,223","11,036,908"
"SCH - R.A.C.","16","2","5","","1,495,199","11,004,083"
"Julia Michaels - Issues","39","","20","","520,493","11,003,757"
"PLK - Bénef","17","1","9","","1,754,646","10,993,627"
"Werenoi - Location","22","","25","","1,314,142","10,981,089"
"Pascal Letoublon - Friendships (Lost My Love)","19","","28","","792,645","10,966,548"
"Shawn Mendes - There's Nothing Holdin' Me Back","33","","28","","446,478","10,959,273"
"Tiësto - 10:35","19","","46","","766,648","10,951,029"
"PNL - Menace","15","2","9","","3,125,592","10,941,218"
"Burak Yeter - Tuesday","28","3","9","","648,976","10,939,643"
"Denden - Ils se demandent","15","","33","","1,133,063","10,939,140"
"MHD - Pololo","18","","26","","1,036,498","10,929,233"
"Imagine Dragons - Bad Liar","26","","42","","769,285","10,924,154"
"Mark Ronson - Nothing Breaks Like a Heart","25","","27","","630,184","10,912,689"
"Bad Bunny - Tití Me Preguntó","13","","16","","1,445,285","10,907,869"
"Kendji Girac - Tiago","29","","32","","555,597","10,899,035"
"Jonas Brothers - Sucker","22","","28","","651,626","10,894,783"
"Booba - 113","18","6","2","(x1)","2,180,692","10,873,374"
"Lizzo - About Damn Time","20","","59","","673,136","10,863,670"
"Pierre Garnier - Adieu, nous deux","19","","67","","710,310","10,860,431"
"Soprano - Le coach","27","","49","","571,118","10,855,174"
"Werenoi - Magot","14","1","6","","2,080,544","10,854,788"
"Purple Disco Machine - In The Dark","26","","76","","520,924","10,851,708"
"Sound Of Legend - I'm So Excited","19","","46","","784,642","10,848,113"
"Booba - Dolce Vita","18","","12","","1,377,428","10,832,313"
"The Weeknd - Can't Feel My Face","48","12","3","(x2)","372,691","10,831,996"
"David Guetta - Like I Do","23","","16","","726,297","10,830,533"
"George Ezra - Shotgun","29","","38","","548,511","10,828,237"
"Hamza - Sadio","13","3","2","(x1)","2,647,117","10,815,821"
"Dennis Lloyd - Never Go Back","23","","44","","623,083","10,800,432"
"Luidji - Pour deux âmes solitaires (Part.1)","26","","113","","588,077","10,798,951"
"SCH - Crack","15","2","2","(x1)","3,146,751","10,791,232"
"La Fouine - Broken","17","","35","","998,140","10,765,421"
"David Guetta - Gone Gone Gone","20","","101","","576,327","10,734,432"
"Koba LaD - Cellophané","25","","27","","916,194","10,698,995"
"Nekfeu - Alunissons","19","1","6","","2,661,705","10,690,685"
"OMI - Cheerleader (Felix Jaehn Remix)","41","23","2","(x8)","516,106","10,689,059"
"KeBlack - Bazardée","31","2","6","","667,296","10,684,672"
"Taylor Swift - Fortnight","13","","28","","1,205,008","10,683,071"
"The Weeknd - Cry For Me","15","","14","","1,406,368","10,679,743"
"Ninho - La vivance","15","1","9","","2,935,930","10,670,337"
"Bouss - Les heures","23","","107","","589,512","10,659,139"
"Lujipeka - Poupée Russe","21","","45","","781,371","10,646,531"
"Marwa Loud - Allo","17","","24","","993,564","10,641,140"
"Keen' V - Outété","19","","48","","693,973","10,632,054"
"sombr - undressed","19","","85","","613,118","10,625,628"
"Niska - De bon matin","20","","25","","1,071,344","10,619,703"
"MØ - Final Song","40","","27","","373,805","10,616,605"
"Zola - ENVIE7VIE","16","","11","","1,263,703","10,611,404"
"Lorenzo - Carton rouge","23","4","4","","1,011,854","10,607,897"
"Coi Leray - Players","19","","53","","768,394","10,606,998"
"Ninho - Freestyle LVL UP 2","11","3","5","","2,062,426","10,568,972"
"Sia - Courage to Change","22","","41","","647,227","10,564,785"
"Kygo - Stay","49","","13","","298,472","10,563,891"
"Tate McRae - Just Keep Watching (From F1® The Movie)","20","","61","","763,601","10,562,328"
"Emkal - J'la connais, Pt. 1 - Remix","23","","77","","558,382","10,557,920"
"Dabs - Ouloulou","44","","59","","293,954","10,554,402"
"Selena Gomez - Wolves","25","","24","","522,798","10,551,249"
"Jul - Ma jolie","27","1","5","","794,117","10,540,825"
"P!nk - TRUSTFALL","20","","42","","844,493","10,519,525"
"BENEE - Supalonely","19","","28","","734,573","10,504,302"
"Bad Bunny - MONACO","21","","58","","585,502","10,484,927"
"Jul - Postiché","12","1","9","","1,863,724","10,481,544"
"Drake - Hotline Bling","57","12","3","(x3)","407,848","10,467,663"
"David Guetta - 2U","22","4","6","","723,024","10,463,431"
"Clean Bandit - Rather Be","108","17","1","(x8)","229,113","10,454,347"
"Jonas Blue - Mama","26","1","10","","635,645","10,448,624"
"SCH - Le code","21","2","7","","1,290,262","10,443,986"
"Nicky Jam - El Perdón","68","12","3","(x4)","380,205","10,442,595"
"Farruko - Nazareno","18","","43","","728,881","10,403,629"
"Damso - Ipséité","8","7","1","(x2)","1,925,044","10,383,023"
"Orelsan - San","26","2","5","","1,959,351","10,374,213"
"Ninho - La maison que je voulais","15","","14","","2,509,285","10,367,437"
"Coldplay - Hymn for the Weekend","42","7","9","","456,803","10,364,773"
"Niska - Country","24","","25","","615,504","10,355,826"
"Gambi - La Guenav","24","","26","","855,443","10,346,342"
"Rim'K - Valise","22","","40","","898,383","10,344,837"
"Vianney - Je suis fou","19","","74","","658,521","10,333,205"
"OneRepublic - Rescue Me","23","","38","","679,638","10,309,621"
"Ariana Grande - Santa Tell Me","25","","38","","1,057,366","10,308,811"
"RK - Euros","17","","11","","1,281,597","10,303,602"
"Mr. Probz - Waves - Robin Schulz Radio Edit","112","21","1","(x2)","217,007","10,299,304"
"Post Malone - Goodbyes (Feat. Young Thug)","19","","39","","745,206","10,298,760"
"Sadek - Andale","53","","27","","336,438","10,292,565"
"Zedd - The Middle","27","","30","","515,507","10,288,754"
"Ed Sheeran - Galway Girl","30","","11","","609,230","10,284,104"
"Nathan Evans - Wellerman - 220 KID x Billen Ted Remix","22","","36","","698,119","10,281,455"
"Lucenzo - Mambella","19","","52","","736,819","10,271,629"
"Yaro - Dios mio","22","","63","","782,032","10,268,997"
"R3HAB - All Around The World (La La La)","20","","23","","902,151","10,268,201"
"Lewis Capaldi - Before You Go","26","","78","","449,451","10,256,831"
"Calvin Harris - Slide","29","","20","","547,235","10,252,883"
"Jul - Dans ma paranoïa","32","","25","","612,022","10,243,523"
"Fresh - Allez dehors","16","","15","","1,154,115","10,238,328"
"Hamza - Codéine 19","15","1","9","","1,932,042","10,236,844"
"Jason Derulo - Want to Want Me","63","6","4","","341,699","10,232,620"
"Calvin Harris - How Deep Is Your Love","46","10","4","","388,101","10,228,677"
"Jul - C'est pas des LOL","23","","31","","759,776","10,220,948"
"James Arthur - Say You Won't Let Go","37","","15","","549,888","10,209,428"
"Le Crime - Met Gala","10","","18","","1,216,760","10,207,766"
"Camila Cabello - Don't Go Yet","20","","37","","703,917","10,206,276"
"Koba LaD - 7 sur 7","13","2","5","","1,993,016","10,203,422"
"Niaks - Mahmouma","21","","64","","641,543","10,187,594"
"Future - Life Is Good","25","","38","","715,915","10,181,073"
"Naps - Favela","27","","25","","523,380","10,178,642"
"Clean Bandit - I Miss You","28","","32","","483,765","10,171,643"
"Alonzo - Binta","43","","18","","403,058","10,156,781"
"Martin Garrix - In the Name of Love","34","6","6","","549,146","10,156,021"
"Feder - Lordly","34","","18","","459,901","10,151,587"
"Bobby Helms - Jingle Bell Rock","18","","32","","1,116,590","10,144,129"
"Niska - Mr Sal","14","1","3","(x1)","2,281,700","10,119,280"
"Lil Uzi Vert - XO TOUR Llif3","45","","59","","287,111","10,104,605"
"47ter - On avait dit","21","","61","","676,143","10,103,774"
"Kore - Mango - Extrait de la BO de « En Passant Pécho »","23","","39","","702,803","10,093,262"
"Ninho - Jusqu'à minuit","14","2","7","","3,028,597","10,088,704"
"YL - Vaillante","23","","37","","663,439","10,075,773"
"Aya Nakamura - Doggy","15","","33","","1,148,370","10,072,355"
"David Guetta - This One's for You","32","8","2","(x6)","729,355","10,047,337"
"Jason Derulo - When Love Sucks","18","","44","","777,033","10,047,281"
"Clara Luciani - La grenade","26","","45","","570,911","10,046,740"
"Purple Disco Machine - Hypnotized","28","","77","","534,666","10,040,491"
"Clean Bandit - Tick Tock","24","","64","","575,476","10,034,454"
"Trei Degete - Time Time","5","3","3","(x2)","2,803,092","10,026,563"
"Jul - Pim pom","21","","48","","799,987","10,021,946"
"Öwnboss - Move Your Body","19","","29","","781,278","10,004,211"
"Koba LaD - Chambre 122","22","1","7","","1,345,410","9,998,218"
"Ninho - Sourire","20","","65","","711,118","9,986,166"
"Kore - Lalla","15","","39","","1,063,018","9,982,630"
"La Hasba22 - BARCOLA","17","","54","","902,050","9,972,007"
"Gigi Perez - Sailor Song","20","","75","","616,640","9,970,105"
"Sofiane - Mon p'tit loup","27","1","10","","679,806","9,968,488"
"Médine - KYLL","18","1","3","(x1)","1,379,135","9,963,580"
"Wiz Khalifa - See You Again","54","14","3","(x8)","475,480","9,958,894"
"Niska - Story X","20","3","5","","1,787,723","9,939,019"
"Lorenzo - Je vous déteste tous","21","1","5","","1,139,072","9,938,036"
"Chily - Rebanav 126bpm","16","","58","","777,322","9,932,918"
"MHD - Bébé","27","","20","","856,796","9,908,440"
"Naps - Georgina","18","","84","","620,297","9,903,786"
"The Avener - You're My Window To The Sky","60","","15","","299,955","9,892,005"
"AMK - Thug - Nouvelle École","12","","31","","1,130,407","9,849,454"
"Madcon - Don't Worry","73","","12","","326,273","9,848,304"
"Zola - Fuckboi","22","","23","","1,432,993","9,843,664"
"Heuss L'enfoiré - L'enfoiré","20","","14","","1,015,634","9,838,297"
"Naza - Connectés","16","","57","","799,080","9,837,518"
"Imagine Dragons - Radioactive","155","2","9","","110,906","9,828,499"
"Jaxomy - Pedro","15","","38","","980,149","9,817,235"
"Gambino - Alicante","31","","115","","363,721","9,796,457"
"DTF - Dans la ville","19","","19","","1,192,292","9,793,096"
"Lomepal - La vérité","22","2","4","","1,398,860","9,789,332"
"Jul - Loin de tout","16","2","5","","1,817,308","9,769,316"
"Lomepal - X-men","20","2","3","(x1)","1,399,285","9,768,294"
"Jul - Toi et moi","10","1","10","","1,771,692","9,757,575"
"Maroon 5 - Don't Wanna Know","31","","12","","480,040","9,748,035"
"Sadek - TP","17","1","8","","1,271,630","9,745,218"
"Sadek - Bep Bep","21","","32","","590,034","9,734,843"
"Sabrina Carpenter - Please Please Please","16","","38","","993,558","9,726,627"
"Sean Paul - (When You Gonna) Give It Up to Me","15","","61","","791,743","9,725,271"
"Ninho - Mood","13","1","10","","2,792,977","9,696,804"
"Kygo - Say Say Say","18","","59","","712,024","9,673,843"
"Rsko - BOOM BOOM","21","","125","","562,288","9,654,259"
"Bruno Mars - 24K Magic","28","6","3","(x1)","637,378","9,644,934"
"Sean Paul - No Lie","30","","18","","502,390","9,636,899"
"Feder - Blind","43","4","8","","357,764","9,636,782"
"Lacrim - Oh bah oui","31","2","2","(x1)","1,109,833","9,620,215"
"S.Pri Noir - Maman dort","24","","64","","536,230","9,619,431"
"Camélia Jordana - Facile","24","","83","","505,361","9,615,775"
"David Guetta - Together","18","","93","","607,024","9,597,215"
"Green Montana - NEYMAR JR","23","","22","","909,066","9,586,233"
"DNCE - Cake By The Ocean","43","","15","","370,143","9,576,668"
"Ava Max - Who's Laughing Now","20","","43","","715,027","9,569,958"
"Vianney - Call on me","18","","47","","706,016","9,566,649"
"Rim'K - Cellophané","53","","56","","287,879","9,555,028"
"Booba - GLAIVE","18","","26","","812,116","9,548,798"
"Cecilia Krull - My Life Is Going On (Cecilia Krull vs. Gavin Moss) [Música Original de la Serie de TV La Casa de Papel / Money Heist]","23","","33","","588,761","9,545,839"
"Bill Withers - Ain't No Sunshine","20","","86","","618,449","9,532,685"
"PinkPantheress - Stateside + Zara Larsson","12","","28","","1,035,862","9,529,113"
"Ninho - Binks to Binks 6","14","2","1","(x1)","1,440,439","9,524,662"
"Alonzo - Suis-moi","25","2","5","","746,483","9,518,218"
"Maggie Lindemann - Pretty Girl - Cheat Codes X CADE Remix","29","","23","","472,557","9,498,644"
"Koba LaD - Mortel","15","","13","","1,116,696","9,493,511"
"Nekfeu - Voyage léger","16","1","7","","2,643,909","9,487,016"
"Don Miguelo - Y Que Fue?","17","","70","","701,405","9,485,056"
"Avicii - Lonely Together","27","","40","","432,195","9,452,772"
"Rag'n'Bone Man - Skin","30","","34","","400,895","9,434,977"
"Sam Smith - Dancing With A Stranger","22","","38","","606,464","9,428,112"
"Charlie Puth - We Don't Talk Anymore","33","1","10","","458,693","9,427,866"
"Eminem - Houdini","15","","36","","1,144,573","9,412,279"
"Måneskin - I WANNA BE YOUR SLAVE","22","","58","","638,125","9,409,912"
"Damso - COEUR EN MIETTES","13","1","5","","2,925,149","9,399,087"
"Soprano - À nos héros du quotidien","26","","74","","515,469","9,397,084"
"Shawn Mendes - Mercy","34","","19","","438,180","9,396,292"
"SCH - Champs-Élysées","45","","11","","596,747","9,395,242"
"Kygo - Remind Me to Forget","23","","31","","570,684","9,387,366"
"The Prince Karma - Later Bitches","21","","21","","686,573","9,379,855"
"Michael Bublé - Holly Jolly Christmas","14","","29","","1,230,805","9,377,382"
"Jain - Oh Man","22","","20","","818,229","9,368,617"
"Eminem - River","20","","12","","722,846","9,357,457"
"Booba - Drapeau noir","15","3","3","(x1)","2,054,641","9,354,861"
"Rim'K - Cosmos","22","","12","","948,453","9,333,530"
"Kygo - Higher Love","20","","44","","739,190","9,312,010"
"Anuel AA - China","19","","40","","608,850","9,303,562"
"DJ Kayz - Monte le son","18","","47","","665,048","9,293,347"
"PNL - Celsius","11","1","8","","3,250,334","9,291,824"
"Jul - Amnésia","37","2","6","","584,950","9,287,519"
"Ødyssey - Fly","25","","11","","642,477","9,262,174"
"Laylow - Vent de l'est","26","","88","","505,885","9,250,279"
"The Chainsmokers - It Won't Kill Ya","32","","29","","428,292","9,234,084"
"Galantis - No Money","37","","11","","388,901","9,233,989"
"Werenoi - Grisaille","22","","54","","792,455","9,213,385"
"Lil Peep - Falling Down - Bonus Track","25","","34","","733,051","9,212,781"
"Major Lazer - Know No Better","27","","21","","464,644","9,212,086"
"A$AP Rocky - Praise The Lord (Da Shine)","23","","49","","532,379","9,207,838"
"Ninho - PILIER","14","","13","","1,738,480","9,207,488"
"PNL - Uranus","36","","18","","582,992","9,206,394"
"Booba - Scarface","20","","92","","624,622","9,200,273"
"Ninho - Big Pac","13","","11","","2,747,798","9,195,094"
"Kerchak - T'aimerais","16","","35","","905,027","9,190,978"
"VEN1 - SD Night","17","","86","","611,798","9,190,631"
"Djadja & Dinaz - Perdu","19","1","5","","1,309,535","9,188,728"
"Ninho - La puerta","15","2","7","","2,094,777","9,186,665"
"FRENSHIP - Capsize","46","","31","","326,707","9,182,432"
"Kungs - I Feel So Bad","38","","30","","416,461","9,182,365"
"Nicki Minaj - Barbie World","12","1","10","","1,233,560","9,178,636"
"Lewis Capaldi - Wish You The Best","17","","62","","646,400","9,164,054"
"ATLXS - PASSO BEM SOLTO - Slowed","15","","68","","765,180","9,144,662"
"SDM - Daddy","20","","29","","863,680","9,135,792"
"Marine - Coeur maladroit","19","","98","","611,376","9,135,498"
"OBOY - Je M'en Tape","27","","91","","396,976","9,135,467"
"Orelsan - La fête est finie","21","2","6","","1,878,066","9,132,182"
"X Ambassadors - Renegades","40","7","4","","409,988","9,122,252"
"Damso - Π. VANTABLACK","11","2","2","(x1)","2,468,754","9,117,406"
"A Boogie Wit da Hoodie - Look Back At It","22","","41","","559,777","9,114,874"
"Vincè la petite culotte - La goffa Lolita","16","","27","","892,666","9,110,685"
"Dua Lipa - IDGAF","26","","28","","500,997","9,107,467"
"Soolking - La Kichta","23","","42","","692,793","9,106,944"
"Dubdogz - Infinity - Dubdogz & Bhaskar Edit","18","","48","","624,476","9,105,662"
"Columbine - Cache-Cache","27","","34","","730,586","9,080,797"
"6ix9ine - GOOBA","16","1","6","","1,247,065","9,075,170"
"Aya Nakamura - La machine","24","","31","","802,295","9,064,568"
"Gazo - TCHIN 2X","24","","53","","623,615","9,062,909"
"Adé - Tout savoir","24","","103","","438,576","9,047,931"
"Lacrim - Allez nique ta mère","11","3","3","(x1)","2,283,435","9,045,459"
"Hamza - HS","17","1","3","(x1)","1,474,708","9,041,252"
"Tiitof - Mwen An Sa","13","","23","","1,105,857","9,034,277"
"PNL - J'suis QLF","39","2","4","","798,630","9,024,720"
"Orelsan - Athéna","18","","16","","2,017,521","9,021,236"
"The Weeknd - Popular","20","","82","","645,912","9,017,568"
"Amir - Rétine","24","","68","","542,721","9,013,696"
"MHD - Afro Trap Pt. 8 (Never)","26","5","3","(x2)","776,518","9,010,007"
"Damso - Ζ. Kietu","32","2","7","","1,021,534","9,004,336"
"Kaaris - Boyz N The Hood","45","","26","","368,050","8,999,748"
"P!nk - What About Us","27","","28","","560,268","8,999,664"
"Eddy de Pretto - Fête de trop","28","","26","","496,063","8,984,200"
"Hornet La Frappe - Maghrébin","35","","31","","549,473","8,978,989"
"91 All Stars - La zone","17","","15","","1,178,290","8,966,239"
"ISK - Le billet","20","","55","","633,336","8,965,849"
"DJ Sem - Mi Corazón","36","","42","","358,808","8,960,272"
"Orelsan - Seul avec du monde autour","12","1","7","","2,684,358","8,954,537"
"Lorenzo - Bizarre","25","2","3","(x1)","1,194,974","8,952,153"
"PNL - Kuta ubud","11","","12","","2,860,731","8,950,564"
"Ninho - 25 G","11","1","6","","1,794,035","8,935,161"
"Damso - Amnésie","49","","41","","321,922","8,925,647"
"Jung Kook - Seven","17","","25","","954,062","8,908,016"
"63OG - ruiné (comme un dj)","16","","64","","728,471","8,897,899"
"Ninho - Coffrer","23","1","4","","1,265,134","8,880,291"
"Ninho - Tokarev","13","","12","","2,631,004","8,880,238"
"L'Algérino - Sapapaya","13","1","9","","1,227,096","8,871,276"
"Nekfeu - Menteur menteur","16","1","10","","2,441,260","8,862,065"
"No Limit - OLA OLA OLA","15","","16","","1,087,700","8,841,465"
"Larry - Sacoche","29","","111","","456,768","8,835,107"
"Orelsan - Casseurs Flowters Infinity","11","1","8","","2,649,704","8,830,523"
"La Mano 1.9 - Canon","19","","115","","551,594","8,826,542"
"Theodora - Miss Kitoko","7","","14","","1,472,979","8,825,524"
"YG Marley - Praise Jah In The Moonlight","13","","36","","1,074,719","8,807,740"
"Harry Styles - Late Night Talking","18","","52","","639,175","8,802,028"
"La Mano 1.9 - Crime ensoleillé","15","","48","","924,208","8,801,079"
"G-Eazy - Him & I","20","","12","","623,376","8,800,641"
"Dadju - Lionne","33","","27","","574,932","8,796,951"
"Renaud - Mistral gagnant","19","","116","","538,414","8,790,538"
"Lefa - Smile","21","","42","","772,407","8,777,813"
"Jul - Capata","11","","15","","1,734,448","8,777,305"
"Louane - Aimer à mort","21","","75","","492,211","8,772,108"
"Trinix - Hotstepper","16","","69","","678,787","8,771,671"
"Jul - Dans tes yeux","14","","64","","776,685","8,764,205"
"Tommy Richman - MILLION DOLLAR BABY","13","","41","","1,063,630","8,763,859"
"Yaro - Bucci Night","21","","21","","752,225","8,758,961"
"Ninho - Problèmes du matin","19","","18","","1,123,466","8,753,522"
"Booba - Nougat","24","1","4","","1,088,828","8,751,352"
"Linkin Park - Heavy Is the Crown","13","","48","","1,100,167","8,742,029"
"Freeze corleone - Téléphone - Extrait de CRCLR MVT SAISON II","23","","27","","818,131","8,741,560"
"Kaaris - Blow","29","1","8","","484,280","8,740,460"
"Pharrell Williams - Happy","111","16","1","(x6)","224,757","8,738,156"
"Beny Jr - Sigue","21","","113","","513,818","8,732,617"
"Leto - Mozart Capitaine Jackson (Episode 2)","24","","40","","733,539","8,730,250"
"R3HAB - Loca Loca","14","","55","","776,001","8,729,462"
"SCH - Loup noir","11","2","4","","2,678,504","8,723,593"
"PLK - Décembre","14","","16","","1,108,637","8,722,625"
"DA Uzi - Entre les murs","23","","39","","702,618","8,720,107"
"Yaro - Dernier Etage","23","","44","","655,159","8,719,565"
"Tiësto - Jackie Chan","20","","34","","618,134","8,718,095"
"Shawn Mendes - Stitches","46","","15","","292,430","8,710,474"
"James Bay - Let It Go","91","","45","","263,732","8,697,844"
"Zola - Astroboy","24","","34","","1,023,982","8,696,935"
"Deorro - Bailar","35","6","6","","516,327","8,694,624"
"John Legend - All of Me","110","7","6","","153,001","8,679,253"
"Hamza - Ma Réalité","12","2","7","","2,115,134","8,676,550"
"Vald - Peon","14","1","1","(x1)","2,174,075","8,675,368"
"Dexe243 - Mucho plata","15","","64","","788,683","8,673,042"
"Bello&Dallas - Bottega","16","","73","","647,075","8,663,565"
"Coldplay - Hymn for the Weekend - Seeb Remix","30","","20","","392,245","8,651,397"
"Superbus - Lola","15","","91","","710,827","8,646,449"
"Billie Eilish - when the party's over","32","","103","","382,590","8,644,691"
"H.E.M - Zinzin","13","","56","","832,625","8,636,156"
"Lost Frequencies - Rise","19","","56","","606,964","8,610,392"
"Shay - Liquide","23","","40","","573,665","8,606,044"
"Djadja & Dinaz - La Force Tranquille","12","1","7","","1,443,824","8,604,502"
"Milky Chance - Stolen Dance","82","26","1","(x2)","216,961","8,604,455"
"Lorenzo - Tu le C","28","2","6","","956,813","8,603,489"
"Arctic Monkeys - I Wanna Be Yours","21","","167","","457,586","8,594,466"
"MZ - Les princes","55","","18","","309,410","8,586,085"
"benny blanco - I Can’t Get Enough (benny blanco, Selena Gomez, J Balvin, Tainy)","21","","56","","555,411","8,584,720"
"Genezio - LA MELO EST DANS LA BOUNCE","14","","40","","1,106,462","8,584,325"
"Tungevaag - Ride With Me","15","","30","","762,080","8,583,080"
"Ninho - Athéna","11","","12","","2,615,554","8,582,321"
"Naestro - Bella ciao","17","2","9","","943,518","8,572,786"
"Ed Sheeran - Sapphire","18","","117","","593,491","8,572,328"
"Maroon 5 - Sugar","72","8","4","","236,191","8,563,691"
"47ter - Vivre","22","","50","","556,694","8,559,866"
"Selena Gomez - Lose You To Love Me","17","","34","","799,713","8,549,125"
"Nekfeu - Premier pas","15","","11","","2,287,659","8,545,513"
"Loïc Nottet - Million Eyes","25","","17","","535,356","8,540,439"
"Clara Luciani - Amour toujours","25","","104","","432,568","8,536,214"
"Niska - Genkidama","14","","19","","1,029,410","8,531,607"
"DJ Snake - A Different Way","26","","45","","418,371","8,531,149"
"Kris Kross Amsterdam - Queen Of My Castle","15","","61","","803,720","8,530,255"
"Jack Harlow - Lovin On Me","13","","49","","846,876","8,516,820"
"Maes - Mama","23","","13","","823,810","8,481,036"
"Vald - Dragon","19","3","2","(x1)","1,163,855","8,480,487"
"Naps - Recherché","24","","13","","627,526","8,473,130"
"RK - Cataleya","20","","35","","1,006,624","8,456,548"
"PLK - Tu dors ?","7","","16","","1,420,048","8,449,104"
"PNL - Cœurs","10","","11","","2,974,883","8,435,030"
"Lacrim - Grande armée","23","4","2","(x1)","951,425","8,433,268"
"La Rvfleuze - Connexion macabre","11","","30","","1,222,926","8,423,155"
"Luidji - Reste en Vie","18","","81","","609,976","8,419,729"
"Ninho - Laisse pas traîner ton fils","24","2","7","","1,221,065","8,413,745"
"Theodora - Des mythos","10","","17","","1,418,526","8,408,754"
"Dua Lipa - Illusion","16","","60","","754,429","8,397,365"
"Drake - Nice For What","21","","20","","637,152","8,379,601"
"The Weeknd - Die For You","15","","52","","794,987","8,377,389"
"JYEUHAIR - Peace - Nouvelle École","11","","24","","1,294,854","8,376,387"
"PLK - Toute l'année","17","","14","","1,274,240","8,373,895"
"Flume - Never Be Like You","38","","17","","354,502","8,370,669"
"Lost Frequencies - Reality","48","5","8","","322,073","8,363,923"
"Hamza - Free YSL","9","2","4","","2,375,656","8,356,957"
"Booba - Gotham","25","1","8","","1,181,826","8,354,460"
"Coolio - Gangsta's Paradise","22","","60","","634,071","8,349,369"
"Kalash Criminel - Arrêt du cœur","45","","48","","247,257","8,345,926"
"KALEO - Way Down We Go","27","","17","","544,833","8,339,132"
"Ofenbach - Paradise","21","","45","","513,836","8,331,266"
"Mitski - My Love Mine All Mine","20","","103","","471,559","8,331,226"
"Kygo - Firestone","66","1","10","","230,951","8,330,901"
"Jul - Bande organisée 2","9","1","10","","1,769,818","8,312,492"
"SCH - Haut standing","21","","22","","953,901","8,309,208"
"DJ Snake - SG","16","","65","","634,396","8,299,735"
"Aya Nakamura - No Stress","14","","33","","998,622","8,294,714"
"Werenoi - Jalouse","10","","12","","1,610,750","8,289,930"
"GIMS - T'avais raison","11","","15","","1,493,557","8,283,794"
"Justin Bieber - Yummy","13","","24","","963,093","8,283,771"
"Damso - MEVTR","11","1","6","","2,894,518","8,280,154"
"Enrique Iglesias - SUBEME LA RADIO","26","","13","","590,270","8,270,371"
"Ellie Goulding - Love Me Like You Do","54","13","3","(x6)","329,051","8,269,731"
"The Kid LAROI - WITHOUT YOU","22","","80","","449,385","8,267,219"
"Major Lazer - Run Up","24","","21","","502,074","8,266,507"
"Ofenbach - Body Talk","16","","80","","629,787","8,265,325"
"LUM!X - Monster","17","","55","","597,899","8,259,765"
"Rémy - Alibi","17","","32","","750,962","8,258,876"
"Hamza - Introduction","11","","13","","1,644,776","8,257,293"
"Beyoncé - BREAK MY SOUL","15","","35","","841,751","8,250,466"
"Lost Frequencies - Like I Love You","19","","34","","597,835","8,217,334"
"Jonas Blue - Perfect Strangers","29","","19","","430,288","8,217,274"
"Vegedream - La fuite - Vegedream X Dj Leska / Edit MIx","24","","49","","478,395","8,215,308"
"SCH - Prêt à partir","14","2","2","(x1)","1,683,793","8,209,264"
"Selena Gomez - Same Old Love","43","2","9","","325,815","8,194,982"
"Marshmello - Silence","27","","47","","391,212","8,193,000"
"Laylow - IVERSON","20","","15","","1,295,973","8,187,756"
"Boulevard des Airs - Allez reste","22","","62","","562,489","8,184,226"
"Halsey - Without Me","22","","47","","514,183","8,182,575"
"Marvin Gaye - Ain't No Mountain High Enough","20","","111","","493,415","8,181,658"
"Booba - 5G","10","1","3","(x1)","2,024,345","8,180,118"
"Post Malone - Psycho","18","","20","","601,113","8,171,228"
"Robin Schulz - Young Right Now","18","","58","","580,853","8,161,325"
"Jérémy Frerot - Adieu","15","","90","","622,790","8,160,040"
"MHD - A Kele Nta","46","","50","","257,912","8,147,983"
"Dimitri Vegas & Like Mike - Instagram","18","","52","","635,143","8,140,500"
"Nour - Premier amour","14","","47","","749,682","8,138,066"
"Ikaz Boi - BALLE DANS LE COEUR","12","","19","","1,025,880","8,132,713"
"Imen Es - Essaie encore","17","","23","","972,777","8,126,597"
"13 Organisé - L'étoile sur le maillot","10","2","3","(x1)","2,159,828","8,122,551"
"Matt Simons - Catch & Release - Deepend Remix Extended Version","39","","25","","275,158","8,114,141"
"Dadi - Doucement - Nouvelle École","13","","37","","1,044,008","8,099,071"
"Kalash - Malpolis","13","1","8","","1,494,777","8,094,499"
"Boris Way - Lose My Mind","16","","65","","629,670","8,092,909"
"HUNTR/X - Briller - Golden - version française","14","","74","","714,195","8,089,049"
"La Rvfleuze - PARLU","5","3","7","","1,907,766","8,086,340"
"RK - Rédemption","16","1","6","","1,153,836","8,071,368"
"GIMS - INCOGNITO","12","","27","","1,094,667","8,028,323"
"Enrique Iglesias - DUELE EL CORAZON","34","","12","","422,447","8,021,399"
"La Rvfleuze - Serrure #667","11","","16","","1,478,750","8,020,879"
"Drake - Passionfruit","23","5","4","","745,254","8,020,813"
"Lorde - Royals","118","21","2","(x8)","143,003","8,020,113"
"menace Santana - Skiboy","24","","99","","393,257","8,011,850"
"Ronisia - Atterrissage","21","","66","","540,735","8,011,204"
"J Balvin - In Da Getto","16","","33","","753,288","8,003,731"
"Chezile - Beanie","15","","67","","652,650","7,996,043"
"Shaka Ponk - I'm Picky - Unplugged","16","","102","","572,912","7,994,927"
"Orelsan - Christophe","20","1","8","","1,802,540","7,992,612"
"Marwa Loud - Billet","19","1","5","","941,154","7,987,442"
"Regard - Secrets","17","","62","","621,256","7,986,953"
"Timal - Week-end","17","","16","","1,237,446","7,975,692"
"Ninho - Every day","13","2","5","","2,205,306","7,975,524"
"JP Cooper - September Song","32","","56","","307,681","7,963,402"
"VIZE - Glad You Came","19","","45","","594,307","7,962,993"
"Hiro - A découvert","28","","91","","395,916","7,942,344"
"Sofiane - Attrape-moi si tu peux","17","","22","","863,052","7,932,944"
"Damso - Silence","16","1","3","(x1)","2,049,862","7,931,562"
"Avicii - Wake Me Up","100","22","1","(x6)","526,104","7,917,638"
"Shakira - Don't Wait Up","17","","64","","541,286","7,894,685"
"Kaneki - Blue","14","","26","","936,296","7,875,874"
"Orelsan - Zone","18","2","4","","1,984,066","7,859,191"
"Nekfeu - Takotsubo","13","1","9","","2,484,039","7,856,450"
"Lady Gaga - Rain On Me","13","","19","","1,009,802","7,839,495"
"Soprano - Ninja","18","","49","","615,333","7,829,756"
"Kris Kross Amsterdam - Whenever","17","","36","","565,642","7,824,454"
"Mauvais djo - Pilé","12","","35","","1,088,993","7,823,536"
"Lizzo - Good As Hell","15","","50","","714,560","7,813,458"
"Moha La Squale - Bienvenue à La Banane","25","","15","","597,072","7,812,150"
"Maes - Elvira","10","1","8","","2,479,135","7,804,901"
"Fakear - Silver","32","","23","","315,240","7,803,184"
"Ava Max - So Am I","17","","46","","568,392","7,800,367"
"Drake - Too Good","28","","18","","391,487","7,799,340"
"Aya Nakamura - Soldat","12","","18","","1,147,422","7,798,636"
"Ariana Grande - break up with your girlfriend, i'm bored","13","","15","","948,323","7,792,384"
"Leony - I Can Feel","17","","108","","542,163","7,792,008"
"PLK - Chandon et Moët","12","","11","","1,690,679","7,791,418"
"Koba LaD - Aventador","17","","11","","985,432","7,785,469"
"Bruno Mars - Locked out of Heaven","75","1","10","","615,207","7,781,453"
"Taylor Swift - Opalite","14","","28","","1,245,018","7,770,037"
"Lost Frequencies - Are You With Me","57","","11","","232,470","7,767,701"
"PNL - Luz de Luna","31","1","10","","704,214","7,765,432"
"Tayc - Dis moi comment.","18","","45","","698,937","7,764,286"
"La Fève - MAUVAIS PAYEUR","22","","90","","483,280","7,753,612"
"Tayc - P A S C O M M E Ç A","22","","69","","600,961","7,738,116"
"Booba - Trône","15","3","5","","1,942,870","7,734,928"
"Jul - C'est la cité","14","","16","","1,114,022","7,726,504"
"Armin van Buuren - Blah Blah Blah","16","","24","","723,117","7,718,783"
"Jul - J'fais que danser","13","","37","","924,432","7,712,837"
"4Keus - En bas","24","","89","","434,836","7,712,002"
"Ava Max - My Head & My Heart","20","","68","","485,295","7,707,105"
"Alok - Hear Me Now","30","","25","","441,169","7,705,815"
"The Weeknd - Earned It (Fifty Shades Of Grey)","57","6","4","","293,938","7,698,153"
"Justin Bieber - Lonely","18","","30","","676,369","7,695,960"
"Blasterjaxx - Hurricane","15","","51","","655,310","7,688,950"
"Gaullin - Seven Nation Army","14","","47","","690,522","7,685,977"
"GIMS - BABY","10","","25","","1,226,821","7,682,721"
"Ronisia - Mélodie (Tatami)","16","","33","","897,578","7,680,750"
"Ziak - Fixette","9","1","7","","1,508,275","7,671,415"
"Ponko - Mes Lovés","11","","31","","1,043,440","7,669,045"
"Ellie Goulding - Close To Me","19","","51","","505,014","7,668,628"
"Ninho - 911","10","","18","","1,564,315","7,666,443"
"Dimitri Vegas & Like Mike - Thank You (Not So Bad)","16","","91","","581,809","7,661,459"
"Lil Wayne - Sucker For Pain","28","2","8","","465,613","7,648,305"
"JKSN - Seine-Saint-Denis","16","","117","","576,851","7,640,152"
"RIDSA - Dis Moi Tout","17","","81","","583,991","7,638,740"
"Djadja & Dinaz - J'souris","24","","21","","646,795","7,635,265"
"Damso - Κ. Kin la belle","29","","14","","793,473","7,634,796"
"Lacrim - Traîtres","19","2","2","(x1)","1,161,082","7,632,655"
"Martin Garrix - There for You","24","","29","","458,688","7,628,945"
"La Zarra - Tu t’en iras","23","","130","","389,622","7,626,899"
"Daddy Yankee - Dura","24","","47","","507,694","7,619,037"
"The Chainsmokers - Paris","21","","19","","533,853","7,610,930"
"Heuss L'enfoiré - L'addition","24","","41","","646,703","7,608,909"
"Damso - BPM","11","1","10","","2,510,286","7,607,357"
"Linkin Park - Numb","16","","60","","675,905","7,589,885"
"Robin Schulz - OK","23","","23","","432,302","7,578,875"
"MINUISKI - SRT FULL NWAR","9","","20","","1,178,132","7,575,355"
"RK - SOS","15","","28","","886,557","7,569,685"
"Rauw Alejandro - Todo De Ti","18","","61","","555,275","7,566,199"
"Nea - Some Say - Felix Jaehn Remix","14","","51","","653,513","7,564,864"
"The Cure - Boys Don't Cry","15","","92","","594,770","7,552,836"
"Niska - Matuidi Charo (PSG)","45","","14","","629,550","7,522,392"
"Sasso - J'picole","23","","125","","424,517","7,516,977"
"Tayc - Comme toi","17","","32","","685,426","7,516,664"
"Charlie Puth - Marvin Gaye","39","8","3","(x1)","427,191","7,516,576"
"Booba - VVV","12","2","4","","2,364,517","7,502,416"
"kulturr - méli-mélo","6","1","10","","1,691,893","7,501,809"
"Sneazzy - Skurt Cobain","43","","52","","245,036","7,500,508"
"Jul - Ma che beauté","16","","14","","1,022,615","7,483,846"
"Ella Henderson - Alibi","15","","86","","625,322","7,483,205"
"Shakira - Te Felicito","13","","41","","803,318","7,482,728"
"Tove Lo - Stay High - Habits Remix","69","20","1","(x5)","241,896","7,476,466"
"Sadek - La Bise","47","","65","","274,877","7,470,520"
"Freeze corleone - MW2","7","2","5","","2,256,707","7,469,127"
"Kent Jones - Don't Mind","25","","11","","469,701","7,461,494"
"RK - Moscow","16","1","3","(x1)","1,492,061","7,453,345"
"PLK - Bleu & rouge","11","","26","","1,210,634","7,441,095"
"Martin Jensen - Solo Dance","37","","46","","342,838","7,436,801"
"GIMS - Loup garou","15","3","3","(x1)","1,059,828","7,427,124"
"Coldplay - feelslikeimfallinginlove","14","","101","","625,427","7,422,684"
"Liam Payne - Strip That Down","28","","38","","400,161","7,420,056"
"Dermot Kennedy - Power Over Me","20","","64","","458,546","7,403,178"
"Ninho - YSL","9","","13","","2,590,624","7,402,365"
"Lost Frequencies - Crazy","23","","42","","454,605","7,388,442"
"Tiakola - G.A.N.G","9","","12","","1,742,551","7,381,230"
"ZAYN - PILLOWTALK","28","4","5","","403,413","7,380,168"
"Kodak Black - ZEZE","21","","72","","454,200","7,379,110"
"Sam Smith - Stay With Me","80","1","10","","147,377","7,377,714"
"Avicii - SOS","14","","30","","678,905","7,374,929"
"ROSALÍA - TKN","18","","58","","567,789","7,371,096"
"Vald - Vitrine","39","","42","","325,956","7,356,874"
"Ninho - L'ancien","12","","15","","2,445,955","7,354,895"
"PNL - Déconnecté","10","","15","","2,591,680","7,354,483"
"Nekfeu - Le bruit qui court","12","","12","","2,284,443","7,326,420"
"GIMS - Mi Gna","14","1","8","","851,503","7,315,678"
"Freeze corleone - Rap catéchisme","9","1","3","(x1)","2,323,435","7,309,958"
"Coldplay - Magic","96","12","3","(x3)","152,747","7,299,875"
"K2_sp - NOUS#2","10","","25","","1,137,944","7,297,178"
"Sadek - La Vache","23","","24","","561,875","7,295,666"
"Dennis Lloyd - Alien","17","","68","","514,636","7,295,002"
"Lauv - I Like Me Better","24","","57","","384,113","7,294,363"
"David Guetta - Hey Mama","42","16","4","","346,561","7,290,073"
"13 Block - Petit cœur","23","","67","","512,186","7,276,800"
"NEIKED - Sexual","25","","37","","402,005","7,272,243"
"Aya Nakamura - Oula","13","2","7","","1,202,132","7,269,840"
"SCH - 6.45i","24","1","10","","595,620","7,263,240"
"Naza - Une histoire","12","","40","","969,397","7,257,810"
"Ed Sheeran - Photograph","71","","19","","285,974","7,256,153"
"Orelsan - Paradis","18","1","10","","1,670,264","7,255,660"
"blackbear - hot girl bummer","18","","78","","526,879","7,252,580"
"David Guetta - Don't Leave Me Alone","21","","61","","453,870","7,245,429"
"Logic - 1-800-273-8255","24","","56","","372,741","7,243,637"
"Ninho - Privilège","15","1","9","","1,169,426","7,240,724"
"RIDSA - Rosa","13","","93","","693,703","7,231,220"
"Jul - Mon bijou","30","","12","","419,316","7,209,769"
"Rae Sremmurd - Black Beatles","20","4","2","(x2)","629,660","7,208,852"
"Lost Frequencies - Black Friday (pretty like the sun)","11","","51","","873,008","7,208,804"
"Ed Sheeran - Castle on the Hill","19","2","4","","692,776","7,204,708"
"Flo Rida - My House","55","","19","","327,705","7,201,803"
"Lykke Li - I Follow Rivers - The Magician Remix","20","","42","","615,551","7,196,275"
"S-Crew - 22","13","1","7","","1,723,349","7,193,279"
"Ava Max - EveryTime I Cry","20","","89","","487,807","7,184,105"
"Jul - Tropical","13","","69","","721,157","7,165,963"
"Sia - Elastic Heart","58","7","6","","210,088","7,165,750"
"Damso - SENTIMENTAL","10","1","9","","2,594,188","7,162,292"
"OneRepublic - Counting Stars","102","15","5","","393,734","7,157,404"
"Ninho - +971","9","","16","","1,432,300","7,157,363"
"Fresh - Chop - Nouvelle École","14","","37","","828,675","7,156,523"
"LP - Lost on You","28","","22","","406,179","7,151,154"
"Camila Cabello - Liar","19","","80","","460,754","7,148,206"
"Elton John - Hold Me Closer","14","","50","","645,111","7,136,708"
"Katy Perry - Chained To The Rhythm","23","","18","","535,009","7,132,646"
"Damso - Love is blind","7","1","7","","2,156,004","7,122,438"
"Kygo - Born To Be Yours","25","","81","","370,270","7,119,069"
"Dua Lipa - Levitating","15","","38","","710,630","7,111,261"
"Tame Impala - Dracula - JENNIE Remix","8","","19","","1,365,797","7,107,275"
"Big Boi - All Night","17","","19","","561,581","7,106,468"
"Koba LaD - FeFe","17","","16","","886,033","7,100,997"
"ZXKAI - NO BATIDÃO","14","","109","","550,022","7,095,572"
"Orelsan - Baise le monde","9","1","10","","2,410,957","7,092,627"
"Damso - 60 années","14","1","4","","1,937,201","7,088,887"
"Imany - Don't Be So Shy - Filatov & Karas Remix","35","","25","","307,413","7,065,794"
"Naza - MMM","33","","63","","366,089","7,061,992"
"Booba - E.L.E.P.H.A.N.T","39","","21","","384,830","7,059,952"
"Conkarah - Banana","14","","53","","634,582","7,058,940"
"Lady Gaga - Bloody Mary","12","","36","","833,770","7,058,121"
"Kygo - For Life","13","","69","","748,931","7,046,836"
"4Keus Gang - O'KCLH","29","","83","","325,317","7,046,467"
"Tiakola - MBIFE","12","","34","","1,115,275","7,040,702"
"Zkr - Tu vois comment ?","14","1","10","","1,051,582","7,039,348"
"SIENNA SPIRO - Die On This Hill","12","","71","","689,940","7,038,347"
"DJ Snake - Magenta Riddim","16","","29","","549,913","7,033,511"
"Kalash - Koussi koussa","28","","54","","383,976","7,023,243"
"Zola - Madame","17","","15","","1,039,833","7,010,341"
"Pop Smoke - The Woo","17","","47","","706,865","7,009,359"
"Gazo - Drill FR 4","22","","113","","365,072","7,007,681"
"Ninho - Kim Jong-il","15","","24","","941,900","7,003,673"
"Kato - Turn The Lights Off","14","","119","","547,981","7,002,906"
"Klem Schen - Message","25","","153","","299,293","7,001,722"
"Ninho - RER D","8","","11","","2,683,077","7,000,523"
"Ninho - Caramelo","7","3","2","(x1)","1,555,587","7,000,073"
"Shotas - LVC","21","","96","","430,636","6,996,093"
"KeBlack - J'ai déconné","43","","43","","260,945","6,994,302"
"Chily - Tout est calé","10","","12","","1,632,113","6,981,189"
"Calvin Harris - Blame","61","18","2","(x11)","233,500","6,979,599"
"Louane - maman","31","","48","","1,023,953","6,974,164"
"Alok - All By Myself","16","","99","","551,218","6,970,681"
"Lomepal - Hasarder","10","1","6","","1,779,881","6,969,466"
"Kungs - This Girl (Kungs Vs. Cookin' On 3 Burners) - Kungs Vs. Cookin' On 3 Burners","46","","95","","231,422","6,964,025"
"Vitaa - Game Over","30","3","9","","534,830","6,954,768"
"R2 - PAS LE CHOIX","10","","22","","1,175,772","6,944,778"
"Niska - Passa passa (#BooskaMechant)","12","1","6","","1,194,223","6,936,498"
"Gambi - RENÉ CAOVILLA","4","3","5","","2,061,749","6,928,016"
"Avicii - Without You","22","","34","","485,649","6,927,243"
"Abou Debeing - C'est pas bon","29","","79","","317,363","6,916,579"
"The Chainsmokers - Sick Boy","25","","54","","374,100","6,904,286"
"Niska - Mendoza","10","1","4","","2,058,606","6,901,590"
"Ziak - Rhum & machette","11","1","5","","1,751,118","6,891,937"
"L2B - Jump","14","","85","","724,475","6,890,444"
"Les Frangines - Donnez-moi","18","","87","","468,464","6,880,698"
"Orelsan - Rêve mieux","8","1","9","","2,499,259","6,876,261"
"R. City - Locked Away","32","8","5","","382,161","6,874,920"
"a6el - SOLEIL","10","","47","","825,810","6,872,716"
"Booba - Azerty","12","","11","","2,014,384","6,871,092"
"Sadek - Dans la lune","30","","56","","352,897","6,870,545"
"Billie Eilish - Happier Than Ever","17","","61","","552,716","6,860,055"
"Jax Jones - Where Did You Go?","13","","54","","655,845","6,859,742"
"Lacrim - Solo","13","","16","","793,865","6,859,511"
"Benson Boone - GHOST TOWN","18","","81","","455,869","6,858,832"
"Julien Lieb - Autrement","15","","137","","543,144","6,857,888"
"Soprano - Musica","19","","77","","504,376","6,856,429"
"Sigala - Easy Love","39","","20","","245,718","6,854,010"
"Ninho - C'était le rap","13","","17","","1,680,895","6,847,760"
"Ed Sheeran - Merry Christmas","9","","25","","1,360,894","6,847,201"
"Maes - Mémoire","9","1","10","","2,339,123","6,842,585"
"Daft Punk - Get Lucky","97","17","1","(x7)","382,529","6,841,681"
"Niska - Blue Magic","13","1","10","","1,442,013","6,839,871"
"Naps - La danse du roro","9","","13","","1,223,115","6,830,681"
"Gaullin - Moonlight","15","","32","","771,661","6,823,870"
"Nekfeu - Ciel noir","11","","13","","2,244,835","6,819,170"
"PLK - Jamie Bynoe-Gittens","7","1","7","","1,905,991","6,815,587"
"Rihanna - Bitch Better Have My Money","54","","13","","212,398","6,815,425"
"SCH - Allo maman","37","","17","","378,646","6,810,768"
"L2B - C'est Quoi Ton Délire","12","","88","","696,755","6,810,483"
"Riton - Turn Me On","16","","78","","476,005","6,794,211"
"La Rvfleuze - PROMENADE","5","1","4","","2,096,453","6,793,964"
"Tiakola - Pousse toi","17","","31","","802,169","6,791,574"
"Freeze corleone - Hors ligne","9","1","4","","2,093,770","6,789,269"
"Rita Ora - Your Song","26","","58","","332,724","6,787,245"
"Niska - J'suis dans l'baye","29","","77","","330,591","6,780,276"
"Russ Millions - Reggae & Calypso (Russ Millions x Buni x YV x CH (GMD) x SwitchOTR x Gazo x RoseReal) - Remix","14","","18","","942,074","6,778,725"
"Angèle - Perdus","13","","18","","1,208,224","6,763,837"
"Bolémvn - Prends ta monnaie","17","","54","","592,227","6,762,791"
"Aya Nakamura - Chérie","15","","61","","645,407","6,757,778"
"Flo Rida - I Don't Like It, I Love It","47","","14","","241,776","6,753,271"
"Wejdene - Réfléchir","13","","21","","850,063","6,748,603"
"Bigflo & Oli - Sur la lune","20","","58","","472,322","6,743,703"
"Nekfeu - Ken Kaneki","16","","18","","1,104,287","6,740,452"
"Tyga - Taste","21","","51","","436,414","6,738,778"
"Lorenzo - La Kush","11","","14","","1,229,919","6,738,085"
"Julian Perretta - Miracle","33","","25","","279,915","6,732,373"
"Alvaro Soler - La Cintura","21","","62","","416,613","6,732,228"
"Freeze corleone - Ancelotti","7","1","7","","1,944,536","6,724,937"
"SCH - Fusil","43","","22","","275,336","6,724,729"
"Vitaa - Un peu de rêve (en duo avec Claudio Capéo)","23","","68","","372,278","6,723,396"
"Djadja & Dinaz - Déstabilisé","26","","13","","540,604","6,716,402"
"OMI - Cheerleader - Felix Jaehn Remix Radio Edit","51","","27","","268,817","6,708,325"
"Columbine - Pierre, feuille, papier, ciseaux","31","","28","","436,609","6,697,538"
"Damso - Julien","14","1","5","","1,909,202","6,696,084"
"Jack Ü - Where Are Ü Now","52","","18","","187,796","6,689,967"
"Måneskin - VALENTINE","14","","93","","614,990","6,681,510"
"Burna Boy - City Boys","12","","47","","746,287","6,666,586"
"Koba LaD - Pas de reine","13","1","4","","1,634,153","6,661,798"
"Helena - Summer Body","14","","95","","606,831","6,661,112"
"Taylor Swift - Anti-Hero","13","","41","","767,907","6,660,868"
"Werenoi - La famine","7","","13","","1,699,789","6,655,245"
"Jul - La passat","12","1","9","","1,302,644","6,650,363"
"Lomepal - Ne me ramène pas","15","1","6","","1,267,866","6,630,207"
"Lujipeka - Pas à ma place","16","","76","","476,416","6,628,898"
"Gradur - Oblah","26","","12","","470,860","6,625,288"
"Jonas Brothers - What A Man Gotta Do","20","","86","","474,231","6,609,889"
"Maejor - I Love You (432 Hz)","16","","82","","484,102","6,604,900"
"Zola - Aller sans retour","10","","16","","1,394,877","6,601,431"
"Gazo - LETTRE À UN OPPS","14","","19","","1,381,406","6,599,150"
"Avicii - Waiting For Love","41","7","7","","451,473","6,596,611"
"Kaaris - Illimité","12","","14","","1,273,415","6,596,508"
"El Profesor - Bella ciao - HUGEL Remix","13","","13","","793,334","6,586,320"
"Ziak - Shonen","11","1","10","","1,525,929","6,583,501"
"The Chainsmokers - All We Know","22","","25","","335,997","6,577,006"
"Lomepal - Plus de larmes","15","1","9","","1,202,247","6,572,419"
"Kaaris - Débrouillard","14","","19","","905,800","6,564,968"
"Bruno Mars - That's What I Like","27","","37","","403,124","6,564,951"
"The Chainsmokers - Roses","37","","21","","298,469","6,562,729"
"Drake - Laugh Now Cry Later","15","","64","","572,360","6,561,855"
"Vegedream - Marchand de sable Part. 4 (Du SAal)","26","","80","","347,877","6,559,790"
"benny blanco - Eastside","22","","62","","487,253","6,555,543"
"Nekfeu - Réalité augmentée","20","3","4","","1,074,914","6,547,747"
"Angèle - La loi de Murphy","20","","38","","658,412","6,529,123"
"Orelsan - Quand est-ce que ça s'arrête","16","","12","","1,622,936","6,515,109"
"Rim'K - Rose rouge","15","","41","","725,938","6,513,455"
"Kalash Criminel - But en or","12","","16","","1,084,926","6,510,924"
"Gavin James - Always","18","","85","","427,874","6,503,579"
"Saïf - Medusa","14","","137","","531,648","6,491,582"
"Leto - Tout gâché","9","","41","","1,087,157","6,486,310"
"Joel Adams - Please Don't Go","36","","46","","308,572","6,482,887"
"Gradur - D'or et de platine","23","1","10","","595,304","6,480,609"
"La Chine - NONCHALANT 3","10","","44","","845,443","6,470,223"
"Rihanna - FourFiveSeconds","58","3","1","(x3)","316,379","6,470,015"
"Bad Bunny - VOY A LLeVARTE PA PR","10","","43","","897,069","6,459,110"
"Doja Cat - Need To Know","15","","42","","664,832","6,452,055"
"Fetty Wap - Trap Queen","45","5","9","","252,549","6,440,925"
"Sofiane - Toka","23","","16","","542,742","6,439,502"
"Ninho - Chino","15","2","7","","1,195,669","6,432,278"
"Charlie Puth - How Long","20","","52","","397,628","6,430,625"
"PLK - Mignon tout plein","11","","27","","1,213,041","6,424,005"
"R3HAB - Believe (Shooting Stars)","14","","125","","521,166","6,417,978"
"Rita Ora - Let You Love Me","20","","56","","474,876","6,415,273"
"Fantomel - Dame Un Grrr","10","","51","","806,624","6,414,870"
"Kanye West - I Love It (& Lil Pump)","13","","21","","794,577","6,413,195"
"Ninho - Roro","28","","15","","870,652","6,404,469"
"Eminem - Godzilla","16","","45","","808,367","6,397,390"
"Rim'K - Papel","15","","65","","531,957","6,392,898"
"GIMS - Tu ne le vois pas","18","","26","","518,725","6,392,754"
"Theodora - MON BÉBÉ","13","","131","","538,919","6,389,859"
"SCH - Cannelloni","6","","16","","1,670,902","6,389,763"
"Josman - Brûle","11","1","7","","1,386,995","6,386,297"
"Sofía Reyes - 1, 2, 3","14","","76","","536,677","6,381,990"
"Harry Styles - Adore You","19","","70","","534,419","6,376,243"
"Maes - Prioritaire","13","","42","","798,905","6,375,160"
"Jul - Assassinat","12","","12","","1,219,420","6,374,263"
"DA Uzi - Le dire","16","","33","","824,696","6,373,878"
"Diplo - Boom Bye Bye","12","","24","","764,358","6,368,629"
"The Weeknd - The Hills","49","","21","","209,727","6,366,825"
"Koba LaD - Oyé","12","1","10","","1,174,609","6,361,035"
"Kyo - Dernière danse","14","","64","","617,589","6,360,556"
"Mister V - Space Jam","18","1","4","","982,933","6,358,609"
"Rilès - Brothers","30","","42","","400,915","6,349,468"
"Djadja & Dinaz - Maléfique","24","","27","","422,290","6,336,511"
"Kaza - J’aimerais tellement","17","","64","","477,187","6,331,740"
"Zara Larsson - Never Forget You","43","","28","","272,030","6,328,728"
"Kamelon Officiel - La Belette","10","","49","","873,941","6,324,332"
"Sia - The Greatest","18","1","7","","566,550","6,317,980"
"Jul - Il pleut des balles","10","","34","","1,158,869","6,293,530"
"Ninho - Zéro paluche","11","","18","","1,991,629","6,293,434"
"Soprano - En feu","38","","49","","268,011","6,292,379"
"Maes - Police","8","","13","","2,237,943","6,290,184"
"JSX - POMPEII","11","1","9","","1,218,798","6,279,837"
"Gunna - fukumean","14","","98","","514,670","6,274,284"
"Alonzo - Assurance vie","16","","39","","596,042","6,268,339"
"Joji - Glimpse of Us","13","","50","","693,209","6,266,215"
"PNL - Bambina","28","","13","","643,523","6,263,327"
"DaBaby - BOP","16","","72","","515,381","6,257,010"
"Ed Sheeran - 2step","16","","107","","815,911","6,256,587"
"Lil Nas X - Panini","16","","73","","557,254","6,253,792"
"Nekfeu - Humanoïde","19","3","3","(x1)","1,159,463","6,252,082"
"Jeanne - Respire fort","12","","71","","732,351","6,251,657"
"Booba - Kayna","11","1","8","","1,519,676","6,249,842"
"Eminem - Lose Yourself","19","","111","","500,404","6,247,880"
"The Weeknd - Call Out My Name","15","","23","","726,923","6,245,734"
"Tiakola - Roro","15","","30","","861,446","6,239,308"
"Damso - Baltringue","13","1","6","","1,829,587","6,239,006"
"Timar - IA","13","","131","","511,756","6,235,571"
"Werenoi - Dans un verre","13","","103","","656,300","6,224,582"
"Ninho - NI","11","","17","","2,145,448","6,217,808"
"Mister V - Top album","22","1","5","","804,078","6,212,914"
"Francis Mercier - Premier Gaou - Nitefreak Remix","13","","92","","528,799","6,209,638"
"Black Eyed Peas - VIDA LOCA","15","","70","","572,526","6,201,965"
"Jul - Tokyo","12","","16","","1,247,479","6,194,314"
"Ninho - Gros vendeurs","10","1","9","","1,845,596","6,189,898"
"Lushe - MONTMARTRE","11","","47","","873,300","6,185,282"
"Ava Max - Million Dollar Baby","15","","91","","508,565","6,179,933"
"Sia - Never Give Up","19","","27","","433,649","6,176,285"
"Vitaa - Viens on essaie","13","","142","","537,249","6,157,365"
"Bigflo & Oli - Plus tard","17","","41","","530,562","6,153,871"
"Ninho - Centre commercial","9","1","8","","1,946,570","6,146,801"
"Franglish - Sans moi","14","","46","","698,666","6,144,028"
"Jul - Wesh alors","32","2","7","","340,378","6,142,681"
"Kygo - First Time","21","","34","","417,551","6,133,842"
"Naza - Souris verte","11","","32","","1,061,020","6,128,085"
"Kendji Girac - Pour oublier","19","","59","","446,247","6,128,019"
"Naps - Monica","13","","115","","519,073","6,124,664"
"Jason Derulo - Goodbye","18","","66","","437,139","6,114,484"
"Justin Timberlake - Say Something","19","","57","","408,849","6,113,930"
"PLK - Dans les clips","8","1","10","","1,710,158","6,113,652"
"Marwa Loud - Allez les gros","12","","38","","820,155","6,106,109"
"Hoshi - Ta marinière","26","","71","","307,828","6,105,460"
"Bazzi - Mine","20","","61","","410,884","6,100,992"
"Kavinsky - Nightcall","35","","17","","906,059","6,096,128"
"Damso - Ρ. DOSE","7","1","7","","2,045,525","6,090,433"
"Lilly Wood and The Prick - Prayer In C (Robin Schulz Radio Edit)","40","14","1","(x11)","317,677","6,083,452"
"Angèle - What You Want","9","","37","","908,113","6,080,567"
"Damso - D'JA ROULÉ","9","","12","","2,346,822","6,074,961"
"Hamza - Tu Me Donne Des Idées","14","","97","","500,875","6,067,861"
"Gradur - Rosa","33","2","6","","411,958","6,066,582"
"Moha La Squale - Santa Monica","16","","104","","438,888","6,060,137"
"Macklemore & Ryan Lewis - Thrift Shop","113","11","3","(x3)","122,167","6,054,743"
"Jax Jones - Breathe","17","","47","","425,697","6,051,178"
"13 Block - Vide","26","","67","","338,238","6,050,343"
"Claudio Capéo - Si j'avais su","13","","76","","574,398","6,045,999"
"SCH - Ça ira","10","2","8","","1,359,143","6,042,641"
"Werenoi - 6 étoiles","11","","94","","637,753","6,042,062"
"Lilly Wood and The Prick - Prayer In C (Robin Schulz Remix) [Radio Edit]","36","1","10","","489,802","6,032,137"
"Larry - Routine","16","","58","","551,570","6,029,939"
"Soprano - Dingue","17","","79","","475,199","6,029,518"
"Central Cee - Bolide Noir","9","","39","","979,481","6,026,206"
"Ninho - Toutes les couleurs","15","","15","","915,942","6,024,703"
"Hayce Lemsi - Havana","26","","78","","335,875","6,023,488"
"Booska-P - BOOYAKASHA","12","","87","","619,207","6,021,758"
"Freya Ridings - Castles","18","","90","","423,196","6,019,944"
"Kyo - Je cours","12","","91","","608,132","6,015,402"
"Zaho - Comme Caroline","8","","51","","857,193","6,012,605"
"Vegedream - La fuite - Vegedream X Dj Leska / Edit MIx","21","","65","","369,084","6,007,393"
"Alice Merton - No Roots","20","","44","","455,263","6,007,374"
"Jahyanai - Who Mad Again","17","","38","","496,097","6,004,034"
"Ofenbach - Love Me Now","15","","108","","470,610","5,999,983"
"MC Fioti - Bum Bum Tam Tam","17","","33","","471,757","5,999,851"
"Hi_Tack - Say Say Say (Waiting 4 U) - Steff da Campo & 71 Digits Radio Mix","14","","51","","560,587","5,996,369"
"Ninho - Freestyle LVL UP 3","7","1","9","","1,340,496","5,985,104"
"Unité - Unité","15","","87","","466,596","5,984,774"
"Sam Smith - Too Good At Goodbyes","16","","35","","525,019","5,984,161"
"Franglish - Bolingo","15","","122","","464,704","5,983,904"
"BlocBoy JB - Look Alive","22","","85","","337,511","5,983,521"
"Soprano - Mon Everest","30","","40","","377,949","5,982,684"
"OBOY - Louis V","10","","11","","1,149,230","5,973,618"
"Kaaris - Je suis gninnin, je suis bien","19","","20","","633,376","5,971,707"
"Ziak - Ca suffit","14","","38","","718,117","5,969,977"
"La Rvfleuze - CRYPTO","5","1","8","","1,783,893","5,949,343"
"Damso - Dix leurres","13","1","7","","1,751,947","5,946,329"
"Maes - A côté de moi","7","","12","","2,258,394","5,932,195"
"Martin Garrix - High On Life","18","","70","","459,624","5,931,376"
"Rim'K - Turbo","15","","68","","533,738","5,925,270"
"XXXTENTACION - changes","16","","26","","765,967","5,923,537"
"HUGEL - Jamaican (Bam Bam)","8","","37","","1,061,340","5,922,563"
"Gambi - Bonjour","10","","33","","880,007","5,920,214"
"Booba - GP","7","1","2","(x1)","2,686,420","5,915,883"
"Casseurs Flowters - À l’heure où je me couche","40","1","9","","316,075","5,914,857"
"John Legend - Love Me Now","23","","34","","384,688","5,910,188"
"Damso - Fais-moi un Vie","14","1","7","","914,742","5,908,698"
"Damso - TieksVie","15","","17","","657,923","5,906,227"
"David Guetta - Dangerous","45","18","1","(x5)","320,831","5,901,241"
"Alan Walker - Alone, Pt. II","12","","54","","631,309","5,897,980"
"Jul - Salvatrucha","12","","13","","1,393,648","5,897,206"
"Damso - Φ. THEVIE RADIO","8","1","9","","1,807,563","5,890,769"
"Gabry Ponte - Exotica","12","","146","","533,579","5,889,370"
"HOUZ - Margiela","12","","128","","548,914","5,885,420"
"Larry - Sirène","17","","71","","507,706","5,883,957"
"Guy2Bezbar - Full black","16","","95","","525,518","5,876,390"
"Julien Doré - Nous","18","","84","","436,410","5,874,828"
"S-Crew - J’aurais pas dû","36","","27","","351,374","5,874,328"
"Macklemore - Good Old Days","25","","89","","291,005","5,872,054"
"Barth - Code","8","","44","","962,110","5,871,178"
"Feder - Breathe","17","","40","","470,634","5,870,949"
"Timal - RR Phantom","8","","48","","994,854","5,869,150"
"Feder - Goodbye","46","","11","","228,289","5,866,631"
"Jul - Pow pow","18","","53","","620,536","5,865,691"
"Meryl - Instructions","10","","58","","821,607","5,859,833"
"Orelsan - Ensemble","8","","14","","2,119,480","5,858,045"
"Miley Cyrus - Prisoner","15","","72","","523,787","5,855,510"
"Maes - Avenue Montaigne","17","","17","","730,895","5,853,281"
"Tesher - Jalebi Baby (Tesher x Jason Derulo)","11","","55","","610,264","5,850,829"
"Eva - Alibi","15","","58","","559,509","5,842,151"
"Redbone - Come and Get Your Love - Single Edit","18","","57","","455,894","5,837,184"
"Orelsan - Bébéboa","7","","11","","2,266,422","5,836,509"
"miki - particule","11","","96","","590,727","5,820,051"
"Nekfeu - De mon mieux","9","","16","","2,077,466","5,812,817"
"Calvin Harris - By Your Side","15","","60","","573,220","5,805,938"
"Hatik - éternel","20","","128","","334,671","5,794,548"
"Billie Eilish - Therefore I Am","13","","36","","729,900","5,794,370"
"YG Pablo - AVM","16","","63","","528,197","5,784,170"
"Linkin Park - In the End","13","","58","","555,084","5,782,426"
"Eddy de Pretto - Kid","27","","127","","284,975","5,776,022"
"Eva - Jazz","14","","45","","693,936","5,771,853"
"MHD - Afro Trap Pt. 5 (Ngatie Abedi)","35","","22","","303,453","5,769,195"
"Dadju - TPB","11","1","9","","1,230,336","5,762,250"
"The Weeknd - São Paulo","9","","17","","1,274,579","5,756,937"
"Niska - Amour X","18","","17","","1,020,693","5,756,206"
"Liam Payne - For You (Fifty Shades Freed) (& Rita Ora)","17","","39","","470,341","5,746,717"
"CKay - love nwantiti","13","","62","","555,275","5,746,166"
"Aya Nakamura - Préféré","11","1","7","","1,467,931","5,739,529"
"Central Cee - Obsessed With You","15","","72","","541,861","5,734,636"
"Koba LaD - Encore","10","1","6","","1,457,622","5,734,072"
"Fréro Delavega - Le chant des sirènes","49","","19","","240,211","5,724,382"
"Rudimental - Lay It All on Me","36","","29","","213,960","5,724,229"
"Damso - ROSE MARTHE'S LOVE","8","","13","","2,157,202","5,718,813"
"Benab - RS3","15","","92","","468,383","5,711,306"
"Martin Garrix - So Far Away","18","","44","","431,156","5,708,154"
"Koba LaD - Four","11","","14","","935,362","5,705,774"
"Maes - La Pègre","9","1","7","","1,520,813","5,701,159"
"DA Uzi - Jeune d'en bas","14","","34","","800,736","5,698,796"
"YL - Sicario","23","","21","","601,779","5,694,476"
"GIMS - BELLE","14","","56","","622,072","5,692,635"
"Alonzo - Feu d'artifice","27","","53","","333,097","5,692,555"
"Koba LaD - R44","14","","17","","937,687","5,687,195"
"Nekfeu - Nique les clones, Pt. II","51","2","7","","295,763","5,671,704"
"Heuss L'enfoiré - Benda","11","","17","","938,995","5,670,594"
"Bosh - Solitaire","15","","59","","562,063","5,666,659"
"Maes - Etoile","8","","17","","1,940,186","5,664,760"
"Carbozo - Carbozo 2.0 - Extrait du projet Carbozo 2020","8","1","10","","1,512,632","5,664,090"
"menace Santana - Vengeance !","11","","60","","667,733","5,656,575"
"Khalid - Love Lies","17","","46","","437,867","5,656,292"
"La Fouine - Seleção","11","","134","","569,703","5,654,232"
"Bello&Dallas - Pilon Gras","10","","43","","906,674","5,649,213"
"Amir - Longtemps","18","","89","","364,579","5,648,429"
"Olivia Dean - So Easy (To Fall In Love)","12","","129","","518,409","5,648,393"
"StaySolidRocky - Party Girl","14","","69","","516,928","5,647,632"
"Marina Kaye - Homeless","45","3","7","","250,410","5,641,284"
"Doks - Polia","19","","90","","352,937","5,629,308"
"Lacrim - La dolce vita","24","","12","","625,420","5,623,858"
"Lady Gaga - Stupid Love","15","","65","","566,638","5,611,438"
"Ofenbach - 4U","12","","87","","536,226","5,604,634"
"Bigflo & Oli - J'étais pas là","11","","36","","824,665","5,604,273"
"Passenger - Let Her Go","114","9","6","","94,183","5,601,328"
"Laeti - Rider toute la night","16","","119","","405,675","5,596,843"
"Faouzia - Minefields","12","","65","","548,882","5,596,464"
"Orelsan - Bonne meuf","13","","14","","1,559,941","5,592,524"
"Kendji Girac - Andalouse","58","12","4","","194,027","5,584,009"
"Jul - Entraînement","8","1","8","","1,401,715","5,577,934"
"Bad Bunny - EoO","9","","30","","1,054,470","5,571,196"
"4Keus - Mignon garçon","21","","86","","337,938","5,562,768"
"Hamza - Au Bout De La Nuit","8","","11","","1,777,516","5,562,687"
"Ninho - La vie de Johnny","7","1","4","","1,897,677","5,554,974"
"SDM - ALVALM","6","","17","","1,587,673","5,549,162"
"Calvin Harris - Summer","62","18","3","(x1)","199,956","5,546,313"
"Timal - Cavaler","13","","25","","861,189","5,541,404"
"Lacrim - Jon Snow","11","1","3","(x1)","1,210,904","5,538,510"
"Sean Paul - Calling On Me","14","","66","","548,971","5,537,419"
"Kaaris - G.O.K.O.U","13","","16","","913,882","5,537,137"
"Maes - Mardi gras","17","","118","","404,865","5,533,193"
"Damso - JCVDEMS","6","","12","","2,033,805","5,531,066"
"Merveille - Ghetto","10","","58","","763,170","5,530,799"
"Bosh - Business","15","","58","","557,284","5,529,753"
"Lil Tjay - Calling My Phone","14","","81","","470,844","5,529,240"
"Black Eyed Peas - Rock That Body","10","","86","","680,513","5,528,361"
"PNL - Oh lala","57","","48","","155,661","5,525,942"
"Leto - Pineapple","3","2","3","(x1)","2,282,125","5,523,671"
"Sadek - En leuleu","20","","42","","427,928","5,523,097"
"SCH - Grand bain","7","1","6","","2,537,664","5,521,131"
"Michael Jackson - Billie Jean","11","","19","","1,345,098","5,519,428"
"13 Block - Mood","10","","99","","639,688","5,519,033"
"Jul - Elle et l'autre","24","","37","","381,778","5,518,022"
"David Guetta - Dirty Sexy Money","20","","66","","342,389","5,512,794"
"Jeck - La recette","10","","94","","626,009","5,508,763"
"Damso - Λ. Lové","21","","12","","799,482","5,507,512"
"SCH - La pluie","6","","17","","1,693,641","5,506,255"
"Jain - Makeba","49","","73","","253,364","5,502,148"
"Kygo - Carry On (from the Original Motion Picture ""POKÉMON Detective Pikachu"")","14","","62","","539,141","5,500,326"
"Leto - SENTIMENTS BILLETS DE 100","10","","58","","761,307","5,499,260"
"James Hype - Ferrari","10","","42","","706,677","5,498,172"
"Martin Solveig - Places","23","","41","","363,674","5,496,829"
"Ziak - Pistol & Zamal","9","","30","","857,911","5,494,671"
"Doja Cat - Boss Bitch","14","","61","","504,780","5,486,972"
"Melanie Martinez - Play Date","15","","91","","466,588","5,483,415"
"Macklemore & Ryan Lewis - Can't Hold Us","91","17","2","(x1)","126,156","5,483,287"
"Niska - Snapchat","13","1","9","","1,211,527","5,482,780"
"Naïka - ONE TRACK MIND","9","","68","","751,033","5,481,971"
"L'Algérino - Les menottes (Tching Tchang Tchong)","23","","55","","294,778","5,476,242"
"Enrique Iglesias - Tamo Bien","11","","109","","557,146","5,469,028"
"Dinor rdt - Massa","15","","47","","610,627","5,464,485"
"Danny Ocean - Me Rehúso","23","","45","","333,339","5,459,231"
"Doums - Stars","14","","53","","629,277","5,451,829"
"Djadja & Dinaz - C'est la même","30","","30","","427,808","5,450,235"
"Koba LaD - Moments durs","9","1","4","","1,532,822","5,449,447"
"Tayc - Carry Me","9","","57","","708,673","5,448,279"
"Dj Sad - Il est marié","12","","135","","493,020","5,447,059"
"Orelsan - Civilisation","7","","13","","2,122,792","5,445,335"
"Lomepal - Regarde-moi","14","","28","","867,240","5,444,695"
"Post Malone - Wow.","16","","72","","393,426","5,442,019"
"Chico Rose - Somebody's Watching Me","12","","76","","541,254","5,437,507"
"Larry - Question réponse","10","","47","","866,543","5,435,671"
"GIMS - MAINTENANT","14","","118","","440,737","5,434,524"
"Madonna - Frozen","12","","70","","524,668","5,433,397"
"Tayc - Sans effet","11","","19","","938,478","5,429,461"
"Kekra - Vréalité","14","","34","","901,419","5,415,399"
"Djadja & Dinaz - Drôle de mentalité","12","","23","","1,340,792","5,412,451"
"Damso - Introduction (Damso / Lithopédion)","13","1","10","","1,673,340","5,408,757"
"Maes - J'voulais","13","1","6","","1,098,524","5,404,520"
"Kalash - JTC","11","1","8","","1,173,931","5,403,319"
"Naza - P*Tain de m*Rde","16","","40","","558,199","5,403,099"
"Louane - Les étoiles","11","","96","","550,918","5,394,876"
"PinkPantheress - Boy's a liar Pt. 2","11","","90","","577,027","5,391,399"
"David Guetta - Let's Love","15","","90","","460,943","5,382,650"
"Zola - Extasy","14","","31","","1,150,508","5,378,213"
"Djadja & Dinaz - Aïcha","9","","52","","758,756","5,377,997"
"Bolémvn - On y va","10","","94","","644,770","5,376,773"
"Soprano - Zoum","19","","92","","364,363","5,369,704"
"Demi Lovato - Sorry Not Sorry","19","","50","","325,159","5,367,048"
"Niska - 140G","11","","15","","1,285,042","5,360,734"
"Sound Of Legend - You Keep Me Hangin' On","11","","96","","570,233","5,359,331"
"Youka - Hm Hm hm","11","","146","","542,141","5,350,288"
"One Direction - Drag Me Down","27","5","3","(x1)","413,636","5,341,136"
"13 Organisé - 13 balles","7","1","4","","1,761,942","5,336,263"
"Ninho - 5 bleus","6","","21","","1,208,943","5,335,244"
"GIMS - Malheur, malheur","16","","113","","412,993","5,334,321"
"Hoshi - Puis t'as dansé avec moi","11","","103","","535,850","5,329,485"
"Jul - On m'appelle l'ovni","22","","32","","420,812","5,327,612"
"Jul - Comme d'hab","30","1","9","","319,498","5,320,173"
"Koba LaD - Tue ça","14","","41","","751,614","5,318,216"
"Vald - Gris","16","2","4","","1,046,241","5,314,455"
"Alan Walker - All Falls Down","16","","52","","416,723","5,313,254"
"Heuss L'enfoiré - George moula","10","","11","","1,084,460","5,311,672"
"K-Rosif - La piraterie","8","","42","","924,177","5,309,557"
"Black M - Sur ma route","66","11","1","(x2)","248,625","5,306,576"
"Jessie J - Bang Bang","60","","11","","148,440","5,306,112"
"Aya Nakamura - SMS","10","","36","","876,354","5,296,957"
"Lartiste - PELIGROSA","16","","86","","396,993","5,294,391"
"Kaaris - Apocalypse","10","1","3","(x1)","1,591,876","5,293,147"
"Jack Harlow - First Class","11","","48","","660,346","5,291,041"
"Silentó - Watch Me (Whip / Nae Nae)","32","2","10","","307,672","5,279,996"
"IVANN - La surprise - Afro Tropical","14","","60","","539,381","5,276,481"
"Ed Sheeran - 2step","12","","86","","484,171","5,272,679"
"Lyna Mahyem - Mal de toi","11","","40","","642,998","5,270,995"
"Bilal Hassani - Roi","13","","31","","639,056","5,270,340"
"Leto - Paris c'est magique","12","","42","","771,642","5,269,341"
"Justin Bieber - Mistletoe","9","","49","","937,877","5,265,983"
"Tayc - Moi, je prouve.","17","","64","","551,820","5,263,052"
"Sofiane - American Airlines","10","","14","","1,104,763","5,260,222"
"Nio Garcia - Te Boté - Remix","20","","79","","321,704","5,255,139"
"Damso - Τ. CHIALER","6","1","8","","1,893,747","5,254,926"
"Kaaris - Poussière","21","","20","","409,302","5,254,156"
"WALK THE MOON - Shut Up and Dance","62","","21","","198,901","5,249,917"
"Amir - Ce soir","16","","156","","373,711","5,244,594"
"Chico Rose - Sad","11","","65","","556,954","5,243,155"
"Ana Mena - Madrid City","11","","104","","574,427","5,243,124"
"Nej - Ma muse","11","","79","","576,026","5,241,923"
"Nekfeu - Avant tu riais","17","2","6","","980,630","5,239,836"
"Major Lazer - Titans","15","","100","","404,026","5,229,110"
"Marwa Loud - Qu'est ce que t'as ?","17","","22","","534,921","5,222,648"
"Kaaris - NRV","8","1","9","","1,293,122","5,219,477"
"Damso - Même issue","12","1","8","","1,721,904","5,216,932"
"Vald - Dernier retrait","7","1","5","","1,877,574","5,215,678"
"Bigflo & Oli - Alors alors","24","","55","","343,012","5,209,533"
"Still Fresh - Elle m'a dit","20","","91","","328,670","5,206,288"
"Hös Copperfield - Ma guapa","14","","36","","663,927","5,206,260"
"The Strumbellas - Spirits","40","","54","","290,942","5,204,682"
"Damso - Œveillé","8","1","7","","2,046,164","5,199,740"
"Ninho - Le jeu","7","1","10","","1,841,441","5,197,662"
"SCH - Zone à danger","7","1","8","","2,369,000","5,196,554"
"CKay - love nwantiti","11","","33","","816,810","5,194,183"
"Fifth Harmony - Worth It","42","5","7","","263,093","5,192,960"
"Vald - Gotaga","9","1","6","","1,410,110","5,187,519"
"Lomepal - Beau la folie","12","","12","","1,045,998","5,184,305"
"Soso Maness - Les derniers marioles","9","","18","","1,095,079","5,180,773"
"Loud Luxury - Body","19","","81","","405,513","5,175,805"
"Alex Sensation - After Party","12","","73","","526,758","5,173,461"
"Jul - Coco","9","","24","","1,047,693","5,173,087"
"L2B - Tendance","10","","80","","649,519","5,171,030"
"Coldplay - Adventure Of A Lifetime","30","3","6","","343,111","5,169,886"
"UZI - Coeur abîmé","12","","30","","741,649","5,169,105"
"Un jour de paix - Gaza","6","1","5","","2,052,885","5,169,092"
"Timal - Maria","19","","61","","355,142","5,164,959"
"Many Santana - Beldia (T'es bete ou quoi ?)","14","","81","","518,190","5,163,954"
"Vianney - Comment on fait","10","","55","","631,583","5,158,248"
"OneRepublic - Wherever I Go","32","","67","","254,557","5,148,137"
"Bebe Rexha - I Got You","23","","64","","266,971","5,142,982"
"Vald - Ce monde est cruel","11","","11","","1,399,573","5,136,116"
"Nekfeu - Compte les hommes","7","","14","","2,113,043","5,136,060"
"Timal - Caméléon","10","","23","","979,865","5,131,953"
"Robin Schulz - World Gone Wild","11","","113","","541,715","5,129,152"
"MHD - Full","9","","61","","772,981","5,125,085"
"Jul - Ma Casio","12","","63","","705,186","5,121,473"
"Orelsan - Manifeste","6","","12","","2,225,344","5,116,918"
"Victony - Soweto","11","","118","","535,491","5,115,229"
"PNL - Comme pas deux","14","","34","","796,698","5,113,696"
"Ninho - 3 MAI 2025","8","","26","","1,129,505","5,110,988"
"Jérémy Frerot - Un homme","14","","86","","427,249","5,108,783"
"No Limit - BOSS","6","","18","","1,471,848","5,104,540"
"Bouss - Masterclass","10","","94","","629,058","5,103,583"
"Gazo - POP","8","","45","","1,040,724","5,103,505"
"BB Brunes - Dis-moi","12","","154","","456,493","5,099,427"
"Rema - Charm","12","","111","","457,233","5,095,118"
"Sia - The Greatest","11","6","4","","535,050","5,094,073"
"Ninho - Blue story","6","1","2","(x1)","2,031,373","5,092,403"
"Bouss - Mon amour","10","","111","","568,981","5,090,599"
"Ariana Grande - Problem","58","14","5","","188,259","5,085,998"
"Jax Jones - All Day And Night - Jax Jones & Martin Solveig Present Europa","13","","75","","470,150","5,081,644"
"Benab - RS4","14","","54","","605,774","5,076,782"
"RK - #DansLeTierquar (Nantes)","10","","15","","881,644","5,075,961"
"Richy Mitch & The Coal Miners - Evergreen","12","","151","","455,474","5,074,214"
"Benab - Mon poto","16","","136","","432,729","5,069,913"
"Ninho - En chien","7","","15","","1,766,389","5,069,190"
"Eva - Chelou","12","","78","","527,238","5,068,401"
"DTF - 100 rêves","26","","67","","315,315","5,067,168"
"Maroon 5 - Maps","60","5","4","","170,747","5,064,223"
"Flo Rida - GDFR","42","6","7","","255,240","5,063,193"
"Booba - Ultra","6","1","3","(x1)","2,411,322","5,055,644"
"Niska - Moula","7","1","8","","1,901,460","5,053,210"
"Justin Bieber - Friends","17","","39","","379,774","5,052,366"
"Damso - Festival de rêves","12","1","9","","1,713,741","5,050,261"
"SCH - Corrida","7","","13","","2,190,525","5,047,797"
"Damso - Magic","5","","15","","1,824,844","5,045,236"
"Yseult - Corps","15","","113","","531,775","5,044,774"
"Stromae - Papaoutai","82","32","1","(x7)","146,895","5,037,120"
"R3HAB - Flames","12","","82","","520,402","5,036,402"
"Booba - Centurion","11","1","7","","1,583,193","5,034,910"
"Marwa Loud - Mehdi","25","","53","","370,333","5,034,883"
"N'seven7 - OTT #1","15","","77","","470,278","5,034,644"
"Disclosure - You & Me - Flume Remix","71","4","5","","135,098","5,025,286"
"21 Savage - Bank Account","26","","120","","242,523","5,018,773"
"Niska - Jota","11","","14","","1,295,758","5,011,184"
"Niska - La zone est minée","7","1","10","","1,825,972","5,006,619"
"Kendji Girac - No Me Mires Más","40","","27","","257,843","5,005,185"
"Bosh - Trixma","10","","47","","773,789","5,002,682"
"Indochine - L'aventurier","13","","98","","524,890","4,999,890"
"Naza - Quillé","7","","40","","1,091,200","4,998,884"
"Jul - Fait d'or","9","","43","","830,831","4,990,518"
"Orelsan - Soleil levant","5","1","4","","1,867,309","4,985,441"
"PNL - Mira","22","1","5","","794,389","4,983,375"
"SCH - Parano","6","1","9","","2,335,620","4,982,855"
"Vitaa - Ça les dérange","29","","33","","306,335","4,982,255"
"Booba - Ça va aller","11","1","10","","1,431,586","4,980,646"
"SCH - Comme si","15","1","5","","687,549","4,978,658"
"Niska - Tous les couler","7","1","9","","1,833,646","4,977,770"
"Maes - Les gens disent","6","","14","","2,181,087","4,971,205"
"Booba - 6G","5","","14","","1,661,974","4,970,885"
"Chappell Roan - Pink Pony Club","11","","161","","479,163","4,958,543"
"Saja Boys - Your Idol","11","","148","","483,496","4,957,934"
"Jul - BB","10","","91","","606,266","4,950,444"
"GIMS - SENTIMENTAL","10","","111","","574,787","4,947,215"
"4.4.2 - Mal à la tête","13","","68","","541,003","4,943,968"
"Djadja & Dinaz - Bomba","12","","32","","952,741","4,938,679"
"Kendrick Lamar - luther","8","","52","","871,151","4,935,649"
"Landy - Vitesse","13","","60","","461,624","4,935,069"
"Ariana Grande - 34+35","15","","72","","461,918","4,933,833"
"Eva - Mood","17","","59","","443,348","4,930,248"
"SDM - JEUX D'ECHECS","5","","14","","1,702,861","4,929,215"
"Kaza - Combien","14","","77","","553,931","4,926,145"
"JENNIE - like JENNIE","9","","63","","691,356","4,911,589"
"GIMS - Zombie","28","10","6","","536,182","4,907,242"
"Dosseh - PDCV (Pas dans cette vie)","23","","80","","259,110","4,906,152"
"Faul & Wad - Changes","83","","13","","108,998","4,902,825"
"BU$HI - Obito","12","","61","","586,263","4,901,480"
"Djadja & Dinaz - Essayez","13","","45","","822,804","4,896,064"
"CNCO - Hey DJ - Remix","13","","68","","463,421","4,894,627"
"Eminem - Without Me","14","","103","","505,746","4,893,330"
"Kaza - HRTBRK #6","8","","27","","954,701","4,887,627"
"Kungs - Be Right Here","17","","73","","352,694","4,887,191"
"Freeze corleone - Desiigner","11","","28","","1,019,913","4,887,070"
"SCH - Fournaise","6","1","7","","2,417,566","4,884,720"
"Booba - Bouyon","10","1","8","","1,491,043","4,870,735"
"Freeze corleone - Amérique du sud","6","","16","","1,444,064","4,862,831"
"Ariana Grande - Into You","24","","30","","300,417","4,860,669"
"The Chainsmokers - Takeaway","11","","73","","562,782","4,858,265"
"Aya Nakamura - Chimiyé","9","","85","","627,330","4,854,845"
"John Lennon - Happy Xmas (War Is Over) - Remastered 2010","7","","37","","1,108,598","4,852,515"
"Kungs - Don't You Know","21","","21","","382,109","4,852,342"
"Niska - Hasta Luego","7","","13","","1,742,715","4,852,298"
"PLK - 10 minutes","6","1","6","","1,500,908","4,847,076"
"Kaaris - Nador","19","","16","","431,997","4,844,848"
"Ninho - Mauvais Djo","7","","13","","1,799,567","4,840,728"
"Drake - Jumpman","54","","64","","141,640","4,839,996"
"Lacrim - Veux-tu ?","14","1","3","(x1)","1,093,073","4,838,595"
"Kalash Criminel - Je ne comprends pas","21","","57","","339,135","4,836,035"
"PNL - Tu sais pas","22","1","6","","760,589","4,833,254"
"Katy Perry - Dark Horse","67","12","2","(x4)","152,684","4,831,740"
"Naps - À part ça","26","","75","","243,245","4,831,260"
"YouNotUs - Narcotic","16","","128","","362,628","4,830,273"
"Booba - À la folie","13","","13","","1,266,271","4,830,202"
"Dadju - Ma fierté","19","","29","","568,951","4,829,002"
"Marshmello - Here With Me","13","","47","","544,164","4,827,257"
"Kendji Girac - Evidemment","14","","104","","391,537","4,825,983"
"Djadja & Dinaz - Khemem","11","","45","","783,813","4,825,202"
"Dua Lipa - These Walls","11","","136","","492,967","4,824,314"
"Pitbull - Timber","78","19","2","(x2)","142,559","4,816,807"
"Jason Derulo - Coño","9","","57","","643,082","4,815,475"
"Tiakola - Étincelle - Maradona","11","","38","","710,854","4,814,093"
"Drenchill - Never Never","12","","60","","537,372","4,809,877"
"Lacrim - Jacques Chirac","8","","21","","981,874","4,804,470"
"Ninho - Comme prévu","12","1","9","","1,147,103","4,803,367"
"Niska - Vrai","7","","12","","1,757,858","4,803,168"
"MoBlack - Yamore","8","","69","","733,385","4,802,082"
"Koba LaD - Ca ira mieux demain","11","","17","","992,049","4,799,788"
"Siboy - Cagoulé","18","","100","","299,111","4,798,283"
"Ninho - Lové","12","1","10","","1,047,359","4,776,370"
"Damso - Ψ. PASSION","6","1","10","","1,783,986","4,776,278"
"Orelsan - La lumière","11","","15","","1,478,119","4,775,515"
"Booba - Daniel Sam","20","","23","","417,838","4,774,516"
"Ellie Goulding - On My Mind","27","","17","","268,833","4,769,087"
"Saint Motel - My Type","78","","54","","106,522","4,766,642"
"Nat King Cole - The Christmas Song (Merry Christmas To You)","8","","50","","962,196","4,761,747"
"Soprano - Roule","25","","62","","276,650","4,758,954"
"Jul - Sensations","8","","33","","1,002,376","4,757,083"
"Niska - Ah bon ?","10","1","6","","1,286,682","4,754,644"
"Gradur - Sheguey 12","13","1","9","","773,535","4,754,266"
"GIMS - ONLY YOU","15","","106","","357,298","4,748,980"
"Claudio Capéo - Un homme debout","37","","72","","167,639","4,743,608"
"Djadja & Dinaz - Plein les poches","10","","21","","1,046,242","4,742,842"
"GLK - Chargé","13","","23","","673,502","4,742,586"
"Jul - Je vais t'oublier","16","","25","","711,121","4,737,660"
"DTF - Moi ça m'ira","15","","71","","423,295","4,734,738"
"Maes - Marco Polo","6","","16","","2,003,992","4,734,731"
"Tayc - Ride","11","","66","","524,507","4,731,368"
"Gradur - Congolaise","8","","52","","854,104","4,729,885"
"PLK - R.A.F","10","","39","","935,400","4,726,486"
"Zola - 7.65","13","","32","","1,107,972","4,722,231"
"Hamza - TOXIC","6","","23","","1,379,698","4,718,218"
"Nico & Vinz - Am I Wrong","56","10","7","","160,622","4,717,606"
"Drake - Controlla","29","","50","","216,184","4,717,303"
"Joel Corry - OUT OUT","11","","64","","523,132","4,716,659"
"Vegedream - Mama He","18","","74","","322,212","4,710,071"
"5 Seconds of Summer - Youngblood","14","","38","","512,263","4,708,971"
"Maes - Chromé","6","","18","","1,937,128","4,706,505"
"Jul - La pharmacie","9","1","8","","1,305,870","4,700,864"
"MEDUZA - Paradise","13","","90","","404,304","4,694,222"
"Rita Ora - Anywhere","18","","78","","316,488","4,691,611"
"Jul - Délicieuse","15","","32","","602,862","4,690,973"
"Hornet La Frappe - Dead ça","17","","29","","565,259","4,690,869"
"Leto - Nouveaux riches","9","","31","","931,916","4,686,516"
"KeBlack - Tchop","15","","77","","421,856","4,684,990"
"L2B - David Douillet","8","","54","","826,754","4,683,822"
"Franglish - Sécu","8","","28","","923,846","4,678,917"
"Sabrina Carpenter - Manchild","9","","67","","688,708","4,676,724"
"GIMS - APRÈS VOUS MADAME","9","","77","","595,882","4,674,365"
"Katy Perry - Bon Appétit","16","","30","","435,248","4,674,276"
"Nekfeu - Princesse","51","","38","","180,995","4,668,402"
"Kendji Girac - Dernier métro","15","","127","","381,913","4,661,671"
"Wejdene - 16","8","","13","","1,435,653","4,653,343"
"Heuss L'enfoiré - Matrixé","9","","29","","1,011,715","4,653,288"
"Damso - CHROME","5","","15","","1,465,498","4,644,929"
"Gabry Ponte - We Could Be Together","9","","61","","603,981","4,644,201"
"DJ Erise - Pourquoi tu forces","16","","47","","395,614","4,641,244"
"Avicii - Hey Brother","64","17","3","(x1)","437,348","4,640,165"
"Migos - Bad and Boujee","25","","65","","260,665","4,639,405"
"SDM - AFFRANCHIS","5","","24","","1,411,460","4,637,025"
"Meghan Trainor - All About That Bass","49","8","6","","175,767","4,631,944"
"Heuss L'enfoiré - Guccissima","9","","30","","924,038","4,631,086"
"Charles Aznavour - Emmenez-moi","10","","73","","545,777","4,628,550"
"Calvin Harris - Outside","44","6","6","","167,495","4,627,580"
"Selena Gomez - Good For You","37","","17","","244,133","4,624,572"
"Dynoro - Me Provocas","10","","74","","542,004","4,624,080"
"SCH - Stigmates","6","","27","","1,244,724","4,623,342"
"Niska - Versus","10","1","8","","1,229,660","4,619,156"
"Kaaris - Aieaieouille","9","","13","","1,058,194","4,617,527"
"Maroon 5 - Cold","17","","35","","399,294","4,614,884"
"J Balvin - Mi Gente","17","","58","","377,075","4,612,228"
"Camila Cabello - Never Be the Same","14","","28","","495,478","4,603,769"
"Sam Feldt - Crying On The Dancefloor","11","","104","","503,100","4,602,371"
"Shay - PMW","26","","43","","272,789","4,601,927"
"Vald - Iencli","12","","14","","1,031,169","4,599,801"
"Gregory Porter - Dry Bones","12","","95","","424,232","4,597,631"
"Damso - Η. Gova","17","1","10","","870,039","4,595,009"
"Nekfeu - Esquimaux","15","2","7","","886,581","4,583,377"
"SCH - MAC 11","22","","29","","479,488","4,580,265"
"Ninho - Bon qu’à ça","8","","20","","1,285,903","4,571,573"
"Zola - Baby Boy","10","","25","","1,325,150","4,568,116"
"SDM - PLUS RIEN","5","","18","","1,554,661","4,563,754"
"GIMS - Brisé - Pilule Bleue","26","6","6","","324,677","4,557,648"
"Daft Punk - Instant Crush","82","10","2","(x1)","333,935","4,555,322"
"Jul - La tête dans les nuages","17","","29","","621,399","4,553,721"
"Naps - Pochon bleu","23","","80","","236,170","4,552,642"
"Drake - Fake Love","25","","52","","243,215","4,551,987"
"RK - Qui je suis","10","1","9","","943,942","4,547,237"
"A R I Z O N A - Oceans Away","19","","47","","331,059","4,545,593"
"Ava Max - Torn","14","","113","","375,011","4,540,059"
"MisterWives - Our Own House","50","","13","","148,921","4,534,648"
"Charli xcx - Break the Rules","46","5","6","","192,724","4,533,762"
"LUM!X - The Passenger (LaLaLa)","14","","90","","441,059","4,528,821"
"Michael Bublé - Santa Claus Is Coming to Town","9","","31","","1,193,115","4,526,949"
"Bosh - Défilé","13","","74","","473,206","4,526,694"
"Tess - Love Gun","21","","76","","252,677","4,522,110"
"4Keus Gang - Midi dans le ghetto","17","","33","","535,034","4,519,205"
"Niska - La wewer","10","1","7","","1,260,183","4,519,049"
"Zkr - Les gentils bandits","11","","50","","727,229","4,514,991"
"GIMS - Tu vas me manquer - Pilule Bleue","33","","16","","309,577","4,510,061"
"Purple Disco Machine - Devil in Me","15","","54","","384,660","4,509,184"
"DJ Kayz - Com'dab","12","","94","","478,208","4,506,843"
"Alpha Wann - aaa","9","","11","","1,271,154","4,506,201"
"S.Pri Noir - Highlander","26","","122","","215,771","4,503,948"
"Orelsan - Dans ma ville, on traîne","10","","17","","1,418,218","4,503,098"
"Lacrim - Amori Stupidi","8","","83","","649,103","4,502,657"
"Jul - La recette","12","","93","","503,732","4,500,390"
"Indochine - 3SEX","11","","74","","471,002","4,499,402"
"Dadju - Comme si de rien n'était","16","","19","","617,109","4,492,694"
"Dadju - Back It Up","11","","124","","463,993","4,491,127"
"Ninho - Tu sais qu'on est gang","6","","19","","1,675,501","4,487,741"
"Pharrell Williams - Freedom","36","","20","","251,653","4,483,672"
"OMI - Hula Hoop","37","","23","","232,453","4,481,537"
"Lorenzo - Nous deux","11","","23","","843,236","4,481,499"
"Lomepal - Le vrai moi","11","","14","","1,030,883","4,476,486"
"Werenoi - Dispense","5","","19","","1,457,030","4,475,676"
"Gazo - 24/34","6","","11","","1,544,000","4,474,556"
"Marou Chenko - Nagasaki","7","","56","","780,400","4,472,276"
"Ed Sheeran - Perfect Duet (Ed Sheeran & Beyoncé)","12","","34","","476,305","4,468,748"
"Maes - Liquide rouge","9","","26","","822,851","4,462,443"
"Damso - CQFD","14","1","9","","842,587","4,460,104"
"Nekfeu - Koala mouillé","6","","19","","1,889,117","4,454,417"
"Freeze corleone - Kpop","5","","12","","1,605,036","4,451,188"
"Booba - Magnifique","10","","12","","1,318,894","4,450,233"
"Louis Tomlinson - Back to You","19","","52","","323,412","4,447,700"
"Lady Gaga - Disease","10","","113","","566,626","4,429,730"
"Naps - La Maxance","9","","29","","829,651","4,428,415"
"Koba LaD - Cramé","11","","32","","848,987","4,428,110"
"Lomepal - Flash","10","","23","","925,893","4,426,131"
"Angèle - Amour, Haine & Danger","10","","73","","542,554","4,418,528"
"We Are I.V - Da Blues","30","","41","","235,456","4,416,046"
"Christine and the Queens - Christine","70","","27","","119,266","4,415,240"
"Steve Aoki - Just Hold On","19","","48","","319,413","4,414,073"
"Metro Boomin - Am I Dreaming (Metro Boomin & A$AP Rocky, Roisee)","10","","91","","615,844","4,411,768"
"Todiefor - Signals","13","","83","","460,200","4,410,825"
"Bolémvn - Eh boy","13","","73","","413,904","4,410,567"
"Vegedream - Ma Go Sure","12","","67","","437,321","4,402,563"
"Pop Smoke - Mood Swings","13","","128","","366,581","4,399,231"
"Angèle - Nombreux","14","","44","","636,868","4,390,206"
"HUNTR/X - How It’s Done","10","","158","","472,483","4,389,320"
"Ronisia - 200 KM/H","10","","54","","712,353","4,388,924"
"GIMS - Ma beauté - Pilule Violette","25","","18","","399,109","4,382,370"
"George Ezra - Budapest","54","4","8","","169,618","4,382,188"
"Gambino La MG - Reste-là","12","","94","","437,181","4,381,044"
"GAZY MP - Batcha","9","","72","","648,250","4,380,290"
"Joé Dwèt Filé - Délire","6","","16","","1,179,042","4,377,234"
"Chiloo - Je m'en vais","10","","98","","499,026","4,374,264"
"Charli xcx - Guess featuring billie eilish","8","","58","","806,401","4,374,248"
"Sean Paul - Dynamite","11","","73","","578,192","4,374,148"
"RDN - A Deux","9","","135","","537,622","4,362,965"
"GIMS - YOLO","12","","73","","544,961","4,362,864"
"Synapson - All in You","40","","30","","228,223","4,362,649"
"Niska - Twerk dans l'binks","10","","13","","1,102,660","4,360,265"
"M. Pokora - Si on disait","10","","62","","480,910","4,359,794"
"Zola - Zolabeille","12","","38","","865,288","4,359,275"
"Jason Derulo - Wiggle","42","13","1","(x1)","239,626","4,355,388"
"Kaaris - Dozo","12","1","10","","840,919","4,352,235"
"Central Cee - BAND4BAND","8","","78","","780,082","4,351,250"
"Werenoi - Chemin de diamant","9","","67","","777,131","4,349,978"
"VIZE - Never Let Me Down","13","","112","","377,692","4,348,014"
"PNL - Humain","21","","12","","663,187","4,333,449"
"Tibz - Tout au bout du monde","15","","128","","316,792","4,329,968"
"Niska - Favélas","10","","14","","1,099,766","4,327,556"
"Louane - Avenir","43","","17","","211,365","4,326,357"
"Frank Sinatra - Let It Snow! Let It Snow! Let It Snow!","11","","65","","791,659","4,320,073"
"SCH - A7","31","","31","","196,198","4,314,713"
"Tiakola - 200K","6","","14","","1,445,953","4,304,705"
"Alok - Deep Down","8","","49","","644,212","4,298,531"
"Gazo - EUPHON","12","","83","","468,495","4,294,998"
"Migos - Walk It Talk It","16","","64","","364,277","4,294,565"
"Lynda - Si tu m'aimes 2","14","","102","","384,842","4,284,028"
"Shakira - Hips Don't Lie","9","","119","","536,689","4,280,310"
"Orelsan - Dernier verre","5","","17","","1,965,666","4,279,343"
"Hailee Steinfeld - Starving","25","","56","","225,283","4,274,286"
"HMZ - Choupetta","9","","29","","930,430","4,271,614"
"Ariana Grande - One Last Time","35","","14","","190,009","4,267,963"
"Sam Smith - How Do You Sleep?","12","","72","","484,736","4,259,540"
"Ariana Grande - Side To Side","25","","48","","310,604","4,259,291"
"XXXTENTACION - Fuck Love","18","","54","","528,446","4,258,392"
"La Mano 1.9 - SWAT","8","","73","","735,927","4,249,764"
"HMZ - Saison","5","","31","","1,274,862","4,246,833"
"Jul - Emotions","22","","23","","347,930","4,243,134"
"Tiësto - Don't Be Shy","12","","92","","453,186","4,239,651"
"Freeze corleone - Voldemort","5","","14","","1,469,156","4,238,566"
"Booba - Dernière fois","5","1","10","","2,095,908","4,238,063"
"Ninho - Jungle","5","","14","","1,569,070","4,237,858"
"Djadja & Dinaz - Croire","11","","160","","462,168","4,237,617"
"Jok'air - Quoi de neuf bébé","7","","30","","952,266","4,235,944"
"PLK - Bikini Bottom","8","","49","","864,519","4,235,185"
"Vacra - Totopika","8","","120","","590,536","4,234,241"
"Bekar - Magenta","11","","163","","427,619","4,231,675"
"Tyler, The Creator - Like Him","9","","106","","505,254","4,230,157"
"SCH - Assoces","5","","14","","2,180,608","4,229,282"
"SCH - Deux mille","5","1","10","","1,809,106","4,228,227"
"menace Santana - Fais un voeu !","9","","55","","738,220","4,226,065"
"Lacrim - Colisée","6","","54","","961,764","4,219,447"
"Aya Nakamura - Daddy","7","","13","","1,180,802","4,218,418"
"menace Santana - Boosk'Halloween","12","","114","","396,207","4,218,250"
"Pony Pony Run Run - Alright","25","","36","","226,990","4,214,350"
"Stromae - Formidable","58","32","1","(x6)","143,794","4,210,876"
"Bebe Rexha - I'm a Mess","12","","72","","406,175","4,203,921"
"Georgio - Quand tout s'enflamme","7","","33","","895,764","4,202,122"
"Jul - Baïla","9","","34","","817,229","4,198,635"
"HEDIA - Your Mind","16","","50","","356,097","4,196,644"
"Hamza - Atasanté Part.2","4","1","10","","1,931,725","4,195,488"
"13 Block - Tieks","8","","18","","996,859","4,190,677"
"SCH - Euro","5","","11","","2,207,208","4,190,294"
"Post Malone - Congratulations","26","","133","","208,571","4,188,375"
"Selena Gomez - Back To You","11","","32","","543,724","4,184,619"
"G-Eazy - Good Life","16","","51","","342,956","4,184,313"
"Ninho - Pavé","11","","11","","1,023,879","4,178,429"
"Hös Copperfield - Après la pluie","11","","83","","517,257","4,177,628"
"Ninho - Boîte auto","14","","32","","509,757","4,176,261"
"Kaaris - Octogone","8","","13","","976,175","4,173,299"
"Hornet La Frappe - Maison d’arrêt","10","","51","","646,855","4,171,228"
"Damso - POUR L'ARGENT","5","","14","","2,119,376","4,170,995"
"Damso - Ο. OG","5","","14","","1,562,775","4,164,553"
"Ariana Grande - God is a woman","11","","47","","496,453","4,163,780"
"Maluma - COCO LOCO","10","","106","","457,783","4,151,420"
"SCH - Dernière ligne droite","5","","13","","1,252,795","4,146,693"
"Jul - Ragnar","6","","25","","1,030,223","4,143,865"
"Nekfeu - Le regard des gens","15","1","9","","795,277","4,142,591"
"Mister You - La Costa","9","","35","","703,712","4,136,701"
"LISA - MONEY","9","","53","","635,273","4,136,260"
"Aya Nakamura - Pompom","10","1","8","","1,074,325","4,132,849"
"Dabs - Follow Back","12","","119","","393,286","4,132,745"
"Bigflo & Oli - Dernière","8","","88","","539,778","4,131,069"
"Sam Smith - Diamonds","13","","105","","378,471","4,125,905"
"Calvin Harris - Blessings","9","","129","","513,970","4,121,922"
"Justin Bieber - DAISIES","9","","121","","520,970","4,117,642"
"PLK - Les comptes","6","","15","","1,575,621","4,117,424"
"Lomiiel - HAY LUPITA","8","","102","","578,799","4,117,223"
"Ava Max - Weapons","10","","115","","494,672","4,106,142"
"Queen - Thank God It's Christmas - Non-Album Single","6","","42","","1,068,646","4,101,405"
"José Feliciano - Feliz Navidad","6","","52","","895,755","4,097,591"
"Lacrim - Judy Moncada","12","","15","","659,183","4,097,438"
"MadeInParis - Sex (Interlude)","10","","56","","626,838","4,096,878"
"SCH - Aluminium","5","","12","","2,199,438","4,096,209"
"PLK - Billet d'20","6","","13","","1,589,605","4,088,539"
"TK - Mon Crush a Moi","8","","123","","554,785","4,087,429"
"Lithe - Fall Back","8","","88","","661,139","4,083,098"
"Nekfeu - Ecrire","10","","24","","973,914","4,081,520"
"The Weeknd - Pray For Me","11","","29","","478,915","4,080,579"
"Jul - Asalto","9","","101","","593,003","4,077,974"
"Dadju - Christina","14","","68","","408,191","4,075,451"
"Jul - Miné sur Paname","6","","19","","1,292,044","4,073,208"
"Sound Of Legend - God Is A Girl","9","","55","","616,909","4,072,940"
"Hypaton - Be My Lover","10","","133","","462,277","4,071,660"
"Lefa - Potentiel","14","","35","","506,893","4,070,831"
"PLK - En mieux","5","","15","","1,420,818","4,069,741"
"Soprano - Cosmo","44","11","3","(x4)","212,857","4,066,711"
"SCH - Prequel","4","","14","","1,734,386","4,064,320"
"MC Fioti - Bum Bum Tam Tam","16","","55","","382,049","4,059,698"
"Jul - Comme d'hab","9","","124","","541,611","4,057,216"
"Tez Cadey - Seve","46","","96","","124,712","4,053,084"
"Damso - INTRO","5","","15","","2,032,068","4,052,375"
"Billie Eilish - bury a friend","12","","66","","445,347","4,047,936"
"OneRepublic - Rich Love","18","","51","","295,073","4,047,922"
"Kaaris - Château noir","7","1","6","","1,190,806","4,046,690"
"Jul - Beuh magique","9","","35","","744,736","4,046,133"
"Damso - Aux paradis","8","","11","","1,595,828","4,042,999"
"Arcane - The Line (from the series Arcane League of Legends)","7","","58","","897,453","4,042,406"
"BSF - On Va Taper ÇA","6","","40","","917,759","4,038,008"
"Niro - Fils 2","8","","36","","700,788","4,037,420"
"PLK - La nuit","5","","20","","1,295,464","4,037,012"
"Maroon 5 - Animals","41","11","5","","181,250","4,035,658"
"Nekfeu - Nekketsu","15","1","10","","789,919","4,033,923"
"PLK - EA7","5","","30","","1,121,751","4,029,311"
"Ninho - 44","11","","12","","944,130","4,021,745"
"S.Pri Noir - Skywalker","27","","125","","167,197","4,019,894"
"PLK - Waow","11","","24","","787,250","4,017,347"
"Justin Bieber - Beauty And A Beat","3","","11","","1,640,737","4,015,261"
"P!nk - All Out Of Fight","9","","119","","514,768","4,014,279"
"Hornet La Frappe - Double h","26","","105","","182,804","4,008,193"
"Céline Dion - J'irai où tu iras","8","","74","","610,438","4,004,988"
"Werenoi - C63","5","","38","","1,129,747","4,003,760"
"RIDSA - Là c'est die","26","","19","","301,042","4,003,685"
"Kalash - Rouge et bleu","29","","32","","248,541","4,001,352"
"Kore - Pas bien - Extrait de la BO de « En Passant Pécho »","8","","35","","694,962","3,987,914"
"Damso - Perplexe","9","","14","","1,465,997","3,983,165"
"Robin Thicke - Blurred Lines","77","23","1","(x2)","137,859","3,980,345"
"Booba - KOA","6","1","10","","1,349,488","3,972,781"
"Louane - On était beau","17","","68","","292,573","3,972,182"
"Booba - CAVALIERO","9","","41","","893,614","3,966,679"
"Eva - Kitoko","12","","96","","360,410","3,963,570"
"Jul - Ça sent bon","9","","17","","1,186,117","3,959,586"
"SCH - Bénéfice","10","","30","","680,036","3,951,839"
"Laylow - STUNTMEN","9","","18","","1,185,755","3,950,320"
"Booba - Vue sur la mer","4","1","6","","2,287,718","3,948,858"
"Moha K - Elle (pt.1)","10","","59","","521,107","3,946,711"
"La Mano 1.9 - Business Man","6","","67","","823,486","3,946,157"
"Vladimir Cauchemar - Elévation","10","","56","","736,131","3,944,212"
"Matt Simons - We Can Do Better","13","","78","","397,347","3,944,159"
"Sheck Wes - Mo Bamba","15","","123","","306,106","3,944,098"
"Heuss L'enfoiré - Canada","8","","27","","757,997","3,944,075"
"DJ Hamida - Ma bébé (Mi amor)","5","","19","","1,094,292","3,942,800"
"Nekfeu - Sous les nuages","10","","32","","912,318","3,941,877"
"GIMS - Soleil","4","","35","","1,047,367","3,941,072"
"Werenoi - Animal","5","","20","","1,463,769","3,939,751"
"Booba - RST","4","1","7","","2,257,716","3,939,056"
"Niska - Commando","20","","83","","235,293","3,931,602"
"DJ Khaled - No Brainer","9","","42","","535,516","3,929,862"
"Nekfeu - Reuf","48","","24","","186,258","3,927,326"
"13 Organisé - Je suis Marseille","7","","13","","1,257,818","3,921,132"
"Dosseh - Tout est neuf","13","","26","","517,696","3,921,052"
"Axwell /\ Ingrosso - Dreamer","13","","84","","344,243","3,920,164"
"PLK - 7/7","5","","11","","1,303,220","3,915,979"
"Nekfeu - Pixels","5","","21","","1,688,312","3,915,172"
"Rémy - Bella Ciao - Bonus track","11","","37","","488,299","3,908,921"
"Lana Del Rey - Summertime Sadness","11","","167","","379,410","3,893,908"
"Black Eyed Peas - I Gotta Feeling","10","","99","","575,311","3,887,227"
"TK - Stevez","10","","31","","839,742","3,885,615"
"Zola - Mojo","9","","27","","1,215,279","3,884,835"
"DJ Snake - Disco Maghreb","8","","74","","626,455","3,884,318"
"Soolking - Tiki Taka","7","","51","","843,953","3,874,276"
"Nekfeu - Egérie","38","","16","","392,502","3,870,442"
"TK - Dans La Gova","8","","123","","526,104","3,868,806"
"Benson Boone - Sorry I'm Here For Someone Else","7","","105","","611,114","3,866,917"
"Iggy Azalea - Fancy","45","6","6","","150,541","3,866,191"
"Luidji - Monde","9","","178","","448,307","3,858,793"
"JAŸ-Z - Ni**as In Paris","76","","93","","91,651","3,857,443"
"Soprano - Fresh Prince","41","7","6","","172,609","3,854,058"
"Nekfeu - 1er rôle","5","","22","","1,637,831","3,853,604"
"Soolking - Bye Bye","9","","64","","572,572","3,853,535"
"Larry - Block","6","","31","","830,484","3,853,340"
"Vald - Primitif","10","1","3","(x1)","1,127,411","3,851,879"
"Era Istrefi - Bonbon","20","","13","","362,002","3,848,150"
"Timal - La beu beu","8","","33","","745,846","3,841,919"
"Zola - Papel","9","","33","","907,228","3,836,070"
"Kids United - On écrit sur les murs","37","","52","","161,305","3,835,817"
"Booba - Bonne journée","4","1","8","","2,233,733","3,835,239"
"Echosmith - Cool Kids","49","","21","","128,713","3,834,759"
"Jul - Battitsu","7","","39","","936,818","3,831,144"
"DA Uzi - La vraie vie","12","","35","","539,596","3,824,825"
"Gambi - Tentation","5","","30","","1,220,756","3,822,879"
"Lomepal - Crystal","7","","22","","1,211,220","3,822,562"
"Marwa Loud - Calma","17","","89","","331,120","3,820,398"
"OneRepublic - Didn't I","11","","118","","415,089","3,814,613"
"Galantis - Heartbreak Anthem","11","","83","","429,281","3,812,081"
"Jul - Professor","8","","34","","1,019,052","3,809,121"
"OBOY - No blata","10","","47","","657,075","3,804,192"
"Jul - Corazon","6","","40","","978,725","3,802,428"
"Amir - J'ai cherché","22","","34","","284,811","3,796,791"
"Tame Impala - Dracula","8","","144","","520,042","3,793,947"
"Nono La Grinta - J'tavais dis","8","","159","","509,747","3,785,441"
"Maes - MAGIE","8","","161","","518,251","3,785,086"
"PNL - Kratos","19","","14","","641,991","3,785,010"
"Booba - DKR - Bonus Track","11","","17","","985,276","3,783,537"
"Maes - Platine o Plomo","5","1","7","","1,770,862","3,781,574"
"Booba - DD","7","","54","","774,512","3,780,549"
"Damso - FAIS ÇA BIEN","5","","16","","1,880,735","3,779,534"
"Nicky Jam - Live It Up - Official Song 2018 FIFA World Cup Russia","10","","26","","616,512","3,778,478"
"Kerchak - Roule un autre - A COLORS SHOW","6","","27","","834,961","3,776,804"
"Jnr Slice - A La Tess","8","","48","","654,579","3,773,559"
"RK - Indiana","7","","51","","667,773","3,765,391"
"Joel Corry - BED","10","","92","","420,976","3,762,220"
"Zaho - Laissez-les kouma","26","","58","","207,137","3,758,810"
"TRIANGLE DES BERMUDES - À l'aise","4","","21","","1,308,505","3,758,309"
"Rihanna - Needed Me","28","","60","","156,355","3,758,033"
"Zola - NOCHEY","5","1","9","","1,391,444","3,756,880"
"Jul - Poussette","10","","28","","777,899","3,747,206"
"Kygo - What's Love Got to Do with It","11","","119","","379,212","3,745,007"
"Naza - Faut pardonner","7","","34","","777,085","3,742,455"
"Damso - William","8","","12","","1,491,772","3,742,305"
"Travis Scott - K-POP","6","","23","","1,047,366","3,738,430"
"Damso - Χ. ZWAAR","5","","15","","1,454,889","3,731,693"
"Jason Derulo - Tip Toe","14","","100","","318,923","3,729,090"
"kulturr - jaloux fâché","7","","93","","596,486","3,728,491"
"Jul - 2 coups d'avance","5","","20","","1,377,609","3,728,304"
"Tryo - Désolé pour hier soir XXV - Remix 2020","10","","85","","450,191","3,726,495"
"Booba - Terrain","8","","11","","1,365,092","3,725,998"
"Soso Maness - Puta madre","7","","28","","973,931","3,715,891"
"Tove Lo - Cool Girl","21","","55","","232,833","3,715,209"
"PLK - Le cœur des hommes","4","","17","","1,406,765","3,707,967"
"Vegedream - La rue","18","","104","","262,886","3,702,744"
"SKG - Casa de papel","13","","50","","382,793","3,702,315"
"Billie Eilish - bad guy","9","","54","","540,702","3,701,327"
"Eloïz - Hey Bro","8","","82","","511,038","3,697,007"
"Lorenzo - Power Rangers","8","","12","","1,004,586","3,694,805"
"Damso - Noir meilleur","8","","15","","1,417,162","3,693,122"
"GIMS - Le pire","10","","63","","445,293","3,687,395"
"PLK - Façon d'penser","4","","14","","1,434,190","3,684,864"
"Bosh - Coeur Noir","10","","60","","603,108","3,682,028"
"Freeze corleone - Scellé part.2","5","","12","","1,482,313","3,681,593"
"Ninho - Ce soir","11","","12","","922,248","3,681,525"
"¥$ - CARNIVAL","8","","110","","520,770","3,679,805"
"Kelly Clarkson - Underneath the Tree","6","","49","","991,488","3,673,118"
"Niska - H&M","10","","19","","912,516","3,668,939"
"Topic - Kernkraft 400 (A Better Day)","9","","113","","471,157","3,667,965"
"Werenoi - First","5","","32","","1,270,374","3,662,426"
"Lomepal - Etna","5","","12","","1,457,346","3,659,514"
"Werenoi - Téléphérique","5","","28","","1,287,857","3,658,048"
"Jul - La fusion","5","","17","","1,346,648","3,657,738"
"Freeze corleone - Bill Clinton","4","","15","","1,464,186","3,656,842"
"Maluma - Felices los 4","19","","58","","294,421","3,656,594"
"Damso - Ω. VIVRE UN PEU","5","","16","","1,404,547","3,653,676"
"Werenoi - Déjà vu","9","","135","","441,711","3,653,453"
"M. Pokora - Les planètes","13","","94","","389,083","3,652,305"
"Booba - Je sais","4","1","9","","2,118,379","3,651,594"
"Sia - Cheap Thrills","31","","40","","283,512","3,649,243"
"Kerchak - T'aimerais","4","","33","","983,377","3,648,662"
"Halsey - You should be sad","10","","99","","436,902","3,648,510"
"Soprano - Barman","30","","36","","214,673","3,648,215"
"Ninho - Rich Porter","4","1","7","","1,684,273","3,647,827"
"Alonzo - Bagarre","17","","54","","310,326","3,647,219"
"Shake Shake Go - England Skies","43","6","5","","200,582","3,644,609"
"Landy - Ronnie Kray","5","","30","","1,073,554","3,642,947"
"Soolking - Rockstar","10","","36","","669,377","3,642,570"
"Drake - Money In The Grave (Drake ft. Rick Ross)","12","","126","","364,430","3,637,407"
"Lorenzo - Le Daron","6","","17","","1,002,208","3,636,946"
"Ninho - DICTIONNAIRES","4","","12","","1,790,260","3,635,072"
"Carly Rae Jepsen - I Really Like You","26","","14","","217,467","3,633,314"
"Jul - Mon bébé d'amour","8","","22","","846,724","3,633,071"
"Demi Lovato - Cool for the Summer","40","","61","","295,508","3,629,360"
"SCH - Baden Baden","7","","16","","1,198,480","3,626,945"
"Michou - Fier","7","","39","","741,124","3,621,049"
"Rudimental - Let Me Live","14","","88","","359,072","3,620,495"
"Vitaa - Pas beaux","12","","143","","346,402","3,614,163"
"David Guetta - Better When You're Gone","12","","87","","482,937","3,612,089"
"Jul - Wouaw","6","","43","","996,808","3,610,376"
"Zola - Cartier Panthère","7","","43","","834,433","3,607,791"
"Mister V - Facetime","5","","14","","1,538,995","3,604,583"
"Shawn Mendes - In My Blood","14","","82","","305,160","3,603,170"
"Werenoi - Vroum Vroum","8","","70","","722,111","3,603,085"
"Damso - Laisse-moi tranquille.","3","1","9","","2,003,995","3,602,073"
"Matoma - Running Out","25","","51","","217,398","3,599,761"
"Hornet La Frappe - C'est mort","7","","46","","714,785","3,599,194"
"Soprano - Le Diable ne s'habille plus en Prada","26","","61","","203,991","3,597,493"
"Taylor Swift - Look What You Made Me Do","10","","15","","531,511","3,596,155"
"Slimane - Chez toi","9","","115","","500,550","3,596,025"
"MHD - Bravo","14","","36","","413,150","3,593,270"
"Dosseh - Canal","12","","100","","352,124","3,587,938"
"Tiësto - Ritual","10","","90","","403,401","3,586,931"
"Timal - Fuego","7","","24","","851,906","3,584,321"
"Vald - Keskivonfer","5","1","10","","1,408,108","3,582,612"
"Lacrim - Maladie","8","","17","","897,372","3,580,977"
"Ariana Grande - Stuck with U","7","","42","","648,019","3,578,750"
"Djadja & Dinaz - Alpha","6","","15","","1,118,667","3,578,440"
"Landy - Bad Boy","10","","62","","549,810","3,577,148"
"Ninho - Binks to Binks 7","7","","55","","854,652","3,576,660"
"Rilès - Thank God","19","","74","","289,192","3,575,099"
"Ninho - DES PIGES","4","","15","","1,496,792","3,574,283"
"Jul - Et je deviens fou","8","","18","","947,738","3,572,412"
"Damso - Qui m’a demandé","4","","23","","1,449,556","3,571,370"
"SDM - Franklin Saint","8","","47","","768,861","3,570,894"
"Dadju - Paire d'As","7","","12","","1,156,367","3,570,864"
"Lebeey - A La Waneguaine","7","","111","","599,539","3,567,451"
"Selah Sue - Alone","50","","33","","142,118","3,562,838"
"Landy - Cantona","7","","116","","568,413","3,561,171"
"Rim'K - Ainsi va la rue","7","","149","","537,140","3,559,435"
"PLK - Toi","4","","18","","1,386,199","3,558,576"
"RK - AQUA","9","","61","","608,469","3,556,498"
"Eddy de Pretto - LOVE'n'TENDRESSE","7","","110","","543,811","3,552,940"
"Ariana Grande - Break Free","49","5","7","","148,047","3,552,805"
"Timal - Routine","8","","42","","770,114","3,548,572"
"SDM - J'Y PENSE","4","","37","","1,267,196","3,547,541"
"Lost Frequencies - Back To You","9","","150","","461,394","3,547,264"
"DTF - Comme tu veux","27","","99","","436,976","3,544,711"
"Avicii - For A Better Day","28","","28","","231,354","3,544,527"
"Maes - Opaque","5","","37","","918,810","3,537,594"
"Moha K - DARBA 9ADIYA","9","","125","","470,615","3,537,285"
"Zed - Shaggy","4","","26","","1,407,630","3,535,797"
"Gazo - Drill FR 5","9","","60","","625,819","3,533,787"
"Sofiane - Empire","6","1","7","","1,386,011","3,533,385"
"Hatik - Adieu, mon amour","12","","110","","382,100","3,532,950"
"Naps - CŒUR DE ICE","5","","39","","987,953","3,529,260"
"Green Montana - TOUT GACHER","8","","34","","789,786","3,529,240"
"XXXTENTACION - BAD!","10","","36","","617,504","3,522,533"
"Maes - INTERPOL","7","","76","","711,332","3,522,382"
"Jul - Beuh à la noix de coco","7","","46","","765,148","3,517,118"
"Doums - Ce soir","9","","39","","721,490","3,514,900"
"Angèle - Je veux tes yeux","12","","65","","550,846","3,514,017"
"RIDSA - Pardon","30","","31","","248,011","3,513,644"
"Ninho - Skywalker Haze - A COLORS SHOW","5","","30","","1,137,694","3,509,931"
"Diplo - Get It Right","15","","94","","259,245","3,509,586"
"Davy One - Jeu De Jambes","5","","48","","822,936","3,508,030"
"Ed Sheeran - Sing","56","","11","","148,918","3,505,253"
"Maes - Mardi gras","5","","14","","1,484,184","3,503,751"
"MAGIC! - Rude","49","1","10","","140,206","3,495,395"
"Ofenbach - Rock It","12","","122","","344,380","3,491,779"
"Bigflo & Oli - Personne","22","","73","","250,655","3,486,948"
"Ninho - Millésimes","5","","24","","1,428,289","3,485,887"
"Eva - Bella","10","","43","","593,815","3,485,489"
"Zola - Ma jolie","6","1","8","","1,324,044","3,483,009"
"Lomepal - Maladie moderne","5","","16","","1,368,497","3,482,706"
"Jonas Blue - By Your Side","16","","60","","287,523","3,480,257"
"Jul - Je ne me vois pas briller","16","","35","","419,035","3,479,107"
"SDM - DRAGO MALEFOY","4","","30","","1,350,427","3,478,958"
"Guy2Bezbar - Cullinan","7","","122","","578,014","3,475,315"
"Kendrick Lamar - tv off","6","","72","","742,242","3,474,265"
"Iggy Azalea - Black Widow","36","4","9","","166,506","3,469,460"
"Avicii - Taste The Feeling (Avicii Vs. Conrad Sewell)","21","","39","","247,294","3,466,798"
"Freeze corleone - Tarkov","5","","15","","1,406,646","3,466,762"
"Damso - NMI","7","","13","","1,468,041","3,466,300"
"Ziak - Lloret de Mar","6","","20","","1,144,786","3,466,070"
"Niska - Bandit Chef","7","","44","","765,576","3,464,768"
"RIDSA - On s'est manqué","10","","63","","447,566","3,462,046"
"Djadja & Dinaz - BB","9","","44","","838,854","3,461,568"
"Jul - Brouncha","7","","17","","1,169,235","3,453,935"
"Julien Lieb - Le jeu","8","","172","","468,857","3,452,129"
"Leto - Double Bang 10","8","","19","","826,815","3,448,358"
"Jul - Je n'ai pas que des potes","6","","19","","1,085,259","3,447,597"
"Bad Bunny - CAFé CON RON","7","","90","","618,121","3,447,428"
"Chris Brown - Ayo","34","","18","","209,327","3,444,985"
"Nekfeu - Tempête","33","","11","","259,064","3,444,739"
"GIMS - DO YOU LOVE ME ?","7","","123","","544,199","3,442,473"
"TRIANGLE DES BERMUDES - Balek","4","","37","","1,026,089","3,440,944"
"Amir - Complémentaires","7","","120","","527,782","3,438,877"
"SCH - Anarchie","21","","20","","337,084","3,438,641"
"SDM - Jacque*** Bag","7","","48","","763,261","3,436,827"
"Young T & Bugsey - Don't Rush","10","","88","","382,003","3,429,420"
"David Guetta - Your Love","11","","54","","473,653","3,428,752"
"Vald - Maudit","4","1","5","","1,657,149","3,423,301"
"Hornet La Frappe - Kedaba","10","","79","","478,002","3,422,698"
"Lacrim - Tous les mêmes","9","","11","","805,405","3,420,530"
"Brenda Lee - Rockin' Around the Christmas Tree - Rerecorded Version","4","","34","","1,120,697","3,419,105"
"Natasha Bedingfield - Unwritten","7","","112","","532,611","3,418,566"
"Booba - VARIANT","6","1","10","","1,179,754","3,412,559"
"Drake - Nonstop","11","","20","","777,189","3,410,521"
"Sia - Together","11","","132","","363,278","3,407,537"
"Ninho - Boucherie","4","","17","","1,500,863","3,402,000"
"SCH - Poupée russe","13","","22","","550,471","3,401,078"
"Lacrim - Gericault","11","1","8","","886,936","3,394,537"
"Jul - Inspi d'ailleurs","9","","26","","693,330","3,391,775"
"Guy2Bezbar - Je pense à toi","7","","138","","535,609","3,391,360"
"Lorde - Green Light","13","","43","","374,028","3,390,113"
"Olly Alexander (Years & Years) - King","31","","24","","171,166","3,380,942"
"Ikaz Boi - SOLITERRIEN","7","","32","","739,437","3,380,630"
"Tkandz - NOW OR NEVER","5","","68","","740,167","3,378,248"
"Scridge - Karma","13","","133","","290,784","3,378,220"
"Macklemore & Ryan Lewis - Growing Up","18","","33","","237,295","3,377,974"
"The Avener - Quando Quando","9","","84","","480,886","3,375,240"
"Gorillaz - Feel Good Inc","8","","166","","447,538","3,374,255"
"Partenaire Particulier - Partenaire Particulier","8","","73","","610,569","3,373,852"
"Hyphen Hyphen - Just Need Your Love","26","","24","","240,765","3,373,236"
"Nekfeu - Óλά Καλά","9","","45","","836,371","3,370,431"
"RAYE - Escapism.","8","","107","","471,792","3,370,390"
"SCH - Mafia","4","","16","","1,864,922","3,368,347"
"ROSALÍA - Berghain","5","","46","","927,830","3,367,970"
"Gazo - A$AP","8","","40","","678,387","3,364,787"
"Meek Mill - Going Bad","13","","131","","285,807","3,361,679"
"Niska - Des flingues et des roses","6","","24","","1,206,838","3,360,399"
"PLK - Pourtant","5","","19","","1,365,696","3,357,189"
"L.E.J - Summer 2015","27","","18","","252,675","3,353,670"
"Vald - Trophée","12","","20","","721,635","3,353,102"
"MC YOSHI - Y a une meuf","8","","160","","453,042","3,349,751"
"RK - La patate","8","","50","","528,891","3,347,456"
"Alesso - Heroes (we could be)","38","","17","","129,950","3,346,851"
"Therapie TAXI - Candide Crush","11","","156","","337,390","3,346,563"
"SCH - Raisons","4","","15","","1,878,634","3,345,780"
"Lomepal - Le lendemain de l'orage","8","","17","","959,543","3,344,283"
"Justin Bieber - Intentions","9","","62","","535,769","3,336,532"
"XXXTENTACION - the remedy for a broken heart (why am I so in love)","10","","37","","564,928","3,336,257"
"Big Shaq - Man's Not Hot","15","","95","","269,527","3,336,021"
"Feder - Control","12","","108","","321,669","3,334,691"
"Jul - Guytoune","7","","26","","1,051,528","3,334,660"
"Lartiste - Bolingo","9","","88","","404,591","3,329,858"
"Avicii - The Nights","38","","23","","265,096","3,328,879"
"AURORA - Runaway","7","","49","","570,755","3,325,812"
"Selena Gomez - Single Soon","8","","112","","487,026","3,325,187"
"Ninho - HLM ou Palace","9","","11","","950,029","3,322,968"
"Dr. Dre - Still D.R.E.","13","","100","","421,355","3,321,339"
"Stromae - tous les mêmes","48","24","1","(x2)","148,540","3,321,249"
"Nekfeu - O.D","13","","11","","748,557","3,316,662"
"Harry Styles - Sign of the Times","18","","37","","394,490","3,316,393"
"BTS - Butter","7","","23","","849,773","3,316,160"
"Naza - On t'a dit","10","","56","","520,026","3,316,079"
"Niska - Stop","5","","17","","1,399,157","3,315,449"
"Damso - Schéma","3","1","10","","1,866,659","3,312,406"
"Favé - Tsunami","7","","126","","539,973","3,310,272"
"PLK - Porte d'Orléans","4","","21","","1,349,844","3,308,161"
"Jul - Ténébreux","5","","23","","1,125,421","3,302,946"
"Bruno Mars - Finesse - Remix; feat. Cardi B","11","","49","","393,298","3,301,985"
"Martin Solveig - My Love","12","","84","","335,989","3,301,785"
"TRIANGLE DES BERMUDES - Mame","7","","116","","563,289","3,297,428"
"Laylow - 10'","9","","77","","484,595","3,297,138"
"menace Santana - Mauvais oeil !","9","","98","","446,451","3,294,114"
"Gambi - LOCO LOCO","4","","40","","1,186,786","3,291,378"
"Kali Uchis - telepatía","9","","99","","448,587","3,290,880"
"PLK - Toutes générations","5","","20","","1,312,471","3,286,373"
"Royce - Catalina","9","","84","","460,845","3,283,646"
"Drake - Don’t Matter To Me","7","1","9","","1,055,296","3,281,113"
"SCH - Plus rien à se dire","4","","17","","1,825,704","3,277,674"
"Ninho - Yo moko oyebi","4","1","8","","1,663,258","3,274,280"
"YL - Nina","9","","49","","521,515","3,271,480"
"SDM - SEQUOIA","4","","48","","1,143,463","3,269,973"
"Keen' V - Tahiti","10","","122","","347,459","3,269,169"
"Bouss - Invisible","7","","133","","523,788","3,268,619"
"Gambi - Oulalah","9","","66","","533,495","3,268,034"
"Shay - Thibaut Courtois","17","","75","","243,806","3,264,522"
"Arcane - To Ashes and Blood - from the series Arcane League of Legends","5","","50","","898,652","3,264,231"
"Guy2Bezbar - DIS-MOI","6","","35","","755,828","3,263,724"
"Booba - L'olivier","4","","12","","1,895,341","3,262,208"
"Jul - C'est pas la mairie","7","","56","","703,307","3,261,211"
"Fresh - Kobe","6","","46","","689,970","3,258,580"
"GIMS - Mi Gna - Maître Gims Remix","9","","26","","541,434","3,258,545"
"Cappuccino - Wa zebi","5","","68","","844,338","3,256,848"
"Freeze corleone - Lamborghini bénie","4","","20","","1,321,351","3,255,038"
"Maes - Velar","5","","12","","1,238,956","3,254,304"
"Ninho - Chiraq","4","","12","","1,512,001","3,253,617"
"Hatik - mer","6","","40","","680,378","3,253,393"
"Robin Schulz - Headlights","28","","23","","175,374","3,250,649"
"Ashe - Moral of the Story","8","","83","","490,451","3,250,303"
"Lomepal - Dave Grohl","8","","20","","900,213","3,248,196"
"GIMS - Laissez passer - Pilule Bleue","28","","18","","217,609","3,248,157"
"Zkr - Freestyle 5min #11","9","","47","","703,892","3,244,583"
"GIMS - Miami Vice","10","","78","","460,930","3,240,747"
"Deen Burbigo - Tu rêves","19","","77","","264,769","3,240,226"
"Damso - Ι. Peur d'être père","11","","15","","738,354","3,237,049"
"SCH - Magnum","4","1","7","","1,502,383","3,235,624"
"Kygo - Happy Now","12","","116","","304,930","3,234,184"
"Shawn Mendes - If I Can't Have You","9","","82","","409,844","3,234,037"
"Kaaris - Kébra","11","","29","","572,450","3,231,761"
"Aya Nakamura - Soirée parisienne","7","","110","","511,690","3,231,214"
"Gazo - QUE DES FAITS","4","","28","","1,061,284","3,230,457"
"Charlie Puth - One Call Away","21","","39","","224,189","3,229,060"
"Koba LaD - Suge","7","","12","","1,099,142","3,226,781"
"Djadja & Dinaz - C63","10","","53","","461,784","3,226,218"
"Kungs - Lipstick","9","","114","","379,740","3,225,538"
"Booba - Dragon","8","","40","","887,827","3,225,133"
"Vald - La faux le fer","4","1","7","","1,613,676","3,221,000"
"Mariah Carey - Christmas (Baby Please Come Home)","4","","49","","968,951","3,218,705"
"Angèle - Taxi","6","","46","","967,251","3,218,449"
"XXXTENTACION - Look At Me!","12","","59","","490,595","3,215,008"
"Mastu - Balade à deux","8","","90","","489,813","3,210,656"
"Niro - Sors de ma tête","16","","84","","245,297","3,210,241"
"Damso - Limbisa ngai","3","","11","","1,802,974","3,208,620"
"Lomepal - Ma cousin","8","","21","","863,306","3,206,553"
"Cris Cab - Liar Liar","57","1","9","","124,047","3,206,444"
"Youssef Swatt's - Générique de Fin - Nouvelle École","4","","46","","940,242","3,205,105"
"Childish Gambino - This Is America","9","","22","","588,895","3,201,813"
"Vald - Pandémie","4","1","6","","1,642,760","3,199,766"
"David Guetta - Lovers on the Sun","37","1","10","","137,013","3,191,477"
"Benab - Tiki Taka","10","","100","","399,947","3,191,461"
"Ninho - Bad","4","","14","","1,491,612","3,190,963"
"AM La Scampia - Maradona","12","","84","","318,380","3,190,602"
"Leto - Dans le noir","6","","21","","950,602","3,180,366"
"Ninho - Bali","4","","22","","1,468,478","3,176,157"
"Hös Copperfield - À L'AUBE","4","","28","","978,365","3,174,344"
"Jordan Adetunji - KEHLANI","7","","132","","487,940","3,173,065"
"SCH - Mort de rire","9","","24","","729,317","3,171,186"
"Fréro Delavega - Ton visage","28","","52","","153,609","3,166,381"
"Ninho - Dita","9","","13","","901,175","3,164,678"
"Jul - Irréversible","7","","33","","802,314","3,163,370"
"GIVĒON - Heartbreak Anniversary","10","","122","","363,016","3,161,879"
"Jul - Carré d'as","6","","18","","863,945","3,159,472"
"Kaaris - Tchalla","6","","39","","820,460","3,159,263"
"Vald - Possédé","8","1","5","","1,036,067","3,155,660"
"Leto - 17%","6","","17","","1,025,698","3,154,054"
"Josman - Les Flammes","5","","27","","863,704","3,153,050"
"Soso Maness - Allez","5","","44","","959,838","3,151,540"
"Vald - Papoose","4","1","8","","1,608,368","3,150,759"
"13 Organisé - Combien","5","","11","","1,359,764","3,149,965"
"Lomepal - Auburn","6","","30","","1,035,833","3,149,786"
"Sofiane - X","16","","49","","312,933","3,148,764"
"Ariana Grande - Dangerous Woman","17","","28","","270,817","3,147,146"
"KeBlack - Bababa","6","","102","","640,524","3,145,737"
"Jul - Encore des paroles","22","","23","","253,221","3,142,539"
"Mister V - Match","5","","35","","882,030","3,140,597"
"Nicky Jam - X - Remix","9","","45","","521,988","3,140,178"
"Dinos - Chrome Hearts","4","1","7","","1,374,985","3,137,659"
"Werenoi - 11.04.2025","4","","31","","1,275,292","3,135,841"
"Jul - Triste everyday","6","","83","","640,218","3,134,897"
"Fuego - Una Vaina Loca","6","","44","","673,844","3,134,793"
"Dabs - Tes rêves","7","","40","","591,865","3,133,683"
"RIDSA - Laisser couler","10","","108","","356,231","3,132,886"
"Jul - Mamasita","22","","30","","232,427","3,132,077"
"Ariana Grande - boyfriend","7","","44","","593,492","3,131,819"
"Kekra - Ingé son","4","","11","","1,352,293","3,127,412"
"Sam Smith - I'm Not The Only One","42","","31","","335,443","3,126,534"
"Drake - Signs","11","","34","","434,081","3,122,303"
"Angèle - Les matins","10","","56","","588,114","3,120,257"
"The Weeknd - Heartless","9","","69","","567,356","3,119,513"
"Damso - YOUVOI","5","","20","","1,212,787","3,117,243"
"RK - Pardon maman","8","","36","","646,617","3,116,136"
"Niska - Valise","5","","15","","1,414,896","3,113,351"
"Booba - Grain de sable","4","","15","","1,743,500","3,110,287"
"Imen Es - Fantôme","7","","32","","734,968","3,105,297"
"JRK 19 - Le Plan","6","","117","","588,917","3,102,955"
"Fousheé - Deep End","8","","78","","450,140","3,099,793"
"Billie Eilish - BLUE","5","","56","","958,827","3,099,611"
"Dalida - Vive le vent","5","","57","","898,531","3,099,468"
"Pheelz - Finesse","9","","113","","443,423","3,093,281"
"PLK - Hola","6","","22","","1,015,849","3,091,652"
"Selena Gomez - Hands To Myself","22","","41","","212,792","3,090,576"
"Naps - Purple","6","","91","","599,533","3,089,816"
"Billie Eilish - L’AMOUR DE MA VIE","5","","50","","1,005,981","3,089,115"
"Hornet La Frappe - BEDO","8","","80","","456,571","3,087,565"
"Ziak - S.P.S","6","","27","","1,072,054","3,086,236"
"Werenoi - Chaleur","5","","36","","1,152,530","3,086,115"
"Ariana Grande - Love Me Harder","32","2","9","","148,049","3,081,175"
"Major Lazer - C'est cuit","8","","74","","602,500","3,075,521"
"Dante Klein - Let Me Hold You (Turn Me On)","17","","29","","336,612","3,073,248"
"Jul - Dans la légende","20","","14","","282,975","3,072,594"
"Timal - Vatos","15","","73","","260,484","3,072,359"
"Vianney - Pour de vrai","9","","98","","380,015","3,068,931"
"Ella Fitzgerald - Frosty The Snowman","5","","69","","808,139","3,060,962"
"Bigflo & Oli - Karma","4","","43","","1,004,948","3,060,046"
"The Weeknd - Die For You","9","","146","","425,799","3,058,778"
"Jul - Henrico","10","","27","","640,400","3,058,502"
"DJ Khaled - POPSTAR","9","","90","","474,744","3,057,364"
"BoyWithUke - Toxic","9","","118","","411,097","3,055,923"
"Jul - Love de moi","6","","44","","940,755","3,052,744"
"GIMS - Ceci n'est pas du rap","7","","71","","533,739","3,049,764"
"Werenoi - La vie de star","4","","24","","1,323,424","3,049,637"
"La Fouine - Vision","4","","20","","1,206,911","3,049,406"
"Ninho - Bavard","8","","14","","912,599","3,044,792"
"Leto - Sosa","6","","60","","629,199","3,044,516"
"Damso - Tout tenter","3","","13","","1,777,083","3,043,878"
"Bing Crosby - I Wish You A Merry Christmas","7","","61","","799,584","3,043,087"
"Niska - J’suis dans les wayes","5","","21","","1,293,400","3,036,546"
"Jazzy Bazz - Albiceleste","6","","29","","906,709","3,035,773"
"*NSYNC - Bye Bye Bye","6","","99","","590,706","3,032,243"
"Sage The Gemini - Now and Later","14","","56","","290,623","3,028,924"
"Jul - On est trop","21","","65","","174,637","3,028,306"
"The Weeknd - After Hours","7","","40","","760,265","3,027,522"
"Lomepal - 50°","4","","15","","1,415,455","3,026,963"
"SCH - Niobe","4","1","9","","1,431,634","3,024,212"
"Selena Gomez - Fetish","10","","25","","478,722","3,024,062"
"Vald - Halloween","4","1","8","","1,460,042","3,021,220"
"4Keus - Paris la nuit","9","","99","","414,123","3,020,855"
"Alpha Wann - philly flingo","7","","28","","1,012,015","3,020,413"
"Boza - Hecha Pa' Mi","10","","117","","371,741","3,015,945"
"Slimane - Paname","23","","47","","269,323","3,012,736"
"SDM - Fame","6","","51","","752,555","3,012,058"
"Vald - Ignorant","5","","12","","1,342,487","3,011,703"
"Pop Smoke - Hello","10","","128","","346,290","3,003,939"
"Lefa - Mauvais","6","","26","","850,085","3,000,621"
"Ninho - Mama No Cry","8","","13","","930,652","2,999,813"
"Freeze corleone - Isshin Ashina","3","","13","","1,528,824","2,998,416"
"Dj Quick - Elle m'a dit","6","","30","","867,571","2,998,361"
"Tate McRae - Sports car","7","","140","","459,135","2,996,761"
"Koba LaD - Honey","6","","11","","1,174,379","2,992,337"
"Calvin Harris - Rollin","12","","49","","331,899","2,988,064"
"Santana - Maria Maria","7","","105","","485,939","2,986,258"
"Louane - Jour 1","40","","30","","161,103","2,985,564"
"Drake - Fair Trade","6","","16","","1,077,557","2,974,794"
"Leto - A&H","10","","97","","423,589","2,972,670"
"Young Thug - The London","10","","94","","405,835","2,971,398"
"Nekfeu - Ολά Καλά","2","","17","","2,033,744","2,968,680"
"Himra - NUMBER ONE","7","","155","","451,723","2,967,461"
"Jazzy Bazz - Élément 115","5","","11","","1,163,969","2,966,927"
"Marnik - Gam Gam","8","","56","","489,090","2,966,802"
"PARTYNEXTDOOR - BELIEVE IT","8","","61","","525,816","2,966,362"
"Kygo - Hot Stuff","10","","150","","341,163","2,964,782"
"Orelsan - Boss","3","","13","","1,635,893","2,962,610"
"Landy - Filon","8","","107","","547,350","2,962,262"
"Alessia Cara - Here","29","","58","","150,311","2,962,047"
"Laylow - WINDOW SHOPPER PART. 2","6","","17","","1,225,065","2,961,857"
"Billie Eilish - No Time To Die","6","","35","","855,241","2,961,796"
"TKS 2G - La Police","6","","105","","589,754","2,960,840"
"Lilly Wood and The Prick - Prayer in C - Robin Schulz Radio Edit","32","","32","","159,936","2,960,153"
"Tayc - GIRLFRIEND","4","","54","","840,814","2,957,830"
"Timal - Gang","7","","60","","649,309","2,957,271"
"Kendrick Lamar - DNA.","13","","15","","506,350","2,951,513"
"GIMS - J'me tire","29","6","4","","578,339","2,946,989"
"SDM - Titulaires","7","","81","","573,551","2,946,617"
"Marine - Ma faute","5","","37","","868,707","2,945,096"
"Dadju - Déjà trouvé","13","","48","","484,591","2,942,906"
"K2_sp - NOUS #2","5","","90","","626,902","2,941,575"
"Heuss L'enfoiré - Bx land 5","6","","62","","697,651","2,940,014"
"Don Omar - Danza Kuduro - Tiësto Remix","6","","110","","590,422","2,938,780"
"Drake - Girls Want Girls","5","","11","","1,160,990","2,936,746"
"Willy William - Ego","28","","55","","151,850","2,933,712"
"Naps - C'est rien c'est la rue","6","","28","","817,381","2,932,545"
"Keane - Somewhere Only We Know","9","","152","","382,892","2,929,299"
"Kendji Girac - Me Quemo","25","","19","","243,844","2,929,214"
"Squeezie - Bye Bye","6","","37","","982,410","2,928,619"
"SCH - Pharmacie","6","","16","","966,871","2,926,879"
"Jul - J'éteins mon téléphone","5","","25","","1,065,105","2,923,729"
"Jul - C'est le son de la gratte","14","","40","","375,878","2,920,522"
"Naps - Ciao","17","","96","","199,881","2,920,448"
"Matt Simons - Catch & Release - Deepend Remix","30","","56","","153,184","2,918,257"
"Leto - Immonde","6","","66","","666,436","2,918,242"
"Jul - La classe","20","","43","","259,348","2,914,593"
"Keen' V - Rien qu'une fois","29","","70","","133,231","2,911,623"
"Vald - Ma meilleure amie","15","","68","","273,345","2,910,812"
"Leto - Mozart Capitaine Jackson (Episode 1)","8","","62","","524,679","2,907,466"
"Guy2Bezbar - LA JEUNESSE DORÉE","5","","75","","724,380","2,905,611"
"Demszer - Ambiance Macabre","8","","115","","404,544","2,905,367"
"Post Malone - One Right Now","8","","120","","436,942","2,904,093"
"La Rvfleuze - MACHIAVEL","4","","36","","1,017,773","2,899,483"
"Djadja & Dinaz - PRBM","5","","18","","1,152,772","2,898,201"
"Brulux - Benzema","8","","163","","373,917","2,897,750"
"Ninho - Pourquoi","8","","14","","897,964","2,895,957"
"L'Algérino - Moula max","7","","65","","614,824","2,895,614"
"Gato - Piccolo","7","","61","","508,296","2,892,861"
"PLK - Dégaine de bandit","4","","18","","1,385,492","2,891,497"
"S-Crew - Mauvais dans le fond","4","","12","","1,423,405","2,889,635"
"Orelsan - Encore une fois","3","","16","","1,593,889","2,888,427"
"Brett Eldredge - Baby, It's Cold Outside","5","","89","","743,500","2,886,180"
"DRAM - Broccoli","24","","102","","143,115","2,884,623"
"Damso - Frère","3","","22","","1,463,642","2,882,825"
"Niska - Manu le coq","5","","23","","1,242,547","2,880,909"
"Soolking - Cosa Nostra","6","","34","","678,179","2,879,966"
"GIMS - GJS","7","","42","","637,519","2,876,994"
"Ninho - Waribana","4","","41","","1,152,198","2,876,308"
"MATTN - Children","9","","119","","367,304","2,872,395"
"David Guetta - Bad","29","7","5","","150,951","2,871,775"
"Polo & Pan - Ani Kuni","9","","110","","340,465","2,871,065"
"Dosseh - Thaïlande","10","","139","","311,114","2,863,769"
"Tayc - Forévà","6","","121","","533,496","2,863,320"
"Ziak - Espace","5","","21","","1,135,276","2,862,866"
"Jul - BDG","5","","28","","1,097,129","2,859,812"
"Ed Sheeran - Happier","13","","46","","333,766","2,858,287"
"Megan Thee Stallion - Savage","9","","92","","395,739","2,855,955"
"Banx & Ranx - Answerphone","9","","64","","406,525","2,854,956"
"Werenoi - Virus","6","","79","","683,173","2,852,945"
"Zkr - Under Armour","4","","34","","1,035,545","2,852,460"
"Tyler, The Creator - See You Again","7","","181","","442,071","2,847,733"
"Leto - Tout recommencer","6","","29","","844,784","2,847,266"
"Travis Scott - STARGAZING","8","","28","","711,393","2,847,172"
"Alan Walker - Alone","13","","54","","304,829","2,846,572"
"Burna Boy - Alone","5","","35","","773,002","2,845,860"
"Zola - Papillon","4","1","7","","1,353,213","2,843,310"
"Franglish - Mano","7","","87","","550,300","2,842,591"
"Koba LaD - Seven Binks","6","","15","","1,044,640","2,840,482"
"DJ Snake - Turn Down for What","57","","22","","98,456","2,839,814"
"MRC - Paix sans guerre","22","","125","","167,208","2,838,193"
"Musical Youth - Pass The Dutchie","8","","130","","409,801","2,837,186"
"Vald - REGULATION RELOADED","5","","56","","865,621","2,837,049"
"Jul - Le bouton","5","","20","","1,074,220","2,836,208"
"Goya Menor - Ameno Amapiano Remix","9","","133","","373,490","2,835,190"
"Vacra - Plan séquence","7","","99","","475,875","2,834,132"
"Naps - Le sens des affaires","12","","82","","309,390","2,832,291"
"DTF - Veni qui","6","","65","","674,012","2,832,221"
"Bigflo & Oli - Promesses","9","","114","","332,354","2,832,082"
"Kaaris - Cigarette","6","","12","","1,080,242","2,830,226"
"Timal - Promis","5","","18","","1,164,780","2,829,559"
"SCH - Gomorra","28","","51","","138,481","2,827,683"
"Hamza - Réel","5","1","9","","1,168,295","2,827,008"
"Zara Larsson - Uncover","25","","15","","218,662","2,826,774"
"Nekfeu - Besoin de sens","11","","14","","656,571","2,826,230"
"Rihanna - American Oxygen","21","4","6","","274,905","2,824,642"
"Nakry - Léwé","9","","151","","343,682","2,820,114"
"Sam Smith - Too Good At Goodbyes - Edit","8","","55","","396,692","2,813,024"
"Robin Schulz - Show Me Love","18","","45","","212,362","2,811,209"
"Vicetone - Astronomia","8","","126","","399,672","2,811,024"
"DA Uzi - Mexico","8","","28","","608,661","2,810,793"
"Lacrim - Colonel Carrillo","8","2","5","","687,257","2,810,547"
"Vald - NQNTMQMQMB","4","1","9","","1,443,436","2,806,278"
"Eminem - The Monster","39","14","1","(x7)","148,160","2,805,346"
"Djadja & Dinaz - Tenue de motard 4","12","","63","","333,130","2,804,551"
"Robin Schulz - Shed a Light","12","","57","","290,508","2,803,867"
"Swedish House Mafia - Heaven Takes You Home","8","","98","","450,792","2,802,879"
"Damso - Μ. Noob Saibot","10","","16","","684,611","2,802,796"
"Robin Schulz - Oh Child","9","","63","","378,695","2,801,731"
"Lartiste - Clandestina","19","","120","","174,101","2,801,192"
"Feder - Back for More","11","","45","","344,307","2,799,035"
"Sam Feldt - Post Malone","9","","138","","342,683","2,798,000"
"Booba - 31","3","","13","","1,790,933","2,797,931"
"J Balvin - Amarillo","7","","72","","510,498","2,794,918"
"Jul - Ma drogue","4","","18","","1,183,060","2,793,386"
"Jul - Mama","23","","39","","202,067","2,792,264"
"Freeze corleone - Tse Chi Lop","3","","17","","1,392,453","2,788,336"
"Vald - Sur un nouvel album","4","","11","","1,463,838","2,787,940"
"Lorenzo - Légende Vivante","6","","42","","754,379","2,787,057"
"Naps - On est fait pour ça","8","","73","","496,076","2,786,879"
"Chuck Berry - Run Rudolph Run - Single Version","7","","84","","768,417","2,785,676"
"Larry - Cité blanche","7","","79","","583,810","2,785,376"
"Lacrim - Dadinho","5","","11","","1,263,966","2,784,131"
"Bebew - J'fly","7","","64","","492,836","2,782,440"
"Werenoi - Rolls Royce","4","","17","","1,142,880","2,782,400"
"Khalid - Talk","8","","92","","373,043","2,781,385"
"Josman - My love","7","","72","","478,760","2,780,332"
"Ninho - Carbozo","8","","16","","856,744","2,778,811"
"a6el - Mauvaise tête","5","","99","","633,206","2,778,013"
"Bello&Dallas - Météo","3","","36","","1,032,844","2,775,919"
"MHD - Maman j’ai mal","24","","71","","158,273","2,772,867"
"Jul - Lova","21","","37","","207,679","2,772,724"
"Jok'air - Club des 27","8","","38","","787,298","2,772,095"
"Zedd - Happy Now","11","","137","","277,277","2,771,926"
"Hornet La Frappe - Valise","10","","42","","479,021","2,768,678"
"Indila - Dernière danse","40","10","1","(x2)","180,874","2,768,502"
"Hamza - Tsunami","3","","14","","1,591,931","2,765,362"
"SAINT PHNX - King","15","","62","","270,712","2,763,697"
"Tiakola - CATIMINI","4","","50","","913,173","2,763,424"
"MHD - Bodyguard","11","","81","","362,635","2,762,367"
"Damso - Tard la night","6","","18","","1,250,083","2,762,076"
"Doja Cat - Streets","9","","106","","356,279","2,758,342"
"Jul - Canette dans les mains","5","","24","","932,574","2,753,924"
"Bad Bunny - WHERE SHE GOES","6","","107","","528,049","2,753,351"
"menace Santana - L'apprentie sorcière !","7","","85","","547,588","2,753,108"
"Koba LaD - J’encaisse","11","","72","","366,535","2,751,802"
"Djadja & Dinaz - Souviens-toi","15","","57","","315,820","2,751,617"
"The Avener - Fade Out Lines - The Avener Rework","27","","12","","149,037","2,747,762"
"PLK - Alleluia","4","","21","","1,281,831","2,747,351"
"Django - Oiseaux","19","","130","","172,090","2,741,602"
"Shawn Mendes - Monster (Shawn Mendes & Justin Bieber)","7","","82","","484,814","2,741,126"
"Niska - Tellement gang","4","","19","","1,352,107","2,740,656"
"Shay - A l'envers","4","","37","","1,000,094","2,740,519"
"Dadju - Wouli Liya","8","","75","","487,239","2,739,224"
"Booba - Signé","4","","52","","912,082","2,739,109"
"BTS - SWIM","4","","30","","1,030,827","2,734,643"
"Avicii - Heaven","8","","100","","489,412","2,733,687"
"13 Organisé - Ma gadji","5","","14","","1,131,498","2,732,757"
"RK - J'me balade","6","","14","","911,767","2,730,035"
"Pedro Capó - Buena Suerte","8","","122","","382,141","2,727,376"
"Ariana Grande - Don’t Call Me Angel (Charlie’s Angels)","6","","55","","642,915","2,727,334"
"RK - #DansLeTierquar (Marseille)","7","","49","","585,192","2,726,399"
"Ninho - Sur paname","7","","37","","645,201","2,720,588"
"Stefflon Don - Hurtin' Me","12","","114","","240,702","2,718,871"
"Stromae - Fils de joie","4","1","8","","1,314,183","2,715,637"
"SUPER-Hi - Following the Sun","9","","127","","359,094","2,715,184"
"13 Organisé - War Zone","5","","16","","1,095,724","2,714,938"
"Vald - Regarde toi","4","","14","","1,412,019","2,711,322"
"Freeze corleone - L'homme méthode","3","","19","","1,332,091","2,710,288"
"Nathan Dawe - 21 Reasons","6","","92","","490,353","2,705,232"
"Lorenzo - MBK Rocket","6","","20","","861,840","2,705,069"
"PNL - Sheita","12","","17","","584,152","2,703,515"
"Ninho - Branché sur snap","3","","11","","1,550,320","2,702,356"
"PLK - Sac à dos","3","","23","","1,324,300","2,702,232"
"Queen - Don't Stop Me Now - Remastered 2011","9","","167","","406,253","2,702,023"
"Djadja & Dinaz - J'rentre pas chez moi","9","","120","","346,062","2,700,973"
"Bebe Rexha - New Religion","5","","101","","607,577","2,700,681"
"Luv Resval - AZNVR - Une minute de musique","4","","31","","900,400","2,699,659"
"Booba - Salside","23","","47","","206,442","2,698,671"
"La Rvfleuze - Lewis Hamilton","4","","51","","835,900","2,697,480"
"The Weeknd - I Was Never There","8","","65","","398,259","2,697,330"
"Damso - Ξ. Une âme pour deux","10","","17","","652,509","2,696,087"
"Vald - GAUCHE DROITE","4","","41","","905,454","2,694,695"
"Werenoi - CR","4","","18","","1,129,204","2,694,148"
"Ninho - Grands ensembles","4","","27","","1,188,314","2,691,920"
"Bigflo & Oli - Focus","4","","45","","946,552","2,690,198"
"Koba LaD - Ohlolo","6","","43","","743,676","2,689,795"
"Black M - Le prince Aladin","17","1","10","","319,413","2,686,495"
"Rim'K - Warning","4","","20","","1,046,291","2,686,448"
"Zola - Amiri jeans","3","","19","","1,343,955","2,684,226"
"Hamza - Only U","3","","15","","1,560,173","2,683,908"
"Armin van Buuren - Turn It Up","9","","124","","357,041","2,682,550"
"Vianney - Moi aimer Toi","17","","64","","264,376","2,682,082"
"Mister V - Tudo Bem","4","","16","","1,368,563","2,680,446"
"Ninho - Ghetto Star","3","","26","","1,313,894","2,677,801"
"Lomepal - Prends ce que tu veux chez moi","4","","23","","1,202,218","2,674,076"
"Moha La Squale - C'était pas gagné","7","","24","","610,272","2,673,456"
"Médine - Grand Paris","12","","52","","310,507","2,672,971"
"PLK - Mamie","4","","22","","1,255,115","2,671,478"
"Galantis - Runaway (U & I)","39","","44","","105,748","2,669,548"
"PLK - A l'envers","4","","33","","1,017,630","2,668,748"
"Franglish - Trop parler","7","","127","","440,548","2,665,049"
"PNL - La vie est belle","13","","21","","537,296","2,663,367"
"Sofiane - #JesuispasséchezSo EP 11","9","","14","","605,537","2,662,437"
"Scridge - Pour walou","18","","126","","186,931","2,662,210"
"Werenoi - Faf","5","","56","","856,080","2,658,911"
"Hornet La Frappe - Kawasaki","8","","101","","446,966","2,657,985"
"Maes - Le maire","4","","21","","1,308,128","2,657,896"
"Freeze corleone - Stretch 4","4","","21","","1,266,306","2,656,037"
"BLACKPINK - Pink Venom","6","","52","","628,218","2,652,589"
"Werenoi - Colisée","3","","25","","1,345,942","2,652,539"
"Noodels - Bete de meuf","9","","113","","356,837","2,649,246"
"Mister V - Vice City","4","","17","","1,348,495","2,648,961"
"Mariah Carey - O Holy Night","4","","67","","803,497","2,647,453"
"Ambiance Skandal - Offishal","4","","43","","915,493","2,643,253"
"Kendrick Lamar - King Kunta","25","","22","","177,753","2,642,030"
"Jul - Elle te balade","18","","23","","270,514","2,640,589"
"Robbie Williams - Santa Baby","4","","67","","863,032","2,639,399"
"Madeon - You're On","36","","42","","127,523","2,639,058"
"Naughty Boy - La La La","25","6","6","","448,575","2,637,529"
"Aloe Blacc - The Man","43","6","5","","152,608","2,632,561"
"Lynda - Adieu","7","","54","","501,054","2,632,364"
"Shouse - Love Tonight - David Guetta Remix Edit","9","","126","","319,516","2,629,578"
"Gradur - Méchant Sheguey","6","","27","","930,226","2,628,899"
"La Fouine - Du ferme","6","","169","","473,619","2,626,050"
"Sam Smith - I'm Not The Only One","22","1","9","","173,093","2,625,256"
"S-Crew - On va le faire","22","","53","","205,995","2,624,310"
"Britney Spears - My Only Wish (This Year)","4","","61","","888,803","2,620,852"
"Sia - Alive","22","","46","","182,282","2,620,696"
"Lorenzo - Toujours plus","5","","11","","1,056,317","2,619,200"
"M. Pokora - Si on disait","6","","66","","538,788","2,618,915"
"Bolémvn - Chic choc","7","","94","","406,393","2,618,223"
"DJ Kayz - Jour J","12","","56","","378,599","2,614,807"
"Timal - La 11","7","","39","","721,169","2,614,633"
"Vald - Happy End","4","","20","","1,279,349","2,613,256"
"Heuss L'enfoiré - L'ancien","5","","47","","804,671","2,612,849"
"RK - Rockstar","8","","70","","673,203","2,612,731"
"Lomepal - Le miel et le vinaigre","4","","20","","1,244,307","2,611,870"
"Future - Selfish","13","","65","","263,828","2,611,729"
"Jul - Coup de genoux","9","","30","","641,628","2,611,446"
"Zamdane - Les jolies filles","4","","56","","908,658","2,610,180"
"Jul - Le 100 le 100","5","","34","","853,139","2,608,228"
"Naps - Chicha kaloud","6","","53","","585,858","2,606,678"
"Angèle - Tu me regardes","6","","33","","815,070","2,603,236"
"MMZ - Ma bulle","13","","81","","281,005","2,602,712"
"The Avener - Fade Out Lines","35","","40","","139,010","2,602,409"
"Travis Scott - BUTTERFLY EFFECT","13","","55","","488,928","2,602,238"
"Luv Resval - Tout s'en va","6","","51","","706,632","2,600,675"
"Dinos - Pichichi Anderson","4","","15","","1,183,499","2,599,355"
"Kalash Criminel - Sale sonorité","17","","62","","214,940","2,599,339"
"Maes - FC BEAUDOTTES","4","","63","","834,668","2,597,009"
"GP Explorer - Poursuite","3","","29","","1,236,243","2,596,629"
"Mig - Encore une fois (Maman)","5","","35","","841,862","2,595,970"
"Kwabs - Walk","39","","30","","117,177","2,593,763"
"Drake - Way 2 Sexy","6","","28","","808,568","2,591,920"
"Damso - THEVIE RADIO (Interlude)","4","","21","","1,461,697","2,591,630"
"Sofiane - Mistigris","7","1","8","","753,357","2,587,389"
"Dosseh - Sommet","10","","45","","516,875","2,587,332"
"Were-vana - Bombardé","8","","115","","385,745","2,586,605"
"Vald - Offshore","6","1","8","","937,041","2,583,949"
"Aya Nakamura - Whine Up","5","","14","","961,552","2,583,685"
"London Grammar - Wasting My Young Years","46","6","3","(x1)","144,005","2,580,613"
"Sabrina Carpenter - Tears","5","","61","","730,462","2,580,280"
"Billie Eilish - Bored","7","","83","","456,152","2,577,533"
"Sam Smith - Money On My Mind","40","","12","","121,622","2,577,320"
"Ty Dolla $ign - Darkside","12","","113","","243,479","2,577,293"
"Le classico organisé - Les galactiques","4","","19","","1,212,321","2,575,568"
"Werenoi - Riri","3","","26","","1,341,903","2,575,037"
"Zola - ELECTRO","4","","17","","1,134,412","2,574,678"
"Hornet La Frappe - Bourgeoisie","11","","107","","292,600","2,572,913"
"Gradur - Dans ma vie","15","","31","","335,296","2,571,779"
"RK - Mon reuf","6","","22","","841,147","2,569,582"
"Ritt Momney - Put Your Records On","7","","76","","532,715","2,564,775"
"Aya Nakamura - Méchante","5","","43","","739,741","2,563,700"
"Nicki Minaj - Bed","9","","79","","340,247","2,561,657"
"Jul - Je kill au mic","5","","25","","988,310","2,560,770"
"Amir - États d'amour","11","","101","","253,659","2,557,874"
"SCH - Les hommes aux yeux noirs","3","","29","","1,380,835","2,557,174"
"Ninho - Edouard Nahum","3","","13","","1,494,096","2,556,098"
"Aya Nakamura - Fly","4","","13","","1,185,334","2,555,193"
"Ninho - AU 33ÈME","3","","18","","1,404,584","2,554,012"
"Alessia Cara - Scars To Your Beautiful","19","","101","","161,291","2,553,717"
"MHD - Kata","5","","117","","580,607","2,553,512"
"Ninho - Chacun son tour","7","","17","","854,014","2,552,607"
"Nekfeu - Programmé","10","","15","","652,879","2,550,523"
"Eminem - Lucky You","5","","19","","764,095","2,547,947"
"Niska - Mustapha Jefferson","23","","77","","147,155","2,546,904"
"Timal - Dans la ville","9","","33","","487,167","2,546,529"
"Frank Sinatra - Silent Night - Remastered","5","","80","","726,246","2,543,646"
"Leila AD - À qui la faute","7","","126","","444,284","2,543,645"
"Jul - My World","16","","20","","276,290","2,542,196"
"Oasis - Wonderwall - Remastered","8","","177","","436,507","2,540,290"
"Djadja & Dinaz - J'connais","4","","27","","984,315","2,539,832"
"GIMS - Je te pardonne - Pilule Bleue","26","","37","","224,857","2,539,762"
"Aya Nakamura - Ça fait mal","5","","16","","938,066","2,539,317"
"La Rvfleuze - 312-391","4","","52","","851,522","2,538,141"
"Vald - ASB","4","","13","","1,327,869","2,537,962"
"Larry - Paye","6","","64","","529,103","2,537,260"
"Gazo - GROKUWA","5","","34","","724,290","2,536,105"
"Alrima - Jusqu'au bout","6","","48","","565,728","2,535,979"
"13 Block - Fuck le 17","7","","31","","704,373","2,535,845"
"Indila - Dernière danse - Techno Mix","6","","149","","460,978","2,534,948"
"Kaaris - Livraison","6","","28","","631,241","2,533,416"
"Charlie Puth - Done for Me","10","","89","","304,679","2,532,951"
"PLK - Au fond d'ma tête","4","","27","","1,126,030","2,532,767"
"RIDSA - Mamamia","16","","122","","182,459","2,532,704"
"Damso - Wolof","3","","27","","1,375,879","2,531,851"
"Franglish - Djo","4","","45","","837,607","2,524,348"
"Queen - Another One Bites The Dust - Remastered 2011","9","","101","","353,230","2,523,857"
"Taylor Swift - You Need To Calm Down","9","","119","","323,913","2,520,284"
"Liam Payne - Stack It Up","8","","123","","363,270","2,519,902"
"Lacrim - Intocable","6","1","5","","1,053,056","2,516,115"
"SCH - Liquide","25","","48","","146,763","2,513,587"
"Damso - T’es mon DEL","3","","32","","1,266,164","2,513,425"
"Lady Gaga - The Cure","11","","37","","359,201","2,512,806"
"Shay - Notif","7","","29","","668,584","2,511,849"
"Soso Maness - Parapluie","6","","91","","572,258","2,506,666"
"Jérémy Frerot - Tu donnes","9","","129","","326,074","2,505,104"
"Linkin Park - Lost","6","","132","","452,574","2,504,698"
"Adele - Send My Love (To Your New Lover)","20","","51","","233,397","2,504,417"
"PLK - Cash","4","","15","","1,116,131","2,503,662"
"Soolking - Vroom vroom","5","","26","","795,649","2,502,955"
"Timal - La 12","6","","45","","782,342","2,500,384"
"Julian Perretta - I Cry","18","","74","","200,892","2,499,921"
"Imen Es - Attentat","8","","65","","439,646","2,499,660"
"PLK - Terrible","4","","28","","1,116,167","2,495,576"
"Tom Gregory - River","7","","108","","388,443","2,494,708"
"Amir - La fête","8","","170","","326,417","2,494,099"
"Moji x Sboy - Ma go","9","","176","","299,984","2,493,393"
"Jul - Tereza","5","","32","","901,481","2,493,365"
"Smily - Oublier","7","","119","","437,568","2,491,567"
"AMK - Thug","5","","87","","653,438","2,490,479"
"L'Algérino - International","11","","96","","328,156","2,489,116"
"Timal - La 14","6","","54","","577,302","2,489,098"
"Gradur - BLH","5","","20","","1,032,624","2,488,755"
"Jazzy Bazz - Éternité","8","","56","","466,562","2,484,576"
"Vald - Un mot","3","","12","","1,457,493","2,482,765"
"Kiiara - Gold","27","","111","","105,791","2,480,694"
"SCH - Cervelle","4","","11","","1,289,362","2,480,016"
"Elephanz - Maryland","10","","101","","317,938","2,479,289"
"ROSALÍA - La Perla","5","","95","","696,539","2,478,382"
"Gringe - Qui dit mieux","5","","18","","901,607","2,477,885"
"Soso Maness - DLB 13","6","","39","","760,811","2,476,293"
"Sofiane - Ma cité a craqué","13","","77","","231,113","2,476,237"
"Naps - Marseille City","12","","51","","374,488","2,471,567"
"Booba - Génération assassin","21","","18","","269,470","2,471,190"
"6ix9ine - BEBE","8","","68","","381,620","2,469,593"
"Soprano - Millionnaire","22","","26","","196,662","2,468,767"
"Marwa Loud - Ca y est","8","","14","","625,795","2,467,547"
"Ghetto Phénomène - Maria Maria","14","","55","","222,009","2,466,877"
"Vald - Résidus","6","1","6","","961,910","2,466,491"
"Arcane - Remember Me - from the series Arcane League of Legends","4","","80","","718,158","2,463,740"
"Lacrim - Vrais salauds","4","","52","","834,516","2,463,295"
"Dadju - Confessions","5","","27","","837,285","2,463,023"
"Orelsan - La terre est ronde","8","","150","","370,534","2,460,518"
"Vald - No Friends","4","","17","","1,210,525","2,459,839"
"Graya - Coucou","4","","40","","852,504","2,459,828"
"Dove Cameron - Boyfriend","8","","138","","331,896","2,458,035"
"Guy2Bezbar - Wagyu du Jap'","5","","116","","547,309","2,456,422"
"Hooss - La Provence","13","","95","","231,401","2,455,628"
"Ninho - Respect","3","","16","","1,395,693","2,455,531"
"Izïa - Mon cœur","7","","156","","394,298","2,455,523"
"Timar - FDT","5","","109","","560,924","2,454,035"
"T2R - Loka 3","8","","93","","361,384","2,450,724"
"Koba LaD - Omar","4","","13","","1,147,856","2,450,559"
"La Rvfleuze - RKO","3","","21","","1,229,235","2,449,891"
"Martin Garrix - We Are The People","9","","149","","300,859","2,447,675"
"Aya Nakamura - VIP","6","","76","","565,535","2,445,196"
"RK - Dans ma chambre","6","","23","","827,261","2,442,174"
"Nekfeu - Natsukashii","6","","50","","798,901","2,440,124"
"Djadja & Dinaz - À la cool","19","","46","","199,472","2,438,778"
"La Synesia - Ça va aller","13","","172","","214,342","2,437,006"
"SCH - Garcimore","3","","31","","1,319,654","2,436,195"
"Nekfeu - Vinyle","9","","13","","678,554","2,433,241"
"Kaaris - Shooter","5","","37","","854,128","2,433,018"
"Bosh - Anomalie","7","","105","","413,898","2,430,797"
"Niska - Le monde est méchant","4","","36","","912,991","2,430,399"
"SDM - MAINTENANT ÇA VA","3","","51","","1,076,731","2,430,225"
"Christine and the Queens - Saint Claude","40","","25","","124,850","2,430,102"
"Dadju - Makila : Wablé","5","","54","","619,949","2,427,093"
"Jul - Courtoisie","5","","68","","638,503","2,426,872"
"Lomepal - Montfermeil","5","","32","","820,367","2,426,449"
"Robin Schulz - I Believe I'm Fine","11","","109","","246,880","2,426,441"
"Booba - Plaza Athénée","5","","39","","756,313","2,424,186"
"Ninho - Dans la peau","3","","18","","1,342,753","2,423,490"
"J Balvin - UN DIA (ONE DAY) (Feat. Tainy)","8","","142","","371,121","2,422,714"
"Kaaris - Omega","6","","71","","520,433","2,422,345"
"Dinos - Portes Suicide","3","","11","","1,278,961","2,422,282"
"Lacrim - L'immortale","6","","58","","563,275","2,419,383"
"Koba LaD - Tout","5","","17","","1,020,530","2,419,313"
"Mauvais djo - Maladie","3","","43","","979,090","2,419,259"
"Don Toliver - No Idea","7","","97","","403,650","2,419,046"
"CRISPIE - Ladida (My Heart Goes Boom)","7","","123","","362,216","2,415,216"
"Beyoncé - Drunk in Love","42","5","6","","107,193","2,413,028"
"Booba - Dolce Camara - Snight B Remix","5","","87","","591,625","2,411,641"
"Parson James - Temple","25","","91","","108,596","2,410,338"
"Sofiane - Nouveaux parrains","5","","49","","578,902","2,410,110"
"PLK - Hier","6","","21","","825,338","2,409,232"
"David Guetta - Never Going Home Tonight","5","","133","","508,509","2,409,129"
"Hatik - FLK (Fais les kiffer)","6","","47","","593,043","2,407,893"
"Black M - #Askip","16","","47","","269,638","2,406,638"
"Theodora - MASOKO NA MABELE","5","","148","","507,992","2,405,359"
"Dominic Fike - 3 Nights","7","","117","","366,170","2,405,097"
"DTF - Dans la savane","5","","32","","790,699","2,401,184"
"Lomepal - Pour de faux","4","","28","","1,090,453","2,400,980"
"Shakira - Me Enamoré","11","","50","","337,987","2,399,233"
"Landy - R.A.S.","6","","87","","526,431","2,393,152"
"Booba - Geronimo","4","","17","","1,190,585","2,391,926"
"Benash - Ivre","17","","92","","228,830","2,390,506"
"Timal - La 9 - Ruinart","9","","35","","476,638","2,390,277"
"Gazo - AFRIKANBADMAN","3","","19","","1,227,821","2,387,684"
"Patrick Watson - Je te laisserai des mots","6","","187","","446,405","2,385,561"
"Josman - Problèmes de Riche","4","","26","","875,316","2,385,484"
"La Fouine - 300","4","","98","","644,321","2,384,471"
"HT - Aventadoré","5","","139","","506,043","2,383,422"
"Ndotz - Embrace It","5","","139","","512,773","2,382,721"
"Jul - Tu sais d'où je viens","4","","63","","846,344","2,381,939"
"Sofiane - Poto","13","","56","","336,533","2,381,075"
"Angelcy - Laisser faire","7","","108","","435,599","2,378,753"
"Larry - Double L","5","","45","","620,983","2,377,188"
"Gazo - A.V.S.D","3","","20","","1,215,480","2,376,843"
"Vald - J'pourrai","4","","22","","1,151,489","2,376,422"
"Dosseh - Putain d'époque","17","","75","","201,773","2,376,286"
"Koba LaD - Laisse tomber","6","","73","","541,241","2,375,349"
"Ninho - Kitchen","5","","20","","837,681","2,374,516"
"Vald - Rappeur conscient","3","","15","","1,384,610","2,373,588"
"Djadja & Dinaz - Booska 77","5","","29","","774,310","2,372,986"
"Black M - Mme. Pavoshko","37","1","10","","124,642","2,372,862"
"Ninho - KING VON","3","","31","","1,161,486","2,372,320"
"6ix9ine - KIKA","8","","41","","561,290","2,371,487"
"Booba - Rebel","3","","24","","1,375,038","2,371,003"
"Gazo - SOBAD","3","","16","","1,320,092","2,369,408"
"Heuss L'enfoiré - En esprit","6","","35","","709,393","2,367,467"
"Kaaris - Sosa","4","","23","","1,106,172","2,366,077"
"Freeze corleone - Polémique","7","","117","","388,082","2,365,352"
"Nouvelle École - Cypher Team SDM - Nouvelle École","4","","93","","644,308","2,363,401"
"Alonzo - Vaillant","22","","33","","243,557","2,362,889"
"Louane - la pluie","5","","137","","499,380","2,361,007"
"Bigflo & Oli - Comme d'hab","28","","28","","164,167","2,359,445"
"Damso - BruxellesVie","21","","84","","140,671","2,358,565"
"Yb Wasg'ood - LUNA BALA - Slowed","5","","177","","501,945","2,358,526"
"Timal - Rien de nouveau","8","","27","","540,963","2,357,173"
"Cardi B - Up","8","","149","","333,657","2,356,961"
"Jul - Drôle de dame","10","","86","","298,540","2,354,916"
"RIDSA - Olé","7","","132","","360,973","2,351,929"
"Landy - Ma werss","5","","60","","638,608","2,349,527"
"Måneskin - ZITTI E BUONI","7","","97","","427,045","2,349,416"
"Timal - Cartel","9","","44","","422,400","2,348,235"
"Alonzo - Regarde moi","21","","30","","255,039","2,343,502"
"Sleepy Hallow - A N X I E T Y","3","","35","","954,244","2,339,443"
"Fally Ipupa - Kiname","16","","77","","238,775","2,337,167"
"Colorblast - Message In A Bottle - Colorblast Version","7","","137","","377,461","2,336,862"
"Larry - Booster","6","","55","","602,283","2,332,301"
"Camila Cabello - My Oh My","8","","130","","331,904","2,331,499"
"Jul - Qui a dit ?","13","","50","","329,187","2,330,744"
"Lacrim - Bloody","4","1","10","","1,133,593","2,328,896"
"Ed Sheeran - I See Fire","56","","27","","72,359","2,328,822"
"Kygo - Here for You","31","","69","","101,243","2,328,480"
"Jabberwocky - Photomaton","61","","11","","78,396","2,327,658"
"Djadja & Dinaz - Carré d'as","4","","27","","1,029,981","2,327,626"
"Jul - Bentayga","3","","30","","1,180,198","2,326,775"
"Avicii - The Days","25","5","8","","173,794","2,324,833"
"Selena Gomez - Bad Liar","13","","65","","278,961","2,323,098"
"Sadek - La Paresse","22","","86","","135,981","2,321,767"
"Booba - Sport Billy","3","","32","","1,154,277","2,318,710"
"Niska - R.A.S","4","","27","","934,030","2,317,361"
"Booba - E.L.E.P.H.A.N.T - Bonus Track","7","","21","","788,153","2,308,831"
"GIMS - Boucan - Pilule Violette","14","","54","","229,610","2,308,627"
"Jul - GTA","4","","33","","1,031,535","2,308,430"
"Maes - Profesor","3","","18","","1,379,419","2,306,591"
"Synapson - Djon maya maï","28","","77","","152,642","2,306,325"
"Ziak - Prière","4","","33","","992,402","2,306,143"
"Gaspard Royant - Christmas Is Back in Town","3","","62","","886,963","2,304,260"
"Oria - Soirée mondaine","4","","91","","640,780","2,300,001"
"Vegedream - Personne","6","","49","","567,552","2,294,176"
"Niska - D.M.B","6","","21","","800,049","2,289,800"
"Green Montana - EVIDEMMENT","6","","72","","540,436","2,289,360"
"Paul McCartney - Wonderful Christmastime - Edited Version / Remastered 2011","4","","110","","669,367","2,286,617"
"Nico & Vinz - That's How You Know","25","","78","","119,781","2,285,888"
"The Lumineers - Ophelia","21","","85","","217,046","2,284,246"
"Benab - Andale","5","","44","","623,767","2,283,478"
"Hamza - Dale x Love Therapy","5","","16","","917,950","2,281,662"
"Ava Max - Maybe You’re The Problem","7","","153","","348,503","2,279,702"
"The Avener - Castle In The Snow","38","","69","","79,321","2,278,836"
"Naps - Avengers","4","","20","","870,272","2,277,969"
"Jul - Dans l'appart","19","","37","","210,845","2,274,831"
"Black M - Je ne dirai rien","28","1","8","","164,848","2,273,480"
"Alonzo - Finis les","31","","49","","116,220","2,273,400"
"Drake - Hold On, We're Going Home","54","1","10","","75,491","2,267,753"
"ANNA - Bando","6","","119","","432,836","2,267,004"
"Freeze corleone - DÉGRADÉ","5","","60","","631,549","2,265,943"
"Sadek - Tentacíon","6","","59","","442,765","2,263,898"
"Tiakola - FORMIDABLE","3","","42","","1,098,708","2,263,035"
"PNL - J'suis PNL","28","","70","","117,905","2,262,821"
"Black M - Je suis chez moi","20","","84","","144,760","2,256,857"
"Djadja & Dinaz - Miss France","4","","75","","655,855","2,256,230"
"Jul - Amigo","8","","35","","555,706","2,254,758"
"SCH - Beaux arts","3","","37","","1,218,157","2,254,067"
"Alan Walker - Tired - Kygo Remix","12","","116","","206,263","2,253,651"
"DJ Snake - Diana","3","","41","","976,004","2,251,788"
"Dinos - Ma Baby","3","","16","","1,179,196","2,250,983"
"Tungevaag - Wicked Wonderland (Radio Edit)","22","","39","","150,138","2,250,387"
"PNL - Bang","6","","37","","748,818","2,248,531"
"Charles Aznavour - La bohème","5","","63","","533,818","2,247,491"
"Victor Thompson - THIS YEAR (Blessings)","6","","163","","407,082","2,244,478"
"Koba LaD - ORgueilleux","7","","92","","368,448","2,242,247"
"Ninho - Toutes options","6","","18","","852,147","2,242,012"
"SCH - VNTM","4","1","8","","1,148,309","2,241,132"
"Johnny Hallyday - Je te promets","6","","13","","795,353","2,239,311"
"Alpha Wann - ny à fond","4","","22","","1,107,576","2,234,787"
"PNL - Rebenga","28","","60","","124,926","2,233,361"
"Marian Hill - Down","10","","52","","342,975","2,232,905"
"Vald - Poches pleines","3","","14","","1,281,263","2,231,919"
"Josman - Tulum, México","4","","80","","639,898","2,231,040"
"Zola - Jamais","5","","36","","1,003,863","2,229,272"
"INNA - UP","7","","118","","360,730","2,228,055"
"Zola - Temps en temps","2","","26","","1,156,149","2,224,263"
"Shades - Talent","5","","60","","626,245","2,224,054"
"Carbozo - Tir du Brazil","5","","34","","669,996","2,223,568"
"Gazo - OUTRO","3","","25","","1,117,041","2,221,292"
"Gazo - AMBITIONS","3","","22","","1,206,197","2,219,641"
"Green Montana - phileas fogg","4","","64","","738,503","2,219,546"
"PNL - Ryuk","6","","39","","736,881","2,218,960"
"Marina Kaye - Dancing With The Devil","21","","64","","125,618","2,218,190"
"Vald - Je ressens rien","3","","18","","1,329,829","2,215,882"
"La Mano 1.9 - Chanel","2","","31","","1,147,543","2,215,548"
"Jubël - Dancing In The Moonlight","5","","108","","483,905","2,213,975"
"Timal - La 13","4","","22","","1,030,646","2,211,976"
"Lorde - Team","36","","15","","110,262","2,211,802"
"Kalash Criminel - ENCORE LES PROBLÈMES","3","","28","","1,190,253","2,211,657"
"Heuss L'enfoiré - G.M.T.B","5","","33","","736,236","2,211,644"
"Soolking - Baila","6","","139","","392,549","2,211,609"
"Freeze corleone - Argent noir part. 3","3","","24","","1,108,960","2,209,850"
"Niska - Elle avait son Djo","16","","81","","194,173","2,209,376"
"Justin Bieber - Anyone","7","","107","","374,336","2,208,790"
"Aya Nakamura - Gangster","5","","19","","854,765","2,203,725"
"Black M - French Kiss","13","","60","","278,245","2,203,399"
"Vald - Deviens génial","6","","14","","810,184","2,203,363"
"Ninho - Malsain","3","","33","","1,198,289","2,201,799"
"Moha La Squale - M'appelle pas mon frérot","9","","68","","323,126","2,197,273"
"Smily - On y va","5","","113","","500,848","2,195,870"
"Vald - Pensionman","3","","16","","1,245,275","2,195,673"
"Gambi - C'est moi Mbappé","7","","133","","343,040","2,195,345"
"Dadju - Seconde chance","9","","49","","480,830","2,195,299"
"Booba - Leo Messi","4","","30","","1,002,366","2,194,573"
"DA Uzi - Kongolais mauvais","5","","34","","698,788","2,194,050"
"WarEnd - Sans nuances","4","","71","","686,726","2,193,808"
"GIMS - GARANTIE","3","","47","","889,265","2,193,091"
"Hamza - Cocoro","3","","20","","1,237,261","2,192,715"
"Robinson - Ayo Girl (Fayahh Beat)","7","","141","","327,902","2,192,453"
"Naps - Dans le block","7","","33","","483,436","2,191,733"
"Radiohead - Creep","5","","178","","448,046","2,186,815"
"Alfa - a me mi piace","5","","131","","512,166","2,184,750"
"Tiakola - Riri / No camera","5","","62","","604,210","2,184,367"
"Leto - Big Meech","5","","35","","721,683","2,183,399"
"Jul - Sous terre","4","","24","","1,076,304","2,182,397"
"Gazo - WAYANS","3","","40","","1,093,850","2,181,159"
"James Bay - Hold Back The River","26","","27","","146,306","2,180,709"
"Adèle Castillon - Ce soir","4","","77","","787,649","2,178,865"
"YL - Vai Nova","8","","39","","466,598","2,177,329"
"Aaron Carter - Sooner Or Later","9","","59","","272,343","2,177,051"
"T2R - Bye Bye","8","","145","","359,321","2,175,965"
"ISK - Laisse tomber","5","","92","","539,465","2,172,901"
"Damso - Mony","2","","20","","1,515,236","2,172,174"
"Niro - Solvable, Partie 1","5","","47","","695,793","2,171,704"
"SCH - Marginaux","3","","17","","1,203,698","2,170,676"
"Various Artists - Happy","34","9","1","(x2)","153,170","2,170,344"
"Dadju - Apollonia","6","","45","","631,481","2,169,063"
"Rim'K - Metaverse","4","","42","","782,889","2,168,600"
"Kaaris - Deux Deux","3","","12","","1,321,675","2,165,874"
"Vald - Laisse tomber","3","","21","","1,226,166","2,161,944"
"Aya Nakamura - Tchop","3","1","8","","1,287,505","2,159,486"
"Damso - Conséquences","2","","21","","1,467,895","2,157,226"
"KABONGO-DJ - Merci les bleus","4","","47","","781,745","2,156,344"
"Ninho - Tout ira mieux","16","","62","","212,888","2,156,065"
"Ninho - Plus qu’eux","3","","25","","1,216,180","2,151,388"
"Vald - Seum","5","1","7","","953,015","2,150,804"
"Major Lazer - Powerful","29","","60","","132,041","2,150,635"
"RK - On sait","5","","21","","848,876","2,149,387"
"Rihanna - We Found Love","19","","107","","506,337","2,148,858"
"Camila Cabello - Real Friends","9","","59","","355,352","2,148,104"
"Lorenzo - Ce genre","6","1","10","","723,664","2,147,372"
"Brandon Beal - Golden","17","","62","","165,125","2,146,001"
"Soolking - Milano","12","","162","","192,752","2,145,746"
"Kalash - Tennessee","4","","44","","736,524","2,144,495"
"Moha La Squale - Basta na basta","5","","51","","588,965","2,141,250"
"PLK - Pas comme eux","3","","44","","983,351","2,137,135"
"Bruno Mars - Risk It All","4","","71","","664,618","2,134,466"
"Kygo - Lose Somebody","6","","116","","404,625","2,131,789"
"Booba - Seychelles","3","","32","","1,022,258","2,126,703"
"Rimkus - Santorini","3","","22","","934,155","2,125,762"
"Doja Cat - Say So","5","","67","","516,432","2,123,902"
"Tyga - Ayy Macarena","7","","144","","335,785","2,123,479"
"Mayo - Mauvais","4","","89","","616,070","2,123,239"
"Fally Ipupa - Bad Boy","13","","136","","188,194","2,119,769"
"Jul - Rosé jetski playa","4","","33","","898,260","2,119,300"
"Laylow - VOIR LE MONDE BRÛLER","4","","20","","1,091,759","2,117,560"
"Werenoi - En pétard","3","","39","","1,108,520","2,117,342"
"S.Pri Noir - La Cour des Miracles","3","","30","","1,065,657","2,116,012"
"Dinos - Paranoïaque","3","","11","","1,181,581","2,113,138"
"Moha La Squale - Papa Noël","8","","80","","323,360","2,113,105"
"Purple Disco Machine - Dopamine","6","","132","","367,614","2,110,079"
"Bigflo & Oli - Picasso","3","","56","","854,298","2,109,999"
"Kaaris - Briganté","5","","24","","839,830","2,109,227"
"Macklemore & Ryan Lewis - Downtown","19","","40","","173,764","2,106,909"
"WizTheMc - Take My Mind","4","","80","","663,025","2,106,721"
"Ninho - LETTRE À UN FILS","2","","17","","1,420,353","2,105,663"
"Naps - Dreamlife","6","","108","","441,956","2,104,868"
"PLK - Calme","3","","26","","1,138,151","2,104,214"
"KeBlack - Menteuse","11","","157","","222,385","2,102,500"
"Nekfeu - CDGLAXJFKHNDATH","4","","35","","910,355","2,101,271"
"Niro - Stupéfiant","5","","68","","627,954","2,100,946"
"Laylow - UN RÊVE ÉTRANGE","4","","21","","1,087,610","2,099,147"
"Vald - Bien sûr - Bonus","3","","22","","1,210,065","2,098,815"
"Alicia Keys - Blended Family (What You Do For Love)","14","","67","","249,176","2,097,653"
"PLK - Pas les mêmes","10","","98","","279,934","2,097,426"
"Sheppard - Geronimo","36","","28","","97,261","2,094,946"
"Guy2Bezbar - Guapa","3","","43","","856,086","2,094,308"
"PLK - 3 en 1","3","","29","","1,113,226","2,092,233"
"Columbine - Borderline","6","","48","","634,051","2,090,988"
"Dadju - Intuition","8","","35","","527,202","2,089,589"
"SDM - Le bruit des applaudissements","6","","45","","595,785","2,086,326"
"Jul - La máquina","3","","35","","971,376","2,086,215"
"Rihanna - Breakin' Dishes","5","","173","","432,578","2,085,153"
"Rihanna - Diamonds","52","","13","","362,592","2,084,159"
"Capital Cities - Safe And Sound","65","","25","","58,704","2,083,209"
"Jul - Hey","4","","45","","904,929","2,082,750"
"Ninho - J’AI PAS CHANGÉ","2","","23","","1,371,673","2,081,625"
"Vald - Réflexions basses","5","","12","","867,731","2,080,230"
"Tiakola - PROTECT","3","","45","","1,010,054","2,080,117"
"MHD - XIX","5","","31","","760,844","2,076,338"
"Lil Nas X - Rodeo","6","","99","","493,694","2,074,373"
"Freeze corleone - Chen Laden","4","","36","","888,460","2,071,460"
"S-Crew - N'oublie pas","3","","15","","1,262,223","2,070,313"
"Parcels - Overnight","11","","71","","262,947","2,066,727"
"Emma Louise - Jungle","33","","19","","127,130","2,063,870"
"Jul - Je m'en fous de ta nana","11","","48","","334,067","2,061,942"
"Hatik - Plus riche","5","","63","","538,867","2,059,146"
"GIMS - Le prix à payer","6","","122","","359,700","2,058,934"
"Ariana Grande - Focus","15","","39","","176,554","2,058,288"
"Lefa - 230","6","","75","","540,510","2,057,783"
"Ninho - Authentique","3","","58","","955,483","2,057,005"
"PLK - Incontrolables","3","","23","","1,113,382","2,056,375"
"Jason Derulo - Talk Dirty","33","6","5","","84,389","2,056,105"
"Daddy Yankee - Gasolina","5","","153","","447,744","2,054,967"
"Chris Rea - Driving Home for Christmas - 2019 Remaster","4","","90","","574,445","2,054,681"
"PLK - Arai","4","","25","","946,230","2,052,666"
"FIFTY FIFTY - Cupid - Twin Ver.","5","","128","","441,119","2,052,002"
"SCH - All Eyes On Me","3","","14","","1,208,369","2,051,756"
"Avicii - Addicted To You","28","3","7","","223,949","2,051,158"
"Damso - VIE OLENCE","2","","28","","1,363,876","2,050,897"
"Romsii - Nototune","4","","62","","640,173","2,049,285"
"Aya Nakamura - J'ai mal","4","","56","","717,334","2,047,547"
"Dinos - 93 mesures","3","","16","","1,128,937","2,047,156"
"Damso - KAKI","3","","53","","990,956","2,046,942"
"Djadja & Dinaz - Catalogués bandits","10","","32","","422,143","2,044,983"
"PLK - POL-AK","3","","20","","1,076,226","2,043,907"
"Martin Garrix - Ocean","9","","115","","284,997","2,043,096"
"Timal - Ounahi","4","","95","","656,561","2,042,376"
"KeBlack - Premier étage","11","","51","","303,759","2,041,076"
"SCH - Crois-moi","2","","28","","1,391,009","2,040,779"
"MMZ - Orion","8","","47","","444,541","2,040,708"
"Alonzo - Amigo","8","","104","","278,426","2,040,548"
"S-Crew - Nek O","4","","32","","893,382","2,036,457"
"PLK - Dis-moi oui","9","","82","","313,920","2,036,428"
"Koba LaD - Everyday","4","","18","","1,003,280","2,035,210"
"13 Organisé - C’est maintenant","4","","31","","933,432","2,034,765"
"SCH - Petit coeur","3","","17","","1,191,333","2,034,523"
"Louane - Je vole","32","","22","","114,041","2,032,748"
"Moha La Squale - La BP","7","","35","","493,315","2,028,649"
"Herve Pagez - Spicy - with Diplo & Charli XCX","6","","109","","377,601","2,028,328"
"RK - J'repars à la guerre","5","","37","","712,812","2,027,960"
"Leto - Préjudice","4","","52","","692,826","2,026,159"
"BMYE - Pourquoi chérie","12","","111","","184,285","2,024,294"
"Le classico organisé - Légendaire","3","","24","","1,104,687","2,023,715"
"Gesaffelstein - Lost in the Fire","6","","76","","402,214","2,022,786"
"Jul - Ne m'en voulez pas","19","","49","","178,229","2,022,662"
"PLK - Business class","2","","24","","1,315,428","2,018,772"
"Jul - Mafiosa","3","","50","","973,943","2,018,280"
"Gazo - PURE CODEI","2","","20","","1,436,833","2,017,728"
"AJR - Weak","8","","63","","266,249","2,017,615"
"Dinos - Prends soin de toi","3","","13","","1,170,159","2,016,617"
"Ninho - INTRO - LA PRESSION","2","","21","","1,381,394","2,013,968"
"Lauren Daigle - You Say","6","","102","","374,016","2,012,755"
"Tsew The Kid - Wouna","7","","126","","354,652","2,012,386"
"PLK - Gare du Nord","3","","39","","913,947","2,012,152"
"Damso - J’avais juste envie d’écrire.","4","","43","","623,099","2,010,789"
"Maes - B22","3","","19","","1,095,017","2,009,198"
"Alonzo - HASTA LA VISTA","4","","80","","675,037","2,008,750"
"Beyoncé - 7/11","31","","20","","114,298","2,008,632"
"Eve La Marka - Bayonetta - Nouvelle École","3","","74","","761,683","2,008,369"
"Toby Romeo - Where The Lights Are Low","7","","158","","309,937","2,008,097"
"Justin Bieber - Hold On","5","","94","","467,973","2,006,035"
"OBOY - Saint Laurent","3","","49","","846,935","2,004,735"
"Fleetwood Mac - Dreams - 2004 Remaster","6","","119","","405,595","2,003,974"
"Bad Bunny - VeLDÁ","4","","103","","554,391","2,003,739"
"Rimkus - Ali","4","","72","","614,788","2,001,938"
"Nekfeu - Chanson d'amour","5","","61","","719,865","1,999,300"
"Lamatrix - 11H","4","","25","","860,016","1,999,155"
"Miley Cyrus - Wrecking Ball","30","15","2","(x1)","102,055","1,998,008"
"Rsko - Mucho cuir","4","","51","","616,576","1,995,771"
"SCH - Soldi famiglia","2","","21","","1,366,956","1,995,766"
"Jul - Ghost Rider","18","","45","","197,398","1,992,073"
"Jul - Aghju capitu","4","","48","","889,070","1,991,020"
"Louane - Si t'étais là","10","","100","","290,126","1,990,063"
"Walk off the Earth - Rule the World","24","","42","","120,382","1,988,579"
"YL - Mala","5","","41","","538,733","1,988,499"
"Coldplay - Higher Power","6","","89","","400,486","1,985,969"
"Djadja & Dinaz - Moi-même","4","","33","","917,283","1,984,534"
"Kaza - 3.5.7","5","","65","","579,489","1,983,845"
"Djadja & Dinaz - Full Black","3","","29","","977,610","1,983,496"
"Jul - J'suis loin","3","","32","","1,050,727","1,982,655"
"Miguel - Sure Thing","5","","122","","437,199","1,982,081"
"Gambino - Salou","5","","102","","445,337","1,981,863"
"13 Block - Babi","4","","49","","639,042","1,980,881"
"Lauv - i'm so tired...","7","","117","","328,671","1,978,315"
"RIDSA - Je m'en fous","20","","91","","135,271","1,977,445"
"Vald - Ma star","3","","23","","1,129,644","1,977,003"
"JRK 19 - Astrid","3","","52","","842,702","1,975,968"
"ICO - Dédicace","6","","117","","372,919","1,971,071"
"Youssoupha - Smile","22","","36","","141,054","1,970,646"
"Jul - Fais moi la passe","5","","50","","526,996","1,970,338"
"Sofiane - #JesuispasséchezSo EP 12","4","","52","","674,155","1,969,835"
"Josman - J'allume","5","","80","","529,787","1,967,178"
"menace Santana - QLNT","5","","76","","575,653","1,966,789"
"Werenoi - Bang","3","","22","","1,033,678","1,966,123"
"Gradur - Pas solo","3","","57","","761,472","1,965,840"
"Rim'K - French Riviera","4","","108","","561,423","1,965,561"
"RK - Billie Jean - Remix","5","","64","","605,276","1,965,141"
"Hailee Steinfeld - Capital Letters","8","","83","","316,557","1,964,991"
"Soolking - Otra","4","","123","","552,053","1,964,349"
"Mister V - Gas","4","","39","","643,442","1,963,032"
"Rim'K - DeLorean","8","","137","","302,172","1,961,279"
"Roméo Elvis - Chocolat","5","","37","","827,184","1,961,260"
"Bella Poarch - Build a Bitch","6","","109","","359,313","1,961,250"
"Jul - Ils m'ignorent","20","","62","","157,906","1,960,718"
"Jason Derulo - Lifestyle","7","","140","","309,689","1,959,944"
"Vald - Pas deux fois","3","","25","","1,153,804","1,957,910"
"Tayc - London Fever","4","","103","","554,764","1,957,566"
"Dinos - Maman m'aime","3","","15","","1,131,287","1,957,081"
"Djadja & Dinaz - Ce qui est à nous","7","","43","","465,176","1,957,028"
"Lisandro Cuxi - Danser","9","","108","","246,324","1,953,378"
"Klingande - Jubel","47","","23","","73,023","1,950,487"
"Tryo - L'hymne de nos campagnes 2019","6","","115","","382,050","1,949,867"
"UZI - Bella","5","","64","","503,327","1,949,580"
"DTF - Boyz","5","","73","","527,276","1,948,800"
"Jul - Limitless","4","","40","","802,211","1,948,471"
"The Chainsmokers - Hope","6","","82","","402,590","1,948,062"
"Joel Corry - Lionheart (Fearless)","5","","129","","460,110","1,945,411"
"RnBoi - BESTIE","3","","58","","771,676","1,943,323"
"Wejdene - Ciao","4","","42","","825,994","1,942,209"
"Matt and Kim - Can You Blame Me","26","","53","","97,535","1,940,183"
"Dayvi - Baila Conmigo","7","","147","","300,498","1,939,819"
"DJ Snake - You Know You Like It","23","","21","","180,258","1,937,743"
"Naps - Sans limites","5","","69","","524,963","1,936,779"
"Hornet La Frappe - La Peuf 4","5","","94","","432,808","1,936,444"
"Orelsan - Le pacte","2","","21","","1,445,996","1,935,357"
"Nekfeu - Energie sombre","4","","46","","835,335","1,934,737"
"Coelho - AMF - Nouvelle École","3","","32","","954,210","1,934,099"
"Landy - Aminata","5","","77","","464,456","1,933,788"
"Sofiane - Arafricain","7","","15","","592,323","1,933,561"
"Vianney - N'attendons pas","6","","115","","356,838","1,931,538"
"Michou - Dans le club","5","","86","","466,399","1,929,042"
"Kendji Girac - Les yeux de la mama","25","","75","","124,453","1,927,482"
"AronChupa - I'm an Albatraoz","32","","21","","132,589","1,927,118"
"Timal - Bruce Wayne","4","","32","","746,890","1,926,808"
"Leto - Derrière nos tours","4","","32","","826,178","1,924,939"
"Josman - L'Œil de la Joconde","4","","27","","886,409","1,924,613"
"Landy - Tu veux quoi","4","","143","","506,023","1,923,319"
"SCH - Rêves de gosse","21","","71","","110,882","1,922,195"
"S-Crew - Encore","3","","28","","1,065,344","1,921,479"
"PLK - Pas de sentiments","3","","23","","1,029,671","1,921,190"
"Jul - Juste un bisou","3","","41","","926,876","1,921,120"
"Lacrim - Tristi","7","","13","","598,210","1,920,411"
"SDM - DANS LA TÊTE DES GENS","3","","68","","848,434","1,919,827"
"Kanye West - Hurricane","4","","40","","698,598","1,918,961"
"SCH - Pas de manières","21","","72","","112,178","1,918,317"
"Zkr - Philly","4","","60","","651,527","1,917,298"
"Dinos - Diptyque","3","","14","","1,142,360","1,917,078"
"Katy Perry - Roar","40","9","4","","78,038","1,915,561"
"PLK - La vie c'est marrant","3","","31","","1,035,644","1,914,472"
"PLK - Flash","3","","51","","866,390","1,913,989"
"Stromae - La solassitude","3","","17","","1,133,887","1,912,192"
"Vald - Rocking Chair","5","","18","","754,414","1,910,852"
"Nahir - Ça va bien se passer","6","","115","","350,448","1,909,543"
"Lacrim - CODE BARRE","3","","37","","742,096","1,909,400"
"Ninho - Mac 11","4","","28","","764,392","1,907,541"
"Orelsan - Deux et demi","2","","26","","1,340,520","1,905,785"
"Dosseh - KFC","7","","46","","408,889","1,905,750"
"Le Motif - Ma Love","5","","111","","458,276","1,905,322"
"Leto - Ouais Ouais","4","","37","","790,636","1,904,395"
"Chily - Boire et mousser","2","","13","","1,388,147","1,904,253"
"Werenoi - 3x filtré","3","","29","","947,569","1,901,188"
"Hamza - Nasa","2","","19","","1,325,748","1,900,991"
"SCH - J'reviens de loin","21","","75","","112,512","1,900,802"
"Damso - 24h plus tôt","2","","25","","1,344,624","1,899,576"
"BLACKPINK - Shut Down","4","","52","","736,491","1,898,189"
"Roméo Elvis - Coeur des hommes","5","","44","","764,818","1,897,662"
"Jul - Mauvaise journée","9","","85","","363,925","1,897,569"
"Young Thug - pick up the phone","18","","114","","123,088","1,896,948"
"SCH - Tokarev","4","","17","","958,466","1,896,108"
"Lacrim - Kanun","4","","67","","610,503","1,894,965"
"Lil Nas X - SUN GOES DOWN","6","","142","","340,716","1,894,390"
"Vald - Pourquoi","3","","26","","1,072,618","1,891,100"
"Beyoncé - Halo","11","","164","","184,502","1,890,547"
"Nekfeu - malevil","4","","36","","902,097","1,889,027"
"SCH - La battue","2","","21","","1,445,540","1,888,453"
"Koba LaD - Recul","4","","23","","879,163","1,887,253"
"Calvin Harris - Potion","5","","118","","418,266","1,885,931"
"Niska - Paris","3","","28","","1,023,397","1,885,551"
"Billy Idol - Eyes Without A Face","4","","137","","496,559","1,883,074"
"Kendji Girac - Conmigo","22","","24","","172,240","1,882,627"
"Jul - Sur la Costa del Sol","3","","34","","898,920","1,880,777"
"Lynda - 1 Minute","3","","59","","801,200","1,879,454"
"UZI - Trophée","4","","42","","768,119","1,877,253"
"Justin Bieber - Holy","5","","127","","417,889","1,876,709"
"Larry - Gaz","7","","123","","318,547","1,874,449"
"Zola - Bad Bi","5","","163","","417,482","1,873,773"
"Djadja & Dinaz - Non non","7","","30","","538,923","1,873,633"
"Orelsan - Plus rien","2","","24","","1,378,284","1,873,304"
"The Weeknd - Die For You - Remix","2","","16","","1,096,979","1,873,213"
"La Mano 1.9 - VIP","3","","46","","832,614","1,872,710"
"Vald - Rappel","3","","28","","1,016,322","1,872,690"
"Tiakola - Parapluie","4","","54","","661,006","1,872,354"
"Timal - Copilote","4","","37","","833,089","1,871,991"
"SCH - J'attends","9","","38","","431,430","1,871,943"
"Lacrim - GOGETA","4","","99","","541,253","1,871,550"
"Imagine Dragons - Next To Me","9","","136","","253,122","1,870,791"
"Angèle - Solo","3","","45","","969,329","1,869,467"
"PLK - Copine","4","","145","","507,648","1,868,981"
"Mister V - Boogie","3","","28","","1,116,546","1,868,924"
"Pedro Capó - Calma - Alan Walker Remix","5","","79","","472,240","1,868,730"
"Kalash Criminel - Dans la zone","4","","32","","770,216","1,868,244"
"Willylancien - magique","2","","33","","1,130,921","1,867,846"
"Ziak - Chrome","3","","29","","933,084","1,865,440"
"Josman - F*cked Up 4","4","","23","","780,763","1,865,437"
"Gradur - Mon BB","3","","43","","816,778","1,864,441"
"Jul - Gigi","3","","32","","905,637","1,861,010"
"Freeze corleone - Big Pharma","3","","29","","993,568","1,858,045"
"Pitbull - Time of Our Lives","27","","45","","117,346","1,856,444"
"Vieux Père - Yafama - Nouvelle École","3","","31","","957,240","1,853,853"
"Dinos - Je Wanda","3","","18","","1,070,021","1,853,830"
"PNL - Tahia PNL","4","","17","","893,606","1,851,965"
"Thomston - Burning Out","19","","12","","142,929","1,850,140"
"Hooss - A la Gustavo","18","","139","","128,554","1,849,475"
"13 Block - Ghetto","5","","57","","553,320","1,846,951"
"Soso Maness - Toute la noche","4","","45","","706,706","1,846,314"
"UZI - Coeur abimé","4","","60","","511,554","1,846,023"
"Alonzo - Guadalajara","4","","131","","483,304","1,844,137"
"Gazo - OPTIMALE","2","","22","","1,302,333","1,843,979"
"Mister V - Venice","8","","22","","528,806","1,842,245"
"Franglish - Biberon","6","","133","","359,795","1,842,164"
"Julien Doré - La fièvre","6","","141","","369,173","1,840,953"
"Jul - Son ex","3","","25","","1,053,191","1,837,834"
"Therapie TAXI - Salop(e)","10","","151","","193,012","1,837,239"
"Vald - PROZACZOPIXAN RELOADED","4","","127","","509,535","1,834,092"
"Aya Nakamura - Faya","4","","30","","771,647","1,833,123"
"Ninho - WALLET","2","","24","","1,283,823","1,830,591"
"The Weeknd - Double Fantasy","4","","64","","603,183","1,828,202"
"DJ Hamida - C'est une frappe","10","","101","","241,517","1,828,142"
"Negrito - J'ai Payé","4","","90","","550,658","1,827,975"
"Boulevard des Airs - Je me dis que toi aussi","9","","127","","257,500","1,827,630"
"Zkr - Romance criminelle","5","","51","","577,733","1,827,081"
"Rihanna - Love On The Brain","12","","121","","176,650","1,823,878"
"Hornet La Frappe - Des années","4","","65","","707,562","1,822,411"
"SCH - Solides","21","","77","","115,752","1,822,144"
"Nekfeu - L'air du temps","4","","51","","788,840","1,820,298"
"Zay Hilfigerrr - Juju On That Beat (TZ Anthem)","14","","103","","155,702","1,820,021"
"Damso - YA TENGO SENTIMIENTOS","2","","38","","1,180,028","1,819,985"
"Travis Scott - MELTDOWN","3","","30","","971,706","1,818,012"
"Alkpote - Nautilus","5","","78","","470,447","1,817,801"
"Selena Gomez - Look At Her Now","5","","108","","424,535","1,817,530"
"Jul - Veste Quechua","3","","24","","983,037","1,816,974"
"DA Uzi - Autre part","4","","24","","793,401","1,816,372"
"Vald - Royal Bacon","3","","29","","1,014,016","1,816,042"
"Bob Marley & The Wailers - Could You Be Loved","4","","129","","528,346","1,815,274"
"Black M - La légende Black","27","","17","","136,406","1,814,498"
"DJ Bens - Dans la cité","5","","100","","470,645","1,813,785"
"RK - Cramé","4","","26","","796,675","1,813,781"
"SCH - Miroirs","2","","26","","1,258,459","1,812,797"
"Soprano - Facile à danser","4","","146","","478,298","1,812,167"
"Charli xcx - Boom Clap - Soundtrack Version","22","","12","","138,047","1,811,683"
"Taylor Swift - Elizabeth Taylor","2","","31","","1,216,346","1,811,212"
"Timal - La 10","5","","22","","685,503","1,807,787"
"Nekfeu - Oui et non","4","","57","","740,204","1,807,748"
"Oby One - Heneni","5","","95","","437,290","1,807,520"
"Lacrim - 2 Pac","6","1","7","","703,405","1,805,861"
"Ninho - PGP","4","","15","","868,874","1,805,133"
"OBOY - Ysl","4","","32","","764,431","1,804,426"
"La Rvfleuze - Money in the Bank","3","","72","","712,696","1,803,800"
"PLK - Sacré quotidien","2","","30","","1,192,647","1,800,930"
"Rsko - Bosseur","4","","70","","633,270","1,800,198"
"Naza - Ma Play","6","","126","","351,885","1,799,598"
"GLK - Zehma","5","","88","","459,257","1,799,290"
"Jul - Alcantara","3","","34","","899,990","1,798,030"
"Stromae - Ta fête","42","4","6","","78,257","1,797,623"
"Mister V - Miami Heat","3","","35","","1,025,330","1,797,002"
"PLK - Chouchou","3","","53","","832,102","1,794,572"
"XXXTENTACION - whoa (mind in awe)","6","","52","","524,337","1,791,825"
"Green Montana - bank","3","","46","","866,421","1,791,524"
"Jul - Beuh à la framboise","4","","57","","763,130","1,790,305"
"Djadja & Dinaz - Forza","5","","71","","528,003","1,787,920"
"Niro - Millenials (Génération Y)","6","","126","","336,906","1,787,864"
"Bramsito - Habiba","6","","143","","351,459","1,785,205"
"Freeze corleone - Pas de refrain","3","","30","","988,634","1,784,673"
"Aya Nakamura - Claqué","5","","87","","487,456","1,784,414"
"Ninho - Bob","5","","28","","694,492","1,782,987"
"Jul - C'est pas ma faute","10","","53","","338,361","1,782,926"
"S.Pri Noir - Bonsoir Paris (Mama No Cry)","4","","93","","509,630","1,782,526"
"Kendji Girac - Color Gitano","38","","39","","84,887","1,781,940"
"Jazzy Bazz - Panorama","4","","54","","677,964","1,779,612"
"Dadju - Saigne","3","","43","","698,945","1,778,368"
"RK - #DansLeTierquar (Lyon)","5","","64","","527,674","1,776,148"
"PLK - Tu crois j'suis con ou quoi","2","","29","","1,202,982","1,775,906"
"Luidji - Foufoune Palace","5","","177","","435,604","1,775,263"
"LANY - Super Far","9","","111","","241,669","1,774,408"
"Gazo - M.A.L.A","3","","29","","1,035,514","1,772,981"
"Laylow - WINDOW SHOPPER PART. 1","3","","25","","1,044,254","1,772,037"
"Koba LaD - Guedro","6","","85","","490,517","1,771,846"
"Gradur - Jamais","33","","19","","140,396","1,771,798"
"Naps - Pourcent","4","","45","","710,135","1,771,589"
"Anne-Marie - 2002","8","","124","","256,944","1,771,350"
"Leto - Double binks","5","","33","","695,280","1,768,554"
"A2sia - Dans Tes Bras","4","","163","","454,042","1,767,522"
"Mister You - Millions d'€","5","","79","","488,703","1,766,720"
"Dua Lipa - Blow Your Mind (Mwah)","13","","91","","157,149","1,765,745"
"Le classico organisé - À la rue marié","3","","33","","964,625","1,765,662"
"PLK - Henri cimer","2","","34","","1,144,142","1,765,060"
"Djadja & Dinaz - Mauvais comportement","9","","42","","372,334","1,762,536"
"Nekfeu - Plume","22","","81","","147,968","1,760,911"
"Gazo - JEUX DANGEREUX","3","","32","","1,011,730","1,760,117"
"Hamza - Clic clac","5","","71","","452,429","1,759,776"
"Barbara Pravi - Voilà","4","","59","","566,605","1,758,735"
"Kerchak - JFLM JMR","4","","97","","511,039","1,758,493"
"UZI - A l'aise","5","","121","","427,261","1,758,255"
"Bruno Mars - Treasure","51","3","8","","78,736","1,757,327"
"Jul - DP sur le maillot","3","","42","","849,667","1,757,093"
"Ed Sheeran - Don't","32","","30","","82,406","1,757,039"
"Bruno Mars - When I Was Your Man","25","4","7","","450,072","1,755,281"
"Shawn Mendes - It'll Be Okay","5","","132","","373,050","1,754,694"
"Sia - No New Friends","6","","98","","393,321","1,753,612"
"MHD - Afro Trap Pt. 6 (Molo Molo)","15","","48","","202,197","1,752,410"
"The Tesca Country Clan - Mr. Santa","3","","102","","708,056","1,751,156"
"Zola - Spiderman (Freestyle OKLM)","6","","110","","316,811","1,751,056"
"Jul - Mercé","18","","76","","144,845","1,750,386"
"La Fève - LOYAL","3","","47","","685,004","1,749,968"
"Jul - Pas de love","3","","46","","896,290","1,749,128"
"Kiesza - Hideaway","31","","32","","77,170","1,747,250"
"Niska - Chargé","4","","43","","630,201","1,746,702"
"Alex Warren - FEVER DREAM","3","","96","","620,121","1,745,922"
"SCH - Interlude","3","","21","","1,019,973","1,745,645"
"Diva Faune - Shine on my Way","9","","137","","211,454","1,745,425"
"Maes - Sachet","2","","26","","1,263,789","1,744,516"
"Hamza - Paradise","4","","35","","617,830","1,743,681"
"Niro - On est prêt","8","","81","","323,345","1,741,667"
"GIMS - VENT DU NORD","3","","77","","713,539","1,741,276"
"Band Aid - Do They Know It's Christmas? - 1984 Version","4","","111","","578,799","1,741,249"
"Mig - A tout à l'heure","4","","61","","627,146","1,740,920"
"4Keus - C'est Dieu qui donne","8","","92","","314,856","1,740,090"
"Ninho - Guitare","2","","36","","1,176,838","1,738,556"
"Djadja & Dinaz - Pour la moula","3","","36","","915,418","1,738,035"
"Orelsan - Les monstres","2","","36","","1,138,528","1,737,076"
"Kaza - Pour un jeu","4","","45","","649,536","1,736,035"
"Josman - Cohiba","3","","31","","788,794","1,735,278"
"Mister V - Viano","6","","36","","495,137","1,734,506"
"Ziak - Vrai / Faux","3","","35","","965,771","1,733,453"
"a6el - J'attends au Carrefour Market","4","","166","","458,388","1,733,385"
"Jok'air - Comme tu es","5","","52","","495,229","1,732,819"
"Rim'K - Benzo","4","","30","","733,301","1,731,072"
"Sadek - Petit prince","10","","93","","269,449","1,730,855"
"Vald - Chépakichui","4","1","10","","893,392","1,730,343"
"Leto - Mélodie","3","","39","","908,100","1,729,861"
"Kalash Criminel - Sombre","5","","41","","549,963","1,729,570"
"Fyfe - Solace","27","","39","","117,471","1,728,368"
"Naza - Quand même","4","","63","","547,293","1,725,093"
"SCH - Dans la tête","2","","32","","1,199,565","1,725,017"
"Migos - Stir Fry","8","","106","","260,837","1,724,737"
"Vald - Footballeur","4","","48","","677,866","1,723,240"
"Heuss L'enfoiré - Hakan Sukur","4","","34","","713,421","1,720,554"
"Werenoi - Diamant Noir","2","","39","","1,131,599","1,719,894"
"13 Block - Zidane","6","","102","","344,637","1,719,125"
"Ariana Grande - breathin","6","","54","","428,256","1,718,215"
"13 Organisé - Tout a changé","3","","27","","952,823","1,715,595"
"Kaaris - Pena Duro","3","","68","","617,400","1,713,707"
"Jul - Dans le futur","18","","55","","171,070","1,712,890"
"Mister V - Petit déjeuner","7","","17","","578,159","1,712,552"
"ISK - Chez nous","5","","104","","411,148","1,711,845"
"P!nk - Beautiful Trauma","9","","146","","202,704","1,711,326"
"Alessia Cara - Wild Things","19","","101","","107,296","1,711,238"
"Frank Sinatra - Jingle Bells","3","","104","","623,221","1,710,811"
"13 Block - Riina Toto","3","","31","","800,845","1,710,667"
"Hozier - Someone New","21","","33","","139,083","1,709,724"
"Maes - Kalenji","5","","115","","434,740","1,708,624"
"Jul - Dors on te piétine","3","","32","","947,145","1,707,941"
"GIMS - Loin - Pilule Violette","12","","111","","191,381","1,707,238"
"The Script - Superheroes","25","","31","","100,338","1,707,218"
"Dadju - Elle me demande","4","","41","","609,252","1,704,002"
"Tiësto - Wasted","28","","18","","99,086","1,703,755"
"Aya Nakamura - Sentiments grandissants","3","","20","","970,144","1,703,684"
"Zkr - Poursuite","4","","58","","537,514","1,703,286"
"Kendrick Lamar - squabble up","3","","66","","767,574","1,702,816"
"Kanye West - Follow God","4","","49","","671,627","1,701,740"
"Rilès - I Do It","9","","82","","266,936","1,701,710"
"Amine - Señorita","18","","38","","167,072","1,701,005"
"Jason Mraz - I'm Yours","13","","117","","310,462","1,700,539"
"Khalid - Talk","6","","94","","347,465","1,699,568"
"Hoshi - Et même après je t'aimerai","6","","138","","313,475","1,696,312"
"Nick Jonas - Close","16","","64","","169,992","1,695,656"
"Dry - Tant pis","9","","150","","202,705","1,695,371"
"T2R - Loka 4","6","","118","","393,071","1,693,690"
"Robin Schulz - Somewhere Over the Rainbow / What a Wonderful World","5","","94","","379,041","1,693,088"
"Ziak - Parasite","3","","36","","951,108","1,692,837"
"Maes - T-max 560","2","","28","","1,228,545","1,691,513"
"Naps - Sensas","3","","54","","642,624","1,691,485"
"MHD - Papalé","5","","54","","568,091","1,691,439"
"Jul - Come vai","5","","40","","593,188","1,690,937"
"Orelsan - Osaka","2","","32","","1,234,384","1,690,130"
"13 Organisé - Miami Vice","3","","34","","895,849","1,688,723"
"Orelsan - La petite voix","2","","31","","1,238,785","1,687,210"
"SCH - Le coup d’avance","2","","22","","1,262,172","1,686,640"
"OBOY - Un peu","3","","91","","622,636","1,683,474"
"Linkin Park - Friendly Fire","4","","136","","458,612","1,682,923"
"Alonzo - J’écris","10","","91","","236,588","1,678,570"
"Bastille - Pompeii","43","","26","","64,302","1,678,016"
"Jul - J'ai pris le mic","3","","70","","714,459","1,675,519"
"Djadja & Dinaz - En Vrai de Vrai","3","","106","","616,069","1,672,735"
"DJ Snake - You Are My High","6","","168","","299,847","1,671,975"
"Hamza - Plus Jamais La Même","2","","26","","1,172,516","1,671,842"
"Dadju - Robe","3","","48","","645,957","1,671,019"
"Djadja & Dinaz - Dans la cité","9","","38","","395,719","1,670,740"
"Jul - 4 Juin 2022","4","","59","","605,517","1,669,768"
"YG Pablo - 22h22","4","","133","","479,341","1,669,268"
"Freeze corleone - Numérologie","3","","33","","913,823","1,668,883"
"Gazo - TOKI","2","","28","","1,179,645","1,668,692"
"Mister V - Clinton","2","","23","","1,242,896","1,667,675"
"Kaza - Pare-balles","5","","115","","436,225","1,667,144"
"Gazo - GRA GRA BOOM","3","","36","","954,315","1,666,670"
"Jolagreen23 - LOCKED UP","3","","79","","640,233","1,665,749"
"Jul - Il me faut des billets","17","","46","","193,006","1,664,568"
"France Gall - Ella, elle l'a - Remasterisé","4","","84","","468,303","1,663,919"
"Ziak - Tomb Raider","3","","51","","766,123","1,662,893"
"Maan On The Moon - Gone","9","","143","","208,441","1,660,642"
"SDM - Cette année-là","3","","50","","753,260","1,660,560"
"Matt Simons - Open Up","5","","104","","366,454","1,660,312"
"Hamza - WWE","2","","25","","1,178,878","1,658,356"
"Jul - Hold-Up","3","","35","","914,284","1,656,354"
"Christophe Maé - J'ai laissé","3","","92","","639,636","1,654,872"
"Perry Como - It's Beginning to Look a Lot Like Christmas","3","","123","","638,483","1,654,630"
"Angèle - Tempête","3","","53","","865,406","1,651,788"
"Moha La Squale - Pas comme eux","7","","79","","301,148","1,651,405"
"Jesper Jenset - Lies","8","","74","","252,246","1,651,007"
"Carbozo - Tous les jours","4","","96","","456,381","1,649,960"
"Cardi B - Bodak Yellow","10","","156","","190,562","1,649,732"
"Jazzy Bazz - .RAW Spleen","3","","41","","838,914","1,649,481"
"PLK - Hubert et Saïd","3","","42","","874,875","1,648,677"
"Lady Gaga - Poker Face","4","","171","","483,111","1,648,603"
"Dinos - Ciel pleure","3","","23","","940,978","1,647,217"
"Sneazzy - ZÉRO DÉTAIL","3","","43","","888,820","1,645,494"
"Angèle - Victime des réseaux","5","","67","","547,066","1,644,974"
"Headie One - Link in the Ends","4","","84","","558,087","1,644,762"
"Kaaris - Chien de la casse","3","","16","","964,616","1,644,550"
"Josman - Mort Ce soir","3","","25","","905,471","1,643,055"
"SCH - Le taulier","2","","34","","1,160,013","1,641,862"
"Jul - Faut pas (Extraterrestre)","3","","38","","834,872","1,641,752"
"Harry Styles - Lights Up","5","","115","","414,402","1,641,091"
"Arcane - Paint The Town Blue (from the series Arcane League of Legends)","3","","91","","713,061","1,640,775"
"Jerome - Light","5","","121","","361,531","1,640,589"
"KeBlack - Ne m'en veux pas","5","","83","","402,264","1,640,419"
"Jul - Je parle pas chinois","3","","47","","853,389","1,640,288"
"Ninho - NWAR","2","","33","","1,142,496","1,639,855"
"Kaaris - Piquée","3","","36","","840,794","1,638,414"
"La Fève - ZAY INTRO","3","","59","","809,830","1,637,748"
"PLK - P*tain","3","","71","","690,180","1,636,628"
"Lartiste - CHARME","5","","78","","431,262","1,636,623"
"MHD - Bénéfice","7","","66","","350,371","1,636,392"
"Stromae - Invaincu","2","","14","","1,183,042","1,635,936"
"Mister V - Apollo13","7","","23","","522,869","1,635,473"
"Childish Gambino - Redbone","11","","121","","162,948","1,634,808"
"Jul - Pour les taulards","17","","50","","177,164","1,633,736"
"Dinos - No Love","6","","169","","324,609","1,633,423"
"Orelsan - Tellement d'amis","2","","35","","1,140,446","1,632,392"
"Gazo - LA BELLE ET LA BÊTE","2","","30","","1,155,212","1,631,967"
"Dosseh - VLT","5","","41","","529,413","1,630,313"
"SCH - Missiles","2","","37","","1,039,660","1,629,305"
"Lorenzo - Dans l'appart'","3","","69","","653,779","1,629,032"
"Robin Schulz - One More Time","5","","114","","351,808","1,627,285"
"Vald - DIEU MERCI","2","","32","","1,057,454","1,625,441"
"Theodora - MON BÉBÉ - Free kitty version","3","","125","","551,821","1,624,967"
"Sadek - Roulette russe 6.5","5","","119","","392,777","1,624,267"
"Sofiane - Marion Maréchal","8","","36","","406,748","1,624,141"
"Dadju - Je ne t'aime plus","3","","25","","859,630","1,622,688"
"Sam Smith - I'm Not Here To Make Friends","4","","122","","457,567","1,621,067"
"MHD - Afro Trap Pt. 4 (Fais le mouv)","17","","55","","159,870","1,618,325"
"Drake - IDGAF","3","","39","","757,104","1,617,402"
"Laylow - BURNING MAN","4","","51","","657,801","1,615,848"
"Heuss L'enfoiré - Bx land 4","4","","37","","699,685","1,615,703"
"Logic - Broken People","8","","149","","224,506","1,613,370"
"Still Fresh - Mon ami","12","","161","","146,286","1,612,958"
"Djadja & Dinaz - La cage et la clef","3","","37","","888,101","1,612,913"
"Zaho - Roi 2 cœur","4","","136","","433,541","1,612,230"
"Soolking - Ça fait des années","4","","50","","649,240","1,611,567"
"Jul - Mon poto","15","","71","","162,912","1,611,522"
"SCH - Balafres","2","","51","","1,081,136","1,610,598"
"Le Crime - Love D'une Tana","3","","118","","627,027","1,609,756"
"SCH - John Lennon","20","","83","","100,690","1,609,494"
"Damso - La rue est morte.","2","","35","","1,167,682","1,606,870"
"St. South - Get Good (Infinitefreefall Remix)","35","","48","","82,293","1,605,314"
"Stromae - bâtard","30","8","4","","85,866","1,601,337"
"Harry Styles - Aperture","3","","63","","745,720","1,600,786"
"SCH - Gris","2","","54","","1,048,823","1,598,691"
"Lil Pump - Esskeetit","7","","107","","318,672","1,598,048"
"Lacrim - Eric Cantona","3","","23","","913,288","1,596,849"
"Zola - FROSTIES","2","","15","","1,161,320","1,594,733"
"J. Cole - MIDDLE CHILD","6","","131","","335,052","1,594,162"
"Ellie Goulding - Burn","34","1","10","","71,721","1,592,877"
"Lartiste - Pardonner","11","","148","","178,455","1,591,586"
"Billie Eilish - SKINNY","2","","48","","1,023,692","1,591,370"
"PLK - Nana","3","","39","","829,698","1,591,269"
"Ninho - Violet","4","","25","","709,499","1,590,966"
"Bad Bunny - WELTiTA","3","","94","","575,230","1,590,502"
"Kekra - Phénomène","3","","34","","736,788","1,589,642"
"Zola - Alloicizolaski4","3","","39","","939,190","1,589,391"
"Gazo - GO","4","","58","","580,158","1,589,146"
"Aya Nakamura - Nirvana","3","","27","","845,322","1,589,131"
"Yorssy - AYIA NAPA","3","","87","","638,659","1,588,647"
"Josman - Señorita","4","","73","","477,012","1,588,518"
"Taylor Swift - I Can Do It With a Broken Heart","3","","90","","615,829","1,587,438"
"Zola - Club","3","","41","","917,152","1,587,348"
"Katy Perry - This Is How We Do","23","","24","","103,474","1,586,921"
"Werenoi - Industry Plant","2","","48","","1,021,190","1,586,294"
"Ninho - LES MAINS DEDANS","2","","41","","1,027,084","1,583,129"
"Dj Leska - Capitaine","3","","112","","606,315","1,582,983"
"MMZ - Bulma","12","","109","","147,521","1,582,335"
"Damso - Périscope","15","","74","","157,838","1,582,251"
"Lorenzo - Kekchose","3","","22","","851,051","1,582,183"
"Laylow - LOST FOREST","3","","36","","939,313","1,581,075"
"Doks - Shaina","8","","138","","208,492","1,580,760"
"Josman - CARLO","3","","39","","713,079","1,579,828"
"Ziak - Chassé-croisé","3","","73","","684,134","1,577,741"
"Jul - Je vais tout casser","5","","47","","548,767","1,577,073"
"Gazo - INTERLUDE","2","","26","","1,082,395","1,576,557"
"Jul - La zone en personne","4","","59","","502,198","1,576,420"
"Leto - Enlève tes pes-sa","3","","80","","674,544","1,576,136"
"Josman - 50k€","3","","33","","755,296","1,574,557"
"Michael Jackson - Beat It","2","","36","","1,079,915","1,570,872"
"Booba - Pinocchio","17","","33","","218,540","1,570,502"
"Zola - Kinshasa","3","","40","","926,631","1,570,418"
"SDM - Ragnar","3","","57","","718,235","1,569,561"
"SDM - Nwar sur Nwar","3","","52","","750,440","1,569,477"
"Gazo - Drill Fr 6 - S.M.B","3","","52","","770,371","1,567,386"
"La Femme - Elle ne t'aime pas","4","","135","","412,440","1,566,953"
"Alonzo - On met les voiles - Bande originale du film ""Pattaya""","15","","56","","152,037","1,566,747"
"The Chainsmokers - Who Do You Love","6","","147","","284,882","1,565,654"
"Soprano - À la vie à l'amour","6","","134","","296,413","1,562,763"
"Alpha Wann - soldat tue soldat","3","","41","","872,363","1,562,242"
"Guy2Bezbar - Big mama","3","","123","","555,108","1,561,725"
"Ziak - Double Dash","5","","173","","349,707","1,561,331"
"L'Algérino - Mention Max","6","","168","","298,970","1,560,578"
"Justin Bieber - Baby","3","","85","","664,331","1,556,425"
"Jul - TP sur TP","2","","43","","934,814","1,556,022"
"SCH - Quoi","2","","52","","1,074,353","1,555,490"
"GS - Love you","5","","120","","347,708","1,554,652"
"Djadja & Dinaz - La même histoire","3","","98","","630,472","1,554,205"
"Soolking - Askim","4","","88","","498,532","1,552,634"
"Fababy - Love d'un voyou","14","","48","","167,020","1,552,047"
"Maejor - I Love You","5","","114","","352,325","1,550,457"
"David Guetta - Stay (Don't Go Away)","6","","160","","287,109","1,549,270"
"Shakira - Can't Remember to Forget You","20","2","7","","101,576","1,548,939"
"Olivia Rodrigo - deja vu","5","","126","","363,905","1,548,908"
"Aya Nakamura - Biff","3","","23","","891,454","1,547,483"
"Jul - Chocolata","3","","52","","726,347","1,545,736"
"Kanoé - BIZNESS","5","","144","","347,997","1,545,388"
"Mister V - Femme de ménage","2","","29","","1,115,581","1,544,616"
"Damso - Police","2","","49","","1,025,121","1,544,601"
"Conan Gray - Heather","5","","149","","335,486","1,543,948"
"BTS - Boy With Luv","4","","84","","495,185","1,543,326"
"Leto - Rihanna","3","","39","","776,128","1,542,993"
"Hayce Lemsi - Pull in up","7","","106","","260,019","1,542,187"
"Eddy de Pretto - Random","8","","112","","269,133","1,540,918"
"Orelsan - Epiphanie","2","","47","","1,066,371","1,540,458"
"Dinos - L'Univers Ne Nous Voit Pas Danser","2","","22","","1,073,636","1,540,309"
"Zola - Booska'Sten","3","","36","","632,121","1,539,995"
"Oliver Tree - Here We Go Again","4","","146","","447,733","1,537,333"
"Gradur - Zone 59","3","","42","","806,316","1,536,731"
"SCH - Dix-neuf","13","","25","","299,970","1,535,959"
"SDM - Hier encore","3","","68","","655,672","1,534,185"
"Maes - Akatsuki","3","","48","","632,800","1,533,633"
"SCH - Transmission Automatique","2","","22","","1,044,739","1,532,700"
"Jul - Cœur blessé","3","","48","","752,511","1,531,381"
"Fababy - Physio - Température","16","","105","","109,231","1,530,755"
"Guy2Bezbar - Coco","3","","92","","639,568","1,530,057"
"Fractures - Cadence","39","","49","","72,920","1,529,640"
"MHD - Afro Trap Pt. 10 (Moula Gang)","6","","60","","383,074","1,528,984"
"Hamza - I Love U","2","","31","","1,055,866","1,528,359"
"Zola - L'ARMOIRE","2","","18","","1,115,225","1,527,451"
"Lorenzo - Lorenzo","3","","80","","606,008","1,527,353"
"OBOY - Quali","3","","86","","569,481","1,524,761"
"Drake - Portland","8","","66","","282,985","1,524,686"
"G-Eazy - No Limit","7","","113","","245,268","1,523,430"
"Jul - Crocodile","4","","126","","399,524","1,522,459"
"Jul - Ça me guintch","3","","41","","663,883","1,521,120"
"Nekfeu - Martin Eden","21","","33","","162,530","1,520,920"
"Lartiste - Attache ta ceinture","7","","116","","291,947","1,519,034"
"JKSN - Drogba","3","","141","","538,298","1,517,511"
"Alonzo - CAPO","4","","63","","469,019","1,517,301"
"Koba LaD - En gros","3","","23","","887,267","1,516,997"
"Céline Dion - Pour que tu m'aimes encore","3","","137","","531,455","1,516,417"
"Kaaris - Une Autre","3","","66","","691,096","1,516,107"
"Gambi - ON S'TAILLE","3","","37","","800,319","1,515,951"
"Kaaris - IRM","3","","30","","830,720","1,515,799"
"Dadi - Bah Ouais","1","","17","","1,515,248","1,515,248"
"Tiakola - Coucher de soleil","3","","51","","674,964","1,515,118"
"Niro - En double appel","4","","87","","463,156","1,514,105"
"Kalash Criminel - Enterrez-les","9","","100","","249,922","1,513,073"
"4Keus - Flashback","4","","76","","465,989","1,512,548"
"Djadja & Dinaz - Demain sera meilleur","3","","47","","815,108","1,509,989"
"Yuzmv - Épisode III - ""Les mains libres""","5","","153","","329,229","1,509,355"
"Johnny Hallyday - L'envie","5","","26","","569,690","1,508,691"
"Lacrim - RIO","4","","14","","740,822","1,507,625"
"Dosseh - MQTB","4","","22","","701,892","1,507,299"
"Jul - Je picole","13","","68","","172,541","1,507,096"
"Moha La Squale - T'étais où?","7","","96","","268,938","1,505,825"
"Djadja & Dinaz - Brassard","5","","29","","563,268","1,505,733"
"Orelsan - La famille, la famille","3","","11","","879,698","1,504,649"
"Maroon 5 - Nobody's Love","5","","135","","350,974","1,504,578"
"The Weeknd - Open Hearts","2","","39","","927,105","1,503,048"
"Lacrim - 20 bouteilles","6","","17","","555,451","1,502,097"
"Djadja & Dinaz - Plus fort","4","","46","","613,323","1,500,790"
"SCH - Gibraltar","2","","23","","1,182,878","1,499,909"
"Selena Gomez - Kill Em With Kindness","13","","85","","134,442","1,499,239"
"Ninho - Du Sal","2","","52","","991,938","1,498,813"
"Kygo - Like It Is","5","","113","","335,116","1,498,624"
"JENNIE - ExtraL","3","","112","","538,402","1,498,437"
"MHD - Afro Trap Pt. 9 (Faut les wet)","8","","72","","261,081","1,496,196"
"Maes - Omerta","3","","71","","719,952","1,496,078"
"Rsko - Derecha","3","","148","","559,568","1,495,117"
"Jul - Toda la noche","3","","59","","751,182","1,494,641"
"Bigflo & Oli - 44D","2","","57","","852,764","1,494,287"
"Jok'air - Clic Clac Bang Bang","4","","73","","551,109","1,493,815"
"Migos - MotorSport","8","","99","","281,357","1,493,776"
"Dosseh - Plus belle la vie, plus belle la mort","3","","44","","715,646","1,493,640"
"DYSTINCT - Ghazali","4","","140","","404,174","1,492,123"
"PLK - Polak","4","","63","","553,469","1,492,084"
"P!nk - Just Like Fire (From the Original Motion Picture ""Alice Through The Looking Glass"")","12","","71","","160,924","1,491,628"
"Jul - Un autre monde","3","","44","","851,620","1,489,273"
"Orelsan - Epilogue","3","","12","","863,568","1,489,186"
"Koba LaD - Nintch","4","","64","","547,495","1,488,384"
"Zola - Booska Rocket","4","","47","","526,450","1,488,173"
"SCH - Rose noire","2","","40","","1,032,545","1,487,507"
"Koba LaD - 5H55","3","","25","","871,615","1,486,005"
"Bigflo & Oli - Sacré Bordel","4","","74","","480,782","1,485,469"
"Lyna Mahyem - Envoûté","5","","141","","314,612","1,484,178"
"Orelsan - Adieu les filles","3","","13","","861,526","1,483,825"
"James Hersey - What I've done - Feast. Remix","16","","117","","107,902","1,483,763"
"Theory of a Deadman - Rx (Medicate)","8","","130","","196,218","1,482,069"
"Leto - Power","3","","36","","795,694","1,480,641"
"AriBeatz - J-Lo","3","","122","","518,308","1,480,537"
"Purple Disco Machine - Fireworks","5","","142","","311,592","1,480,203"
"Koba LaD - Koba du 7","4","","48","","653,710","1,480,070"
"Lacrim - Rockefeller","6","","23","","537,168","1,479,769"
"DJ Kayz - Michto","7","","136","","250,731","1,478,090"
"Dadju - J'ai zayé","3","","87","","625,534","1,477,964"
"Jul - Bagarre","3","","55","","748,519","1,476,703"
"Vald - Qui écoute ?","2","","30","","1,070,334","1,475,921"
"Naps - La Cuenta","6","","47","","414,696","1,475,762"
"SCH - Anamnèse","2","","47","","1,000,030","1,475,693"
"Kaaris - Golf7 r","3","","26","","805,726","1,475,311"
"Taylor Swift - ME!","3","","29","","720,193","1,474,800"
"Kendji Girac - Eva","4","","124","","408,885","1,474,446"
"Calogero - Jimmy","14","","64","","361,901","1,472,521"
"SCH - Quartiers nord","2","","48","","999,445","1,472,046"
"Yung Lean - Ginseng Strip 2002","4","","120","","436,594","1,471,767"
"Jul - Me prends pas la tête","2","","52","","921,830","1,471,372"
"Tiakola - Soza","3","","45","","691,192","1,471,112"
"Lartiste - Maestro","16","","99","","148,555","1,470,707"
"GP Explorer - Dis-moi je t'aime","2","","60","","839,999","1,470,239"
"Hatik - West Indies","4","","97","","425,936","1,468,948"
"Rauw Alejandro - Qué Pasaría...","3","","118","","553,319","1,468,388"
"Jul - E.T.","8","","53","","307,636","1,467,435"
"Lewis Capaldi - Forget Me","4","","147","","387,147","1,467,350"
"Lorenzo - Bizness","4","","16","","652,032","1,466,692"
"HAVEN. - I Run","3","","151","","507,868","1,465,663"
"RIDSA - Avancer","6","","61","","303,298","1,464,914"
"Columbine - Bart Simpson","4","","57","","562,367","1,464,331"
"Zed - Süle","2","","68","","857,769","1,464,218"
"Jul - Moi","3","","38","","717,520","1,464,081"
"Jul - Transporteur","3","","45","","772,883","1,463,489"
"Tiakola - CABREL","2","","52","","931,386","1,461,554"
"Koba LaD - Intro","3","","26","","823,401","1,459,738"
"Ninho - HAQ","2","","53","","988,270","1,458,807"
"47ter - Soleil noir","5","","152","","304,714","1,457,408"
"RK - Pas les mêmes","3","","32","","746,265","1,456,610"
"Fresh laDouille - Bénéfice","3","","70","","593,232","1,456,416"
"Zara Larsson - Ain't My Fault","13","","115","","131,148","1,455,530"
"Timal - Disponible","3","","41","","794,544","1,454,966"
"Ninho - Opinel 12","2","","55","","962,561","1,454,494"
"Vald - Mana","3","","24","","713,616","1,453,688"
"The Avener - Beautiful","5","","166","","324,055","1,453,271"
"Cris MJ - Una Noche en Medellín","3","","118","","520,508","1,453,219"
"S-Crew - Chez nous","2","","29","","1,054,664","1,452,676"
"SCH - Offshore","2","","25","","1,020,766","1,451,893"
"MHD - Roger Milla","13","","50","","182,213","1,450,810"
"Jul - Avec José","3","","62","","678,697","1,450,408"
"Becky G - Shower","25","","33","","91,637","1,450,408"
"Marou Chenko - Laisse Tombew","5","","159","","301,267","1,449,946"
"Niro - A qui la faute","3","","60","","671,214","1,448,793"
"BLACKPINK - How You Like That","4","","71","","508,454","1,448,078"
"Lorenzo - Impec","3","","30","","773,630","1,445,338"
"Zokush - 100G","5","","130","","338,082","1,445,180"
"Taylor Swift - Father Figure","2","","42","","982,196","1,444,840"
"Jul - Tragique","3","","47","","745,265","1,443,752"
"Beendo Z - ᚷ. INSPIRÉ DE FAITS RÉELS #6","3","","78","","569,298","1,443,338"
"Maes - Argent sal","2","","35","","1,084,678","1,443,075"
"Ninho - R9","2","","42","","1,019,312","1,443,072"
"M. Pokora - Si t'es pas là","4","","116","","379,810","1,441,354"
"menace Santana - Adrenalean","3","","114","","544,423","1,440,980"
"GP Explorer - LOV","2","","53","","879,813","1,436,332"
"Djadja & Dinaz - Certitude","3","","51","","748,473","1,434,604"
"Billie Eilish - Your Power","3","","49","","686,401","1,433,862"
"Tayc - Ne doute pas","2","","30","","850,175","1,433,817"
"Basada - Good Vibes","7","","159","","220,200","1,433,578"
"Ed Sheeran - Afterglow","4","","102","","419,340","1,432,610"
"Jul - Le rappeur à 3 lettres","2","","38","","937,021","1,432,482"
"Kaaris - Freestyle 2.7.0","3","","45","","682,058","1,431,362"
"Aya Nakamura - Idiot","4","","102","","433,140","1,430,953"
"P!nk - Walk Me Home","6","","178","","249,344","1,429,033"
"Therapie TAXI - Blesse-moi","4","","102","","441,540","1,428,967"
"Travis Scott - THANK GOD","2","","25","","1,024,860","1,428,279"
"Travis Scott - MY EYES","2","","28","","991,525","1,427,930"
"Maes - Malembé","2","","34","","932,437","1,427,505"
"Josman - V&V","5","","85","","361,351","1,427,282"
"Koba LaD - Cité","3","","32","","815,001","1,426,596"
"Larry - Hey Boy","4","","118","","414,373","1,426,381"
"Julien Doré - Le lac","12","","97","","155,426","1,426,217"
"DTF - Cosmonaute","17","","107","","99,274","1,425,603"
"Bad Bunny - Dakiti","3","","56","","581,053","1,424,201"
"Black M - Je garde le sourire","23","","32","","97,760","1,423,950"
"Djadja & Dinaz - Représenter","5","","61","","420,389","1,423,618"
"Fresh - Spéciale","3","","61","","661,541","1,422,933"
"Dinos - Demain n'existe plus","2","","21","","990,892","1,420,973"
"Lay Bankz - Tell Ur Girlfriend","3","","125","","501,813","1,420,541"
"PLK - Cartelo","3","","42","","755,139","1,419,514"
"Michael Bublé - White Christmas","3","","118","","650,536","1,419,248"
"Nekfeu - Rouge à lèvres","3","","60","","728,694","1,418,654"
"DJ Kayz - Bled","4","","95","","437,298","1,416,656"
"Bigflo & Oli - Family Business","2","","61","","827,148","1,416,412"
"Hamza - ENCORE UNE NUIT","2","","47","","926,065","1,416,256"
"Bhk220 - Rebenga","4","","184","","375,173","1,414,805"
"Gambi - J'DEVIENS FOU","3","","50","","716,333","1,413,881"
"St. Lucia - Dancing On Glass","14","","95","","119,494","1,412,943"
"Bilouki - Full","2","","75","","711,571","1,411,873"
"Céline Dion - Encore un soir","14","","90","","123,880","1,410,888"
"Post Malone - Saint-Tropez","4","","85","","440,083","1,410,172"
"Booba - Bénigni","2","","46","","998,492","1,410,015"
"Damso - Fibonacci","2","","61","","923,972","1,409,922"
"Jul - Comme les gens d'ici","6","","60","","430,498","1,409,559"
"PLK - Travailler","3","","41","","765,118","1,409,203"
"Serge Ibaka - LEGGO","4","","93","","419,579","1,407,922"
"Josef Salvat - Open Season - Une Autre Saison","13","","51","","157,299","1,407,531"
"Jul - Cassage de nuques, pt. 4","3","","48","","743,007","1,406,431"
"Kamikaz - Je veux","5","","150","","298,484","1,405,694"
"Heuss L'enfoiré - BX Land, Pt. 3","5","","112","","320,061","1,405,262"
"Bigflo & Oli - Minimum !","2","","63","","819,933","1,405,022"
"Mig - Cardio","3","","92","","564,164","1,404,516"
"Jul - Tchyco","3","","51","","709,567","1,403,871"
"Joé Dwèt Filé - 4 Kampé II","2","","73","","708,995","1,403,685"
"RK - TACHE DE SANG","3","","154","","535,768","1,402,829"
"Werenoi - FBI","2","","55","","900,948","1,402,390"
"Maes - Berline noire","2","","42","","1,032,752","1,402,282"
"Gazo - HENNESSY","2","","33","","993,874","1,401,887"
"Josman - AhGars!","3","","39","","766,776","1,401,607"
"Werenoi - Embouteillé","2","","51","","954,871","1,400,248"
"Koba LaD - Rachète","3","","32","","768,263","1,398,180"
"Lorenzo - Sexto","3","","33","","749,422","1,396,576"
"The Weeknd - Wake Me Up","2","","36","","961,942","1,394,682"
"Lil Dicky - Freaky Friday","7","","147","","220,895","1,394,432"
"Luidji - ALEXIS","3","","126","","505,702","1,394,005"
"Nekfeu - De mes cendres","3","","64","","693,907","1,393,717"
"GIMS - Bella","25","10","4","","99,291","1,392,930"
"DA Uzi - WeLaRue 5 - Freestyle","4","","98","","452,406","1,392,626"
"Jul - Cache ta Rolex","2","","55","","911,501","1,391,693"
"Leto - Sur le banc","2","","25","","904,462","1,390,187"
"Lorenzo - Champagne & pétou","4","","19","","607,295","1,389,902"
"RK - Ne crois pas que c'est drôle","3","","59","","754,650","1,389,478"
"Jul - Guadalajara","3","","53","","762,070","1,389,303"
"Tiakola - Y.J (C'EST KO)","2","","56","","886,684","1,389,117"
"13 Block - Faut que","4","","59","","458,420","1,388,601"
"Billie Eilish - THE GREATEST","2","","63","","877,457","1,387,161"
"Werenoi - Intro Morphée","2","","51","","944,364","1,386,963"
"Jul - Allez le sang","12","","65","","173,548","1,385,263"
"PLK - Plus j'avance","2","","49","","911,478","1,384,478"
"Angèle - Insomnies","3","","42","","726,641","1,383,678"
"Jul - Ma puce","2","","56","","894,629","1,383,122"
"Jul - Je veux que toi","2","","70","","803,646","1,383,044"
"Niska - M.L.C","14","","61","","182,805","1,382,803"
"Vald - DQTP","3","","15","","787,791","1,382,459"
"Zola - BRÛLURES INDIENNES","2","","29","","976,966","1,382,286"
"Nekfeu - Jeux vidéo et débats","3","","62","","705,084","1,381,592"
"Vald - Rituel","3","","17","","768,976","1,381,470"
"Ninho - Broly","2","","56","","958,277","1,381,169"
"Bigflo & Oli - Le goût du sel","2","","73","","775,966","1,380,337"
"Mister V - Vert","2","","37","","1,007,121","1,379,890"
"SCH - Skydweller","3","","22","","784,028","1,378,571"
"Mister V - Lidl","2","","39","","996,510","1,378,567"
"SCH - Facile","3","","21","","801,255","1,376,777"
"Werenoi - Témoin","2","","54","","910,153","1,375,830"
"Maes - Özil","2","","41","","1,033,190","1,375,212"
"Christophe Maé - Il est où le bonheur","15","","95","","114,805","1,373,656"
"RK - Callumejo","3","","41","","674,816","1,372,846"
"No Limit - LDC","2","","80","","774,782","1,372,551"
"Maes - Local","2","","44","","1,019,847","1,371,818"
"Thomston - Motley Crew","18","","30","","116,417","1,371,192"
"Dinor rdt - Mexicaine","4","","69","","466,324","1,370,265"
"SCH - Tant pis","2","","24","","991,675","1,369,161"
"Dadju - Trouvez-la moi","5","","46","","487,233","1,368,727"
"Feder - Strangers","4","","132","","387,135","1,368,662"
"Jul - Luffy","2","","47","","874,792","1,367,900"
"Cœur De Pirate - Oublie-moi","19","","60","","126,680","1,367,679"
"Souf - Ça c'est fait","5","","135","","294,536","1,366,382"
"Lorenzo - Le son qui fait plaiz","6","","36","","475,000","1,366,174"
"Koba LaD - Pour toi","4","","65","","566,468","1,366,039"
"Angèle - J'entends","3","","45","","704,186","1,365,319"
"Jul - Tout grailler","4","","40","","559,509","1,364,445"
"Jul - Beely","7","","62","","314,029","1,364,101"
"Dinos - D BLOCK AFRIQUE","2","","69","","816,142","1,363,268"
"The Weeknd - Baptized In Fear","2","","45","","855,937","1,362,290"
"Still Fresh - Collision","9","","169","","169,973","1,361,760"
"Marwa Loud - Je voulais","5","","39","","465,060","1,360,386"
"Jul - La gâchette","15","","73","","146,104","1,359,920"
"Stromae - C’est que du bonheur","2","","24","","973,216","1,359,628"
"Morad - Lamine","3","","142","","480,601","1,359,565"
"Eva Simons - Policeman","21","","56","","94,195","1,359,271"
"Snoop Dogg - Peaches N Cream","18","","40","","124,343","1,358,552"
"Ziak - Gros lot","2","","37","","950,187","1,356,724"
"BTS - Body to Body","2","","52","","824,290","1,356,019"
"RK - Ne m'en veux pas","3","","69","","679,709","1,355,758"
"La La Land Cast - Another Day Of Sun","7","","90","","224,931","1,355,297"
"Favé - Toxic","3","","72","","582,301","1,355,156"
"SCH - Calabre","2","","63","","887,493","1,354,853"
"Rsko - Contvct","3","","68","","574,987","1,354,790"
"Jul - Love de toi","2","","45","","892,536","1,354,123"
"Kalash - Polémique","4","","96","","441,317","1,353,882"
"Vald - Jentertain","3","","16","","773,454","1,353,256"
"Maes - Hypocrite","2","","46","","1,006,516","1,352,941"
"Braak's - MINUIT PILE","3","","157","","481,591","1,352,811"
"JSX - GTA","2","","32","","803,011","1,352,561"
"Maes - La planque","2","","49","","963,152","1,352,305"
"Heuss L'enfoiré - Royal cheese","3","","67","","692,134","1,352,299"
"Leto - Fais de l'argent","3","","66","","572,258","1,351,545"
"Louane - Avenir","11","3","6","","210,678","1,350,422"
"Jul - C'est ça","8","","54","","300,947","1,350,136"
"Lorenzo - Nana","3","","36","","731,594","1,349,713"
"Zola - ZAZA","2","","28","","986,103","1,347,471"
"PLK - 250","4","","77","","506,577","1,346,031"
"SDM - La zone feat. Booba","3","","59","","616,891","1,344,416"
"Kalash Criminel - Josky","4","","143","","353,499","1,343,673"
"Dinos - Simyaci","2","","33","","953,152","1,343,415"
"Hanumankind - Big Dawgs","3","","119","","499,113","1,343,204"
"Werenoi - Les codes","2","","34","","893,543","1,343,192"
"Michael Jackson - Love Never Felt so Good","30","","15","","109,637","1,342,875"
"Bilouki - Willy Wonka","3","","153","","462,157","1,341,919"
"Niska - Joe Pesci","2","","37","","910,246","1,341,575"
"Stromae - Pas vraiment","2","","25","","957,439","1,341,554"
"SCH - Cartine Cartier","12","","28","","289,708","1,340,092"
"Jul - G-shock","3","","53","","676,315","1,339,995"
"Master KG - Jerusalema","4","","113","","404,487","1,339,956"
"Djadja & Dinaz - Avenue","2","","38","","870,274","1,339,164"
"Dinos - AMG Performance","2","","29","","968,401","1,336,953"
"Damso - MAMILĀH","2","","67","","883,370","1,336,748"
"Eminem - The Real Slim Shady","3","","108","","502,255","1,336,662"
"fun. - We Are Young","43","","35","","63,578","1,336,515"
"Benab - Au clair de la rue","3","","57","","523,122","1,336,410"
"Khalid - Young Dumb & Broke","8","","170","","184,296","1,336,116"
"Stromae - Bonne journée","2","","27","","921,443","1,335,924"
"Jul - Le trio ternura","2","","46","","889,596","1,334,183"
"Niska - Bolivienne","4","","85","","434,271","1,334,005"
"Don Toliver - Lose My Mind","3","","173","","466,896","1,332,806"
"Zkr - Travail d'arabe","3","","35","","691,056","1,331,552"
"Jul - Sous l'eau","2","","60","","886,489","1,331,499"
"Black Cat - CARRÉ VIP","3","","165","","471,738","1,330,849"
"DA Uzi - 27","3","","47","","687,255","1,330,729"
"MC Fioti - Joga O Bum Bum Tam Tam","7","","119","","226,411","1,330,438"
"Landy - Le Dyonisien","4","","67","","436,232","1,330,365"
"Drake - I'm Upset","5","","52","","509,289","1,328,538"
"Jung Kook - Standing Next to You","3","","79","","500,360","1,327,469"
"13 Organisé - Partout c’est la même","2","","29","","937,337","1,327,276"
"S-Crew - Maintenant","2","","31","","993,048","1,325,921"
"Timal - La 15 (GSXR)","3","","50","","653,587","1,325,724"
"UZI - Violet","4","","88","","422,252","1,325,593"
"Stromae - Riez","2","","26","","947,608","1,325,336"
"Jul - Mental d'or et de platine","3","","54","","666,891","1,325,333"
"Vegedream - Pour nous","3","","88","","543,774","1,323,687"
"Andrelli - Old Man","6","","79","","259,325","1,323,291"
"Alonzo - PLAQUÉ 13","3","","72","","527,307","1,321,555"
"Lorenzo - Freestyle du sale","10","","149","","137,500","1,320,834"
"Alphaville - Forever Young","3","","153","","470,993","1,320,741"
"PLK - Panama Bende","2","","34","","896,731","1,320,672"
"Hamza - Sincèrement","2","","44","","892,441","1,320,086"
"Mister V - Titanic","2","","41","","946,298","1,318,215"
"Lomepal - Cinq doigts","3","","29","","686,887","1,318,081"
"Calvin Harris - I Need Your Love","31","5","7","","65,540","1,317,041"
"Lomepal - Skit Roman","3","","27","","700,780","1,316,976"
"Justin Bieber - I'll Show You","14","","42","","160,117","1,316,577"
"Vegedream - On a l'habitude (Ok Many)","4","","103","","392,201","1,315,297"
"Katy Perry - Never Really Over","4","","120","","358,873","1,314,988"
"Angèle - On s’habitue","2","","51","","880,266","1,314,268"
"Marwa Loud - Ghir Ntiya","3","","61","","593,696","1,313,482"
"Adele - Someone Like You","26","","100","","297,541","1,313,417"
"Maes - Weed","3","","21","","686,117","1,312,823"
"Jul - GTA","2","","62","","813,092","1,312,677"
"Kaza - Béni","3","","74","","572,705","1,312,137"
"Nekfeu - Dernier soupir","3","","71","","648,663","1,311,647"
"Dinos - Modus Vivendi","2","","30","","956,060","1,311,646"
"Vegedream - C'est quoi le boulot","2","","18","","938,971","1,311,435"
"Werenoi - Intro Rolex","2","","47","","813,403","1,310,503"
"Djadja & Dinaz - 20h20","2","","44","","821,493","1,309,913"
"Freeze corleone - SCELLÉ PART. 4","3","","63","","622,637","1,309,849"
"Vladimir Cauchemar - Extendo","2","","44","","819,901","1,309,685"
"Jul - Je suis love","2","","65","","775,792","1,309,658"
"Rohff - Legend","3","","95","","534,798","1,307,911"
"PNL - Sur Paname","16","","54","","141,411","1,307,757"
"6ix9ine - TROLLZ","3","","58","","562,255","1,307,382"
"Feder - Call Me Papi","4","","120","","342,677","1,307,222"
"Jul - Chagriné","2","","45","","818,502","1,307,217"
"Leto - Zaza","3","","95","","500,208","1,306,815"
"Francis Cabrel - Je l'aime à mourir - Remastered","3","","152","","445,100","1,305,202"
"Tom Walker - Just You and I","4","","99","","372,277","1,304,559"
"Jul - Que ça dure","2","","26","","953,708","1,303,344"
"Aya Nakamura - Gang","3","","38","","647,603","1,303,298"
"Freeze corleone - R.I.P. Pop Smoke","2","","39","","868,198","1,301,317"
"Soolking - Espérance","4","","113","","387,654","1,301,035"
"La Fouine - Colorés","3","","61","","528,853","1,299,914"
"Jul - Cagoulé","7","","49","","343,369","1,299,647"
"Niaks - 'Ndrangheta","2","","82","","732,617","1,298,483"
"XXXTENTACION - Everybody Dies In Their Nightmares","4","","68","","416,649","1,296,481"
"Jul - BDR","2","","56","","839,198","1,295,329"
"Zola - Le sauveur","2","","18","","956,210","1,294,907"
"Landy - Nouvelle monnaie","3","","36","","694,368","1,294,797"
"Niska - Canelo","2","","38","","901,257","1,294,742"
"Deorro - Five Hours","19","","26","","95,361","1,294,543"
"Lefa - 20 ans","14","","49","","169,036","1,293,683"
"Kaaris - Contact","9","","62","","232,250","1,293,365"
"Chris Brown - No Guidance","5","","155","","326,392","1,292,709"
"Jul - J'attends","13","","85","","140,499","1,292,447"
"Davy One - Jeu De Jambes","2","","84","","655,096","1,291,489"
"Dosseh - Branché","3","","83","","534,470","1,290,776"
"Gradur - Bigo","7","","42","","298,323","1,290,277"
"Jul - Fusiller","13","","83","","141,804","1,289,578"
"Linkin Park - Two Faced","2","","64","","811,618","1,289,532"
"Snakehips - Don't Leave","7","","92","","217,189","1,288,236"
"Julia Michaels - Jump","6","","126","","232,181","1,288,109"
"Jamie Woon - Sharpness","17","","90","","90,134","1,287,836"
"Jul - Pour la street","2","","30","","914,474","1,286,162"
"Favé - Vibes","3","","123","","465,087","1,285,920"
"Jul - Je fais le sourd","8","","59","","272,947","1,285,911"
"Zkr - Temps perdu","3","","66","","590,892","1,283,671"
"Jul - Y'a plus de raison","2","","51","","828,853","1,283,452"
"Flo Rida - Right Round","3","","162","","444,706","1,282,725"
"Lacrim - Kim Jong Un","5","","26","","532,793","1,282,597"
"Jul - C'est pas facile","2","","53","","813,741","1,282,551"
"Gradur - FREE CONGO","2","","50","","826,176","1,282,239"
"Drake - Champagne Poetry","2","","24","","910,103","1,279,813"
"Damso - Graine de sablier","13","","72","","162,627","1,279,474"
"pauldscrga - Polémique","3","","68","","519,535","1,278,846"
"Birdy - Keeping Your Head Up","12","","83","","130,763","1,278,519"
"Jul - Toi-même tu sais","2","","34","","880,519","1,278,477"
"Eva - Lingo","4","","114","","368,786","1,277,243"
"PNL - Sibérie","3","","50","","642,697","1,275,258"
"Maes - Zipette","3","","24","","666,406","1,275,252"
"Zola - Mula","2","","22","","894,095","1,274,494"
"Jul - Ma p'tite prison","2","","68","","768,067","1,274,447"
"Clara Luciani - Nue","4","","127","","356,263","1,273,838"
"Timal - Tu me connais","3","","53","","651,316","1,273,164"
"Eminem - Walk On Water","5","","65","","368,661","1,272,360"
"RK - Zone","3","","62","","600,405","1,272,243"
"Soprano - Clown","29","","60","","66,437","1,272,142"
"Zkr - Intro #9","3","","41","","643,865","1,271,296"
"Walid Sevran - La cour des grands","5","","27","","519,635","1,270,740"
"L'Algérino - Adios","6","","153","","227,817","1,270,372"
"Hamza - Validé","3","","27","","697,434","1,269,962"
"4Keus Gang - Vida loca","4","","102","","338,249","1,268,069"
"Ninho - UnRappeurÇaRap #2","2","","62","","793,625","1,267,647"
"Mister V - Deutsche Qualität","6","","26","","491,816","1,266,459"
"Dinos - Quatre Saisons","2","","36","","917,210","1,266,019"
"Naza - Mon kiki","6","","136","","256,982","1,265,593"
"Lacrim - Gustavo Gaviria","14","","70","","150,026","1,265,217"
"Zola - Cicatrices","2","","48","","877,159","1,264,832"
"Dinos - Césaire","2","","25","","905,687","1,264,283"
"TAL - Are We Awake","14","","91","","137,398","1,263,909"
"Kofs - Embourgeoisé","3","","74","","487,992","1,262,164"
"Timeflies - Once In a While","14","","116","","106,611","1,261,482"
"Hornet La Frappe - Igo","7","","59","","371,096","1,261,376"
"Aliocha Schneider - Ensemble","3","","173","","433,992","1,261,008"
"Michou - Rockstar","3","","68","","578,962","1,260,727"
"Jul - Que tu quieres","2","","71","","751,159","1,260,725"
"Hamza - Audemars Shit","3","","30","","656,271","1,259,301"
"Werenoi - Casse bélier","2","","61","","816,821","1,258,809"
"Angèle - Plus de sens","2","","58","","842,321","1,258,084"
"JOYCA - Clash Assassins","3","","73","","489,578","1,257,220"
"Freeze corleone - Logo Audi","2","","43","","846,479","1,256,804"
"Jul - Rentrez pas dans ma tête","2","","33","","896,058","1,256,764"
"RK - YOMB","2","","91","","723,050","1,256,704"
"Lacrim - J'essaie","3","","16","","731,107","1,256,332"
"Bigflo & Oli - Le Retour du Texte","2","","83","","726,014","1,255,187"
"Playboi Carti - EVIL J0RDAN","2","","44","","844,163","1,255,014"
"Koba LaD - J'en veux","3","","43","","693,255","1,254,818"
"Kalash Criminel - Tu paniques","2","","29","","829,201","1,253,458"
"La Chine - Language code","3","","160","","432,222","1,252,935"
"Cher - What Christmas Means To Me","2","","91","","733,159","1,252,214"
"Bekar - Fisheye","3","","88","","532,695","1,252,054"
"Kerchak - Génération Miracle","3","","98","","523,933","1,251,801"
"Laeti - Briller","3","","78","","483,450","1,250,945"
"Adele - Rolling in the Deep","18","","119","","327,392","1,250,598"
"Lorenzo - Fonsdé toute la night","3","","66","","591,933","1,249,699"
"Djadja & Dinaz - Magicien","2","","48","","769,075","1,249,320"
"Lomepal - Skit il","2","","37","","865,783","1,249,247"
"Joé Dwèt Filé - La même chose","3","","71","","524,705","1,248,975"
"Magic System - Magic in the Air","17","","27","","300,357","1,248,560"
"Vegedream - C'est mon année","4","","72","","443,319","1,248,527"
"SCH - Nino Brown","5","","23","","521,650","1,248,164"
"ISK - Vérité 3","4","","144","","323,565","1,246,205"
"Diam's - La Boulette (Génération nan nan)","3","","178","","441,180","1,244,900"
"Djadja & Dinaz - L'escalier","2","","50","","797,111","1,243,328"
"Lomepal - Skit Mamaz","3","","34","","649,222","1,243,264"
"Hiro - Quatre secondes","4","","135","","340,664","1,242,212"
"Guy2Bezbar - Fendi love","2","","50","","826,874","1,241,834"
"GIMS - 10/10","5","","163","","268,488","1,241,810"
"Aya Nakamura - Love de moi","2","","25","","883,089","1,241,177"
"Leto - Fly","3","","81","","523,820","1,240,348"
"Jul - Dans ma mama","2","","56","","783,589","1,239,836"
"Stavo - Billets Mauves","2","","88","","639,263","1,239,392"
"Jul - Tu tenenew","2","","83","","689,777","1,238,835"
"Gazo - BOSS","2","","44","","865,636","1,237,269"
"Leto - Charbon","2","","41","","885,322","1,236,859"
"Mister V - Menace","2","","45","","901,443","1,236,678"
"Jul - J'ai le démon","2","","45","","774,634","1,236,274"
"Green Montana - PARFUM","3","","78","","486,302","1,236,267"
"Charles Aznavour - Hier encore","3","","109","","438,214","1,235,016"
"SCH - Vivienne Westwood","2","","36","","877,469","1,234,319"
"Niska - Journée","3","","88","","533,106","1,233,200"
"Niska - Lundi","2","","39","","869,107","1,232,515"
"SCH - 83K","2","","41","","846,115","1,232,223"
"mgk - Home","6","","106","","255,988","1,232,088"
"Black Cat - FENTY BEAUTY","2","","93","","683,104","1,232,050"
"Nicki Minaj - Anaconda","20","","37","","86,336","1,232,044"
"Jul - Sous la Simond","2","","46","","771,379","1,232,008"
"Travis Scott - I KNOW ?","2","","47","","813,958","1,230,446"
"XXXTENTACION - NUMB","4","","70","","355,496","1,229,887"
"RK - Billie Jean","3","","58","","623,670","1,229,765"
"SCH - Drogue prohibée","16","","87","","97,702","1,229,733"
"HUGEL - WTF","5","","171","","258,042","1,229,726"
"Rich The Kid - Plug Walk","6","","143","","226,097","1,229,544"
"Axwell /\ Ingrosso - Sun Is Shining","20","","57","","91,563","1,228,896"
"Jok'air - Elles ont trop joué avec mon coeur","3","","162","","430,867","1,228,703"
"Niro - Printemps blanc","9","","127","","151,371","1,228,206"
"SCH - Paye","2","","32","","868,782","1,227,109"
"Landy - Toi t'es chelou","4","","144","","321,642","1,226,899"
"Disclosure - Latch","25","","42","","78,537","1,226,267"
"YL - La Hagra","4","","30","","504,475","1,225,955"
"Billie Eilish - THE DINER","2","","74","","767,571","1,225,898"
"Orelsan - CP_004_ Juste un dernier","2","","36","","841,419","1,224,290"
"Jonas Blue - What I Like About You","4","","117","","358,463","1,223,991"
"Landy - Prends ta paye","3","","114","","526,417","1,223,774"
"Billie Eilish - wish you were gay","4","","112","","369,536","1,223,493"
"Josman - Petite Bulle","3","","89","","485,539","1,222,694"
"Stromae - Mon amour","2","","33","","879,070","1,221,321"
"Andy Williams - Happy Holiday / The Holiday Season","2","","129","","619,590","1,221,235"
"Sofiane - Madame Courage","4","","22","","530,196","1,221,121"
"Jul - Bravo","2","","36","","860,824","1,221,114"
"Olivia Rodrigo - drop dead","2","","70","","739,647","1,220,981"
"Wejdene - Allo","2","","44","","813,638","1,220,513"
"Stromae - Déclaration","2","","34","","870,413","1,219,579"
"Lorenzo - Catastrophe","3","","115","","489,694","1,219,316"
"Creepy Nuts - Bling-Bang-Bang-Born","3","","150","","415,170","1,218,931"
"Dinos - Par Amour","2","","42","","837,079","1,218,692"
"Gazo - WEMBY","1","","25","","1,218,048","1,218,048"
"SCH - Incompris","3","","32","","674,572","1,217,767"
"Jahyanai - Dweet So","6","","147","","224,550","1,217,564"
"One Direction - Perfect","10","","20","","253,510","1,217,560"
"Jogga - SKEU SKEU (SPEED UP)","2","","52","","710,117","1,216,645"
"The Shin Sekaï - Aime moi demain","14","","83","","117,995","1,216,567"
"Benab - Sourire","3","","68","","506,702","1,216,564"
"Mastu - Déprime","3","","111","","459,417","1,216,418"
"GLK - BEP","3","","105","","418,269","1,215,640"
"Angèle - Pensées positives","2","","60","","815,346","1,215,600"
"Lacrim - Végéta","2","","26","","845,840","1,215,292"
"mgk - Bad Things - With Camila Cabello","9","","142","","151,765","1,215,121"
"Adele - When We Were Young","10","","42","","198,269","1,214,474"
"GP Explorer - Le mur","2","","76","","761,937","1,213,945"
"The Carters - APESHIT","5","","118","","269,627","1,213,808"
"Lacrim - REAL MADRID","2","","88","","691,578","1,213,141"
"Joé Dwèt Filé - C'est toi","4","","140","","321,798","1,212,571"
"Jul - Je suis pas ton pote","2","","39","","847,182","1,212,147"
"Djadja & Dinaz - Répondeur","14","","79","","122,564","1,211,828"
"Bigflo & Oli - DU RAP HARDCORE","2","","94","","682,066","1,211,405"
"GAULOIS - Sens interdit","2","","76","","757,010","1,210,650"
"Lesram - san andreas","2","","39","","885,458","1,209,533"
"Werenoi - Maison hantée","2","","57","","777,434","1,209,033"
"Alrima - C'est comment","3","","59","","518,933","1,208,527"
"Ziak - Le pacte","2","","44","","838,168","1,207,864"
"SDM - Jack Fuego","3","","172","","406,708","1,207,578"
"Jul - Eh ouais fils","2","","37","","853,351","1,207,265"
"J Balvin - LA CANCIÓN","2","","78","","670,651","1,206,613"
"Djadja & Dinaz - Avancer","2","","84","","684,561","1,206,591"
"Meghan Trainor - NO","12","","76","","125,862","1,206,144"
"Eve La Marka - Cullinan - Nouvelle École","2","","96","","686,493","1,206,123"
"Ninho - UnRappeurÇaRap #1","2","","78","","704,603","1,205,128"
"Gradur - Ma petite","3","","65","","581,479","1,204,527"
"Jul - Mazé","2","","54","","758,257","1,203,982"
"Kaaris - Réussite","2","","32","","884,292","1,202,926"
"Werenoi - Figaro","2","","59","","774,345","1,202,565"
"S-Crew - DonZoo","2","","37","","891,794","1,202,395"
"Jul - Konami","2","","47","","760,796","1,202,319"
"Landy - Coachella","2","","88","","667,106","1,202,052"
"Zola - Pistou","2","","23","","879,761","1,201,681"
"Koba LaD - Dans l’avion","2","","26","","854,176","1,200,721"
"Bigflo & Oli - Remontada","2","","95","","678,468","1,199,924"
"Niaks - Manolo","3","","139","","444,902","1,199,881"
"Stromae - Mauvaise journée","2","","36","","856,557","1,198,691"
"Lartiste - Guardia","2","","96","","678,044","1,197,797"
"JRK 19 - 112","2","","75","","663,628","1,197,146"
"Nekfeu - Mon ame","19","","45","","139,041","1,197,056"
"Gambino - Rio de Janeiro","4","","147","","314,283","1,197,017"
"Zed - Solitaire","2","","90","","737,454","1,196,630"
"No Limit - Goodbye","3","","84","","532,151","1,194,606"
"Dadju - Va dire à ton ex","3","","54","","550,262","1,193,797"
"Moha La Squale - Snow","4","","47","","442,801","1,193,524"
"Mykola Dmytrovych Leontovych - Carol of the Bells","2","","121","","635,974","1,192,552"
"SCH - Lilou Dallas","2","","43","","830,176","1,191,539"
"Maes - Criminel","2","","55","","789,621","1,191,330"
"Bigflo & Oli - Les Dieux et les Rois","2","","96","","674,704","1,190,556"
"Kelvin Jones - Call You Home - Faul & Wad Ad Remix","16","","150","","82,554","1,190,540"
"KeBlack - Sans nouvelles","5","","161","","252,529","1,190,467"
"Busy P - Genie","6","","90","","261,933","1,189,848"
"Lacrim - Audemars Piguet","3","","20","","695,372","1,189,508"
"Imagine Dragons - Warriors","18","","15","","122,458","1,189,131"
"Arcane - Sucker - from the series Arcane League of Legends","2","","102","","641,324","1,188,568"
"MHD - Encore","3","","57","","554,491","1,188,396"
"Cardi B - Bartier Cardi","6","","116","","237,897","1,187,986"
"Zola - Pollos Hermanos","2","","25","","862,151","1,187,367"
"Sneazzy - ÉTINCELLES","2","","52","","805,268","1,187,313"
"Eminem - The Ringer","3","","34","","633,859","1,185,577"
"Columbine - Jrefaiscequejevois","3","","55","","576,635","1,185,550"
"Aliocha Schneider - Ensemble","3","","137","","408,627","1,184,753"
"Josman - POP","2","","30","","837,389","1,184,172"
"Gazo - IMPACT","2","","45","","840,810","1,183,739"
"Kalash Criminel - Turn Up","2","","27","","837,918","1,183,399"
"The Weeknd - Reflections Laughing","2","","53","","777,409","1,182,974"
"Zola - CÔTÉ HUBLOT","2","","49","","793,613","1,182,595"
"Kalash Criminel - Mélanger","7","","94","","258,008","1,181,091"
"PLK - Dangereux","2","","70","","696,011","1,180,322"
"SCH - Blanc Bleu","2","","46","","804,539","1,178,931"
"Aya Nakamura - Hypé","3","","172","","405,756","1,178,776"
"Naps - Vroum vroum","8","","135","","163,411","1,178,451"
"Aya Nakamura - Hot","2","","28","","821,806","1,177,820"
"SCH - Blue Bahamas","2","","45","","828,217","1,177,370"
"Leto - ⁠ÇA DONNE","2","","92","","701,417","1,176,549"
"The Lumineers - Ho Hey","30","4","6","","83,093","1,176,438"
"Sofiane - T'es une galère","4","","25","","513,820","1,175,985"
"Heuss L'enfoiré - Anita","3","","50","","589,569","1,174,445"
"Alan Walker - Better Off (Alone, Pt. III)","3","","171","","413,376","1,173,532"
"Landy - Le même","3","","130","","475,992","1,173,515"
"XXXTENTACION - Hope","4","","86","","341,969","1,173,218"
"Nekfeu - Rêve d'avoir des rêves","19","","40","","150,862","1,170,606"
"SCH - Super Silver Haze","2","","35","","835,166","1,170,059"
"Jul - Courtois","2","","52","","766,389","1,169,937"
"Asake - BADMAN GANGSTA","2","","74","","680,956","1,169,676"
"Billie Eilish - BITTERSUITE","2","","79","","743,806","1,169,505"
"Zola - TLMA","2","","24","","872,152","1,169,470"
"Djadja & Dinaz - Tourner","4","","32","","535,248","1,169,356"
"Rsko - Daytona","2","","100","","670,194","1,168,576"
"Harry Styles - American Girls","2","","70","","680,532","1,168,132"
"Ziak - Badman Trip","2","","46","","804,291","1,167,111"
"Maes - Intro","2","","69","","724,583","1,166,457"
"Slimane - Viens on s’aime","5","","114","","242,732","1,164,880"
"Timal - Pirate","5","","64","","357,687","1,163,973"
"Aya Nakamura - Ça blesse","2","","29","","818,823","1,163,786"
"Alonzo - DLG","7","","110","","187,177","1,161,061"
"Marou Chenko - Potion","3","","111","","444,994","1,160,365"
"Niska - T-Rain","2","","42","","789,767","1,159,828"
"Adele - Water Under the Bridge","7","","100","","199,645","1,159,494"
"Bigflo & Oli - W_Osaka_hotel.mp3","2","","103","","649,657","1,157,324"
"Jul - Hallelujah","3","","43","","570,784","1,156,742"
"Mig - Pas de ralentir 3","3","","112","","458,557","1,156,668"
"Aya Nakamura - Dans ma bulle","3","","43","","592,324","1,156,608"
"Koba LaD - Chambre d’hotel","2","","29","","838,629","1,156,489"
"Ziak - Room","2","","65","","707,532","1,155,798"
"Aya Nakamura - Chacun","2","","55","","725,415","1,155,440"
"Landy - V12","3","","121","","502,635","1,155,151"
"Ziak - Quatre","3","","178","","419,088","1,153,513"
"Freeze corleone - Scellé part.2","3","","104","","401,486","1,152,690"
"Vegedream - Instagram","3","","55","","500,260","1,152,615"
"Jul - Comme au bon vieux temps","2","","51","","730,381","1,151,769"
"Selena Gomez - Rare","3","","74","","507,001","1,151,624"
"Måneskin - HONEY (ARE U COMING?)","3","","143","","402,933","1,151,184"
"SCH - Actes","2","","49","","782,633","1,151,081"
"Mous-K - Cole Palmer","2","","87","","653,046","1,150,881"
"Alpha Wann - mitsubishi","2","","48","","818,997","1,149,841"
"Claude François - Le mal aimé","2","","116","","664,316","1,149,152"
"Gazo - BIRTHDAY","1","","32","","1,148,088","1,148,088"
"Mister V - Kungfu","2","","52","","827,496","1,147,966"
"Nahir - Glock","3","","93","","475,092","1,146,915"
"Dinor rdt - Minimum","4","","142","","323,398","1,146,049"
"Kaaris - Tu dois des sous","2","","54","","666,335","1,145,813"
"Orelsan - CP_005_ Ok... Super...","2","","40","","796,806","1,145,318"
"Hamza - Vibes","5","","75","","316,863","1,144,724"
"Bekar - Finalement","2","","68","","684,558","1,144,707"
"SCH - Solitude","2","","38","","830,200","1,143,655"
"Koba LaD - Helsinki","2","","33","","811,362","1,143,579"
"Timal - Muerte","3","","90","","487,210","1,143,367"
"Madeleine Peyroux - Have Yourself A Merry Little Christmas","2","","103","","703,174","1,142,842"
"Lynda - Viens on parle","3","","89","","464,466","1,142,418"
"PLK - Sun","2","","71","","688,359","1,142,061"
"ASHE 22 - Scellé Part. 3","3","","51","","574,535","1,141,926"
"Bramsito - MPLT","3","","85","","424,373","1,140,464"
"Freeze corleone - Moncler","2","","51","","761,628","1,140,046"
"Hatik - Ali","3","","88","","455,782","1,138,794"
"Soso Maness - Dans mes rêves","3","","71","","485,045","1,136,734"
"The Plug - DE AQUI PA YA","2","","63","","569,077","1,135,647"
"Jul - Flouz","2","","58","","698,334","1,134,701"
"DA Uzi - Plus belle la vie","3","","88","","449,174","1,134,638"
"No Limit - Laisse moi te dire","3","","106","","449,736","1,134,300"
"Rohff - Sécurisé","3","","72","","510,287","1,134,248"
"Tyga - SWISH","6","","177","","208,206","1,134,000"
"Orelsan - Dans quelques mois","1","","38","","1,132,765","1,132,765"
"Jul - Sous le soleil","2","","80","","696,824","1,132,393"
"Naps - Le couz","5","","123","","277,103","1,132,067"
"Koba LaD - Amitiés gâchées","3","","61","","571,161","1,131,507"
"Zkr - Focus","3","","81","","520,309","1,131,498"
"Leto - Double Bang 8","3","","91","","457,314","1,131,325"
"Kaaris - Feghouli","4","","44","","474,605","1,130,824"
"SCH - Ah gars","2","","44","","798,451","1,130,238"
"SCH - Ciment","2","","40","","809,942","1,130,176"
"Jul - J'suis pas devin","2","","66","","727,199","1,129,176"
"Naza - Benef","4","","141","","315,225","1,128,693"
"Jul - Droit au but","2","","65","","707,213","1,128,407"
"Elams - Ghetto","5","","135","","240,250","1,128,014"
"RnBoi - INTRO","2","","109","","594,810","1,128,007"
"PLK - Ça fait longtemps","2","","76","","694,760","1,126,046"
"Josman - PANORAMA","2","","78","","671,080","1,126,032"
"13 Organisé - Heat","2","","38","","787,132","1,125,045"
"Nono La Grinta - FLASH-BACK","2","","92","","619,561","1,124,365"
"Koba LaD - Bedodo","2","","34","","807,420","1,124,365"
"Djadja & Dinaz - Les bases","2","","88","","619,131","1,124,352"
"Jul - Mademoiselle","2","","58","","716,291","1,123,521"
"PLK - En ville","2","","48","","784,615","1,123,451"
"Sadek - JDJ","3","","85","","456,767","1,123,271"
"Jul - Ou lalala","4","","52","","461,072","1,122,934"
"Tiakola - Sans nouvelle","3","","150","","403,111","1,122,344"
"Miley Cyrus - Malibu","6","","95","","234,053","1,122,311"
"MALTY 2BZ - TN","3","","139","","403,707","1,121,358"
"Orelsan - SAMA","1","","42","","1,121,093","1,121,093"
"Christine and the Queens - Paradis Perdus","29","","54","","75,984","1,120,843"
"Ronisia - Shawty","2","","89","","651,105","1,120,100"
"Migos - T-Shirt","8","","131","","155,920","1,119,675"
"T2R - Bye Bye","3","","121","","381,784","1,119,664"
"Stray Kids - Come Play (from the series Arcane League of Legends)","2","","121","","571,181","1,119,356"
"The Weeknd - The Abyss","2","","74","","677,199","1,119,038"
"Columbine - La gloire ou l'asile","3","","59","","544,701","1,119,020"
"Dinos - Le nord se souvient","2","","30","","801,933","1,118,878"
"Booba - 4G","13","","44","","197,567","1,118,225"
"Nicki Minaj - The Night Is Still Young","18","","59","","94,832","1,117,889"
"Laylow - QUE LA PLUIE","2","","44","","817,009","1,117,797"
"L.E.J - Summer 2016 - Medley / Extended","7","","47","","276,176","1,116,393"
"Hailee Steinfeld - Love Myself","17","","95","","73,836","1,115,439"
"PLK - Idiote","3","","76","","512,925","1,115,376"
"Zola - MAKE UP","2","","55","","770,204","1,115,323"
"Sofiane - C'est nous les condés","7","","91","","216,232","1,114,368"
"Djadja & Dinaz - Mailler","2","","50","","750,134","1,114,142"
"Jul - La route est longue","2","","67","","711,713","1,113,798"
"Soolking - Maryline","3","","100","","423,946","1,112,792"
"Martin Solveig - Intoxicated","20","","72","","82,180","1,111,688"
"Soolking - Amsterdam","3","","48","","560,106","1,111,274"
"Dinos - Rouge Drama","2","","45","","763,910","1,110,589"
"Quavo - Tough","2","","86","","620,710","1,109,581"
"Juice WRLD - Come & Go","3","","99","","462,601","1,109,424"
"Lost Frequencies - Beautiful Life","12","","98","","120,131","1,109,135"
"Jul - Coucou","10","","58","","151,239","1,108,555"
"Lomepal - Club","6","","160","","195,791","1,107,206"
"Rod Stewart - Winter Wonderland","2","","80","","707,800","1,106,847"
"Hugo Nogam - Histoire sans fin","4","","148","","324,155","1,106,845"
"Moha La Squale - Inspi du soir","3","","91","","441,751","1,106,633"
"Oli - tumemanques","2","","108","","628,680","1,106,310"
"Lacrim - Partis de rien","3","","22","","649,830","1,105,731"
"Niall Horan - Too Much To Ask","6","","126","","234,585","1,104,970"
"Jorja Smith - Come Over (Remix)","3","","100","","430,849","1,104,034"
"Koba LaD - C’est moi","3","","60","","572,180","1,103,593"
"Jul - 6.35","2","","34","","751,764","1,103,303"
"MMZ - Pardon","5","","73","","313,743","1,102,722"
"Roméo Elvis - Parano","2","","41","","770,947","1,102,550"
"DA Uzi - OTF","2","","74","","646,524","1,101,344"
"Jul - Le charbon c'est le casino","2","","61","","735,668","1,100,344"
"Troye Sivan - YOUTH","12","","57","","153,799","1,099,678"
"Gazo - Job","2","","99","","588,863","1,098,905"
"Lorenzo - Voyage auditif","2","","32","","757,237","1,098,901"
"Travis Scott - HIGHEST IN THE ROOM","3","","86","","463,249","1,098,178"
"Benab - RS5","2","","95","","588,166","1,097,548"
"Mister V - Payakaroon","2","","53","","805,223","1,096,730"
"Bolémvn - Sankhara #3 (Lamelle)","4","","149","","292,610","1,096,724"
"Playboi Carti - RATHER LIE","2","","62","","698,989","1,096,096"
"Polo G - RAPSTAR","4","","171","","286,803","1,096,013"
"Dadju - J'ai dit non","4","","58","","419,933","1,095,788"
"Lacrim - J’suis qu’un thug","20","","33","","82,667","1,095,239"
"SCH - Tirer un trait","2","","47","","775,804","1,095,082"
"Koba LaD - Demain j’arrête","3","","69","","554,504","1,094,991"
"Lomepal - Skit lost memo","2","","50","","748,992","1,094,962"
"Orelsan - Fantômes","2","","18","","787,439","1,094,626"
"Nekfeu - Reuf - Version Five","13","","115","","95,993","1,094,187"
"ZEG P - Juste une minute","2","","82","","636,726","1,094,129"
"Scridge - Samira 2","4","","56","","368,749","1,093,055"
"Jul - Eh ça va Guy","2","","57","","695,211","1,091,710"
"Koba LaD - Quadrillé","3","","70","","553,170","1,091,311"
"Gradur - Opps","2","","86","","635,585","1,088,777"
"Dinos - Judas","2","","34","","780,336","1,088,654"
"Werenoi - Nos labels c'est du papel","2","","80","","682,240","1,088,388"
"LISA - New Woman","2","","95","","607,930","1,088,176"
"Orelsan - Mes grands-parents","2","","19","","786,918","1,087,803"
"Jul - Au-dessus de l'Atlas","2","","71","","684,063","1,087,212"
"Leto - 100 visages","2","","55","","766,537","1,086,808"
"Sofiane - Le cercle","6","","55","","336,903","1,086,157"
"Djadja & Dinaz - Ancolie","2","","58","","713,840","1,085,480"
"Heuss L'enfoiré - Cités de France","2","","80","","667,780","1,085,362"
"Kendji Girac - Que Dieu me pardonne","4","","151","","281,787","1,084,708"
"The Weeknd - Party Monster","6","","39","","313,365","1,084,295"
"Leto - God Bless","2","","46","","713,856","1,084,002"
"Drake - What’s Next","3","","86","","456,197","1,083,958"
"PLK - Chambre 140","2","","102","","577,550","1,083,189"
"SCH - Every Day","2","","48","","761,965","1,082,120"
"Robin Schulz - Sun Goes Down","27","","60","","62,877","1,081,792"
"Kekra - Lakehouse","2","","58","","708,436","1,081,148"
"Guy2Bezbar - Cracklanders","3","","108","","474,564","1,081,031"
"UZI - T'abuses","3","","73","","500,521","1,079,432"
"Jul - Finito","2","","49","","722,029","1,078,697"
"Lacrim - Laisse-les","4","","25","","533,768","1,078,560"
"Zola - B.A.L","2","","60","","742,447","1,077,633"
"Kaaris - 4Matic","7","","53","","245,413","1,077,570"
"Natalie La Rose - Somebody","19","","52","","86,294","1,077,338"
"Et demain ? Le collectif - Et demain ?","4","","158","","285,982","1,076,479"
"Josman - P.O.V.","2","","48","","681,100","1,074,193"
"Gazo - ENCORE PLUS FORT ELLE AIME ÇA","1","","42","","1,073,946","1,073,946"
"DENZO - Trop dedans","3","","77","","429,618","1,072,898"
"Lorenzo - Parler de quoi","2","","37","","728,789","1,072,539"
"Walking On Cars - Speeding Cars","7","","93","","165,621","1,072,449"
"Liim’s - 1ère Sommation","2","","84","","631,472","1,072,065"
"Laylow - HELP !!!","2","","51","","772,414","1,071,235"
"Damso - Grand Soleil","2","","89","","604,853","1,070,665"
"Ziak - Coffre","2","","51","","753,930","1,070,263"
"Djadja & Dinaz - Million","2","","55","","664,490","1,070,013"
"PLK - J'attends","2","","87","","626,420","1,069,745"
"Lacrim - Pardon...","4","","29","","508,203","1,069,275"
"Aya Nakamura - Corazon","2","","61","","697,001","1,067,409"
"Future - Like That","2","","90","","584,188","1,067,223"
"Lorenzo - Faudrait","3","","25","","545,896","1,067,044"
"Booba - Abidal","1","","39","","1,066,652","1,066,652"
"Le classico organisé - Oh mama oh","2","","47","","734,135","1,065,872"
"Tiakola - SOLO","2","","84","","634,118","1,064,943"
"Orelsan - Tout ce que je sais","2","","21","","757,560","1,064,420"
"Ptite Soeur - PUKE SOMETHING","2","","124","","551,578","1,063,155"
"Doja Cat - You Right","3","","103","","420,065","1,063,153"
"GIMS - COMÈTE","2","","100","","615,641","1,063,151"
"Lacrim - Petit jaloux","12","","44","","183,548","1,062,814"
"Mister V - Moulin rouge","2","","60","","765,828","1,062,717"
"Muse - Dead Inside","15","","47","","133,270","1,061,837"
"Dua Lipa - We're Good","3","","95","","395,492","1,061,359"
"Zed - Hockey","2","","74","","615,353","1,061,107"
"SCH - Frime","2","","50","","725,484","1,059,992"
"Freeze corleone - L'art de la guerre","2","","58","","699,763","1,059,508"
"Bad Bunny - EL CLúB","2","","102","","557,313","1,058,725"
"Hornet La Frappe - T'es un marrant","4","","45","","435,021","1,057,453"
"Jul - Forbidden","2","","60","","682,154","1,057,379"
"Foster The People - Sit Next to Me - Stereotypes Remix","5","","127","","261,954","1,056,768"
"Beyoncé - Crazy In Love","4","","108","","549,395","1,056,372"
"Lacrim - Rafa & Carlos","2","","46","","727,872","1,056,359"
"Kofs - Tout s'achète","3","","124","","359,332","1,055,147"
"Jul - C'est pas beau","12","","95","","122,703","1,054,516"
"Jul - Quelqu'un d'autre t'aimera","3","","53","","508,561","1,054,084"
"Niaks - ON FAIT LES CHOSES","2","","137","","571,038","1,053,854"
"Moha La Squale - Rémi sans famille","4","","60","","330,459","1,053,619"
"Lartiste - GB","5","","115","","281,745","1,052,939"
"PLK - Tout recommencer","2","","50","","687,780","1,052,676"
"Laylow - FALLEN ANGELS","2","","54","","748,209","1,052,668"
"SDM - Si tu savais","2","","65","","659,205","1,052,134"
"Djadja & Dinaz - Loyal","2","","64","","682,587","1,050,747"
"Jeremih - Don't Tell 'Em","20","","29","","97,186","1,050,541"
"Jul - Par intérêt","2","","103","","607,882","1,050,503"
"LISA - Born Again","2","","89","","630,767","1,049,797"
"Jul - Sherbet","2","","76","","660,004","1,049,767"
"O.T. Genasis - CoCo","19","","38","","97,859","1,049,637"
"HOUZ - Margiela II","2","","138","","530,723","1,048,553"
"CNCO - Pretend","4","","149","","274,035","1,048,381"
"Dadju - Jenny","4","","59","","406,328","1,048,252"
"Kalash Criminel - Ahou","2","","14","","701,767","1,048,145"
"Koba LaD - Feux éteints","2","","47","","739,327","1,047,858"
"Jul - Pablito","3","","54","","518,744","1,047,725"
"Leto - Mozart","2","","58","","749,249","1,047,629"
"Jul - Faux poto","2","","61","","692,022","1,047,258"
"Jul - Chiron","3","","60","","504,813","1,045,492"
"Ninho - STOCKHOLM","2","","100","","599,081","1,045,267"
"Tove Lo - Talking Body","22","","77","","74,546","1,044,941"
"Mister You - Ça se fait pas","3","","76","","467,176","1,044,067"
"Jul - Lady","18","","74","","79,723","1,042,942"
"Gazo - FIESTA","1","","44","","1,042,501","1,042,501"
"Jul - Je vais pas redonner","2","","57","","728,739","1,040,824"
"Niska - Paramètre","2","","49","","725,310","1,040,676"
"13 Block - CR","3","","74","","482,109","1,039,890"
"Amaarae - SAD GIRLZ LUV MONEY Remix","3","","135","","379,620","1,038,293"
"Charlie Winston - Truth","22","","61","","66,388","1,037,555"
"Josman - Cocktail","2","","57","","633,344","1,037,202"
"SCH - Multirécidiviste","1","","38","","1,037,048","1,037,048"
"Lacrim - RS6","2","","25","","756,602","1,035,671"
"Djadja & Dinaz - Loup","2","","65","","672,449","1,034,453"
"Jul - La folie du ter ter","2","","63","","668,622","1,034,165"
"Jul - TKT","3","","59","","496,477","1,034,091"
"La Rvfleuze - ARGENT SALE","2","","126","","557,038","1,034,069"
"Ariana Grande - the boy is mine","2","","80","","616,450","1,034,025"
"Columbine - Mirador","3","","76","","493,222","1,033,893"
"Major Lazer - Believer","10","","151","","121,082","1,033,458"
"PLK - Meilleur cauchemar","2","","48","","691,947","1,033,040"
"Jul - Je m'endors mal luné","2","","56","","663,090","1,033,034"
"Jul - La fusée","26","","98","","49,179","1,032,618"
"Le classico organisé - Quitte à les décevoir","2","","62","","632,184","1,032,281"
"Lacrim - Reda - Partie 2","2","","64","","704,992","1,031,867"
"JENNIE - Mantra","2","","123","","534,390","1,031,712"
"Jul - Oh fou","3","","57","","514,565","1,031,700"
"Gush - Follow the Sun, Part. 1","13","","120","","97,168","1,030,887"
"Jul - Sakakini","2","","64","","654,519","1,030,050"
"StaySolidRocky - Party Girl (Remix)","2","","76","","539,366","1,029,070"
"13 Block - Amis d'avant","3","","82","","457,736","1,028,989"
"Vald - Ne me déteste pas","3","","26","","582,118","1,028,621"
"Jul - S.U.V","2","","62","","707,349","1,028,184"
"Travis Scott - TELEKINESIS","2","","76","","644,038","1,027,549"
"Orelsan - Excuses ou mensonges","2","","22","","733,162","1,026,302"
"Kanye West - Off The Grid","2","","47","","650,748","1,026,212"
"Franko - Coller la petite","14","","129","","85,680","1,025,772"
"Stevie Wonder - What Christmas Means To Me","2","","125","","545,249","1,025,378"
"James Arthur - Impossible","27","","13","","56,869","1,024,391"
"Orelsan - Internet","1","","50","","1,024,370","1,024,370"
"VEN1 - Nichen","2","","139","","525,857","1,024,353"
"Lorenzo - Amy Winehouse","2","","98","","531,518","1,023,181"
"Vegedream - Calimero","4","","173","","288,851","1,022,707"
"DA Uzi - D'une autre manière","3","","59","","438,684","1,022,372"
"Djadja & Dinaz - Anonymat","2","","63","","692,546","1,021,600"
"Kendrick Lamar - LOYALTY. FEAT. RIHANNA.","4","","24","","442,090","1,021,441"
"Gazo - MOLLY","2","","52","","689,906","1,020,572"
"Bad Bunny - PERFuMITO NUEVO","2","","105","","544,306","1,019,477"
"GIMS - IMMORTEL","3","","130","","364,894","1,019,361"
"Lacrim - Reda - Partie 3","2","","67","","685,231","1,019,099"
"Djadja & Dinaz - Sommet","2","","63","","623,086","1,018,954"
"Angèle - Mauvais rêves","2","","74","","665,324","1,018,600"
"K2_sp - NOUS#2","1","","43","","1,018,593","1,018,593"
"ASHE 22 - X3","3","","130","","376,830","1,017,351"
"Jul - Mélancolie du soir","3","","61","","484,110","1,017,131"
"mademoiselle lou - Zénith","2","","58","","653,578","1,016,798"
"Ziak - Grabba","2","","104","","581,796","1,016,510"
"Offset - Ric Flair Drip","6","","179","","177,526","1,016,028"
"Casseurs Flowters - Inachevés","12","","67","","140,976","1,015,262"
"Jok'air - Mon survet","5","","143","","223,559","1,014,611"
"Dadju - La guitare suit la mélo","2","","65","","647,689","1,014,568"
"Jason Derulo - If It Ain't Love","10","","89","","124,652","1,014,233"
"Lacrim - Ça paie pas","4","","30","","501,575","1,013,679"
"Dadju - Ma faute","2","","43","","686,762","1,013,476"
"Djadja & Dinaz - Elle","10","","58","","157,387","1,013,173"
"Mister You - A Toi...","2","","120","","522,350","1,012,769"
"Djadja & Dinaz - Spleen","2","","66","","664,380","1,012,679"
"Alpha Wann - 3095 pt2","2","","58","","715,059","1,012,182"
"Josman - PLU$$$","2","","42","","725,206","1,011,662"
"Freeze corleone - Dans les buissons","2","","60","","677,495","1,011,569"
"Chilla - AHOO","3","","136","","375,798","1,011,070"
"Orelsan - Oulalalala","1","","51","","1,010,748","1,010,748"
"Sia - Big Girls Cry","30","","73","","51,881","1,010,588"
"AlunaGeorge - You Know You Like It - DJ Snake Remix","7","","21","","169,874","1,010,189"
"The Weeknd - Out of Time","2","","65","","645,601","1,010,133"
"Djadja & Dinaz - Tu perds la foi","4","","47","","445,238","1,009,696"
"Timal - La 6","5","","95","","285,976","1,009,485"
"Djadja & Dinaz - La haine","5","","46","","347,176","1,009,136"
"Migos - Narcos","4","","72","","341,794","1,008,812"
"Kaza - N26","3","","112","","356,977","1,008,563"
"Rim'K - Fantôme","7","","142","","151,953","1,006,753"
"Sirine Jne - Plus besoin","3","","129","","376,562","1,006,202"
"Maes - LDS","2","","20","","700,960","1,004,995"
"Lefa - Quelques minutes","14","","82","","89,680","1,004,564"
"Kodes - Ghini Ghini","3","","88","","396,528","1,004,540"
"Alonzo - Normal","20","","64","","72,992","1,004,479"
"Billie Eilish - Lost Cause","3","","87","","463,329","1,003,822"
"Orelsan - Discipline","2","","24","","721,497","1,002,958"
"Lacrim - Cohiba","4","","33","","485,688","1,002,525"
"Aya Nakamura - T'as peur","2","","73","","620,859","1,002,141"
"Josman - Yacht & Champagne - Skit","2","","61","","624,017","1,000,764"
"Jul - Camouflage","2","","74","","627,452","1,000,436"
"SCH - Ivresse & Hennessy","2","","26","","706,556","999,894"
"P!nk - Just Give Me a Reason","20","4","5","","87,873","999,693"
"Eva - Baby Boy","3","","93","","414,962","999,223"
"Lefa - En terrasse","11","","78","","122,597","998,795"
"Ninho - RÉSINE","1","","47","","998,569","998,569"
"13 Organisé - Mental 13","2","","142","","531,663","998,457"
"Deorro - Five More Hours - Deorro x Chris Brown","15","","63","","89,679","997,935"
"Damso - DAMSAUTISTE","1","","50","","997,913","997,913"
"Dadju - SOLD OUT !","2","","106","","588,150","997,858"
"Shawn Mendes - I Know What You Did Last Summer","13","","119","","88,076","997,013"
"Tayc - No No No","3","","145","","352,972","996,662"
"Jul - Je te veux toi","2","","72","","615,966","996,193"
"Jul - En place","12","","84","","131,875","995,284"
"Mig - 30 Septembre","3","","119","","356,957","995,124"
"2L - 200 dB - Nouvelle École","2","","152","","500,847","994,719"
"Tiakola - #TT","2","","58","","646,851","993,470"
"Bad Bunny - LO QUE LE PASÓ A HAWAii","2","","144","","509,247","992,266"
"Seinabo Sey - Younger - Kygo Remix","14","","159","","77,492","991,670"
"Jul - Ma chérie","3","","73","","477,234","991,242"
"Jul - Flow mitraillette","2","","70","","651,209","991,050"
"Orelsan - Yoroï","1","","53","","990,844","990,844"
"Daft Punk - Lose Yourself to Dance","21","4","4","","145,625","990,827"
"Stromae - moules frites","23","4","7","","70,793","990,709"
"Bello&Dallas - Fédéraux","2","","131","","507,640","990,382"
"Bad Bunny - Yonaguni","3","","124","","359,397","990,165"
"Squeezie - Servis","2","","99","","505,537","990,143"
"Aya Nakamura - Mon chéri","2","","37","","709,262","990,065"
"13 Organisé - La nuit","2","","52","","692,072","988,393"
"Kaaris - Dévalisé","2","","39","","659,912","988,091"
"MAI LAN - Vampire","5","","92","","214,443","987,989"
"YL - Pas pareil","3","","110","","415,059","987,888"
"Bouss - Nowhere 2","2","","120","","533,764","987,767"
"DYSTINCT - PRINCESSA","2","","146","","516,639","986,393"
"Le classico organisé - Mafiosi","2","","59","","653,607","986,094"
"Imen Es - Je t'aime en silence","3","","109","","399,017","985,261"
"RK - Bénéfice","2","","44","","649,187","984,964"
"Jul - Mexico","2","","48","","658,805","984,878"
"One Direction - Steal My Girl","15","","31","","89,446","984,612"
"SCH - D’hier à aujourd’hui","1","","50","","984,500","984,500"
"Hatik - waï","2","","68","","530,763","984,423"
"Kalash Criminel - La Sacem de Florent Pagny","2","","17","","667,472","984,324"
"Taylor Swift - Shake It Off","6","5","4","","190,525","984,207"
"The Weeknd - In The Night","12","","63","","141,769","984,009"
"Jul - C'est un bonbon","2","","56","","667,337","983,879"
"Hornet La Frappe - Ma racli","2","","68","","686,624","983,724"
"Ptite Soeur - G. MCKENNA","2","","139","","517,388","983,548"
"Shake Shake Go - Doors To Heaven","28","","112","","48,562","982,921"
"Lorenzo - Pumpidup","2","","42","","669,373","981,964"
"Djadja & Dinaz - Zumba","4","","54","","434,714","981,388"
"Nekfeu - Nouvel homme","2","","72","","627,280","981,193"
"Jay Rock - King's Dead","5","","144","","216,722","980,999"
"Avicii - You Make Me","20","6","8","","205,684","979,853"
"Freeze corleone - CARTIER","2","","61","","612,911","979,349"
"Orelsan - Dis-moi","2","","27","","698,997","979,094"
"TIF - Nothing Personal - A COLORS SHOW","2","","123","","518,742","979,094"
"Dinos - PERFORMANTE","2","","100","","570,470","977,892"
"Vacra - Dua L","2","","141","","521,383","977,261"
"Halsey - Now Or Never","7","","149","","153,865","976,877"
"Gradur - Terrasser","25","","40","","105,149","976,706"
"Kanye West - All Mine","3","","46","","435,885","976,470"
"Wejdene - Nananeh","2","","55","","686,959","976,306"
"Ninho - N.W.A","1","","50","","975,988","975,988"
"Heuss L'enfoiré - Mauvais","2","","81","","652,705","975,356"
"Gazo - NOTRE DAME","2","","141","","490,890","975,264"
"Koba LaD - Céramique","2","","50","","699,369","974,899"
"Dadju - Perdu","2","","48","","655,845","974,720"
"Lartiste - Missile - Acte II","12","","119","","94,553","973,340"
"Bello&Dallas - DLP","2","","136","","542,610","973,090"
"Jul - Je fais mes bails","3","","66","","470,440","972,919"
"Zola - California Girl","5","","156","","209,106","972,871"
"Leto - Petit frère","2","","56","","634,480","972,758"
"La Rvfleuze - VERISURE","1","","41","","972,601","972,601"
"Kendji Girac - Cool","21","","62","","86,974","972,217"
"Leto - Tristesse","2","","63","","690,232","971,740"
"Petit Papa Noël - Vive Le Vent","2","","165","","487,032","970,373"
"Nekfeu - A la base","2","","74","","623,686","969,168"
"Dadinho - Mendosa","2","","63","","549,847","968,307"
"Leto - Avon Barksdale","4","","121","","274,634","968,160"
"Kalash Criminel - Encore","3","","53","","478,895","967,198"
"Jason Derulo - Cheyenne","11","","49","","115,023","965,937"
"Dosseh - 25 décembre","8","","96","","152,478","965,403"
"disiz - SUBLIME","3","","128","","396,656","965,280"
"Christophe Willem - PS : Je t'aime","3","","183","","339,543","964,901"
"Gato - Haï","2","","45","","665,172","964,731"
"Bilton - Chicha menthe","2","","55","","532,679","964,719"
"Nekfeu - Interlude Fifty","2","","75","","618,217","963,853"
"RK - Paix & Plata","2","","95","","551,838","963,621"
"Timal - Le son de ma rue","2","","51","","602,332","962,392"
"Hornet La Frappe - Même secteur","2","","48","","593,931","961,118"
"Landy - Mytho","5","","173","","209,348","960,515"
"Vieux Père - Baby Mama","2","","116","","512,419","960,407"
"Hös Copperfield - PHOTO","2","","56","","591,789","960,048"
"Lacrim - Papa Trabaja","4","","42","","427,377","959,631"
"Soprano - Près des étoiles","3","","104","","356,253","959,590"
"Heuss L'enfoiré - SKCH","2","","45","","632,347","959,546"
"Fresh laDouille - 2 Mi-temps","3","","115","","413,158","959,504"
"MZ - Toi sur moi","12","","93","","111,772","959,207"
"SCH - Ciel bleu","1","","60","","958,878","958,878"
"Jul - Dans la loge","2","","84","","562,212","958,457"
"Hamza - PTSD","2","","33","","693,570","958,005"
"Sadek - Napoli","5","","94","","265,670","957,843"
"Zkr - J'ai fait le tour","2","","52","","577,311","957,527"
"Leto - 187 mesures","2","","61","","616,404","955,564"
"DYSTINCT - Pas Comme Ça","2","","121","","554,392","955,562"
"Jul - Pekenio","3","","74","","443,748","954,931"
"Freeze corleone - PDM","2","","71","","615,154","954,910"
"Tiakola - R.I.Peace","2","","64","","596,202","954,799"
"Eva - Ciel","3","","146","","340,765","953,976"
"Sexion d'Assaut - Désolé","2","","140","","535,910","953,628"
"Timal - Lyca","4","","60","","364,223","953,164"
"Lorenzo - Rien à branler","3","","34","","485,519","953,121"
"Aya Nakamura - Mon Lossa","2","","40","","678,969","952,953"
"Ryan Gosling - City Of Stars","6","","113","","181,048","952,190"
"JACKBOYS - OUT WEST","3","","109","","382,843","951,739"
"RK - J'ai trop zoné","2","","74","","646,205","950,187"
"Larry - Colis","2","","50","","623,608","948,299"
"Josman - À feu doux...","2","","73","","573,555","948,157"
"Favé - FAVELA","2","","71","","576,246","947,004"
"Drake - Slime You Out","2","","119","","481,412","946,805"
"Ziak - Belle madame","2","","109","","526,346","946,756"
"Jul - Vivre mes rêves","11","","101","","120,036","946,582"
"Q.E Favelas - Maman veut pas","2","","52","","621,273","946,540"
"C2C - Down The Road","38","","16","","45,091","945,760"
"Imagine Dragons - I Bet My Life","20","","66","","63,208","945,648"
"Djadja & Dinaz - J'suis kha","5","","55","","320,452","945,136"
"Zaho de Sagazan - Modern Love","2","","152","","500,378","944,545"
"Tory Lanez - LUV","9","","99","","119,496","944,446"
"Jul - Y'a pas de stress","6","","69","","262,325","944,292"
"Travis Scott - HYAENA","1","","32","","943,846","943,846"
"Siboy - Mula","5","","49","","313,112","943,720"
"Hamza - 50x","2","","31","","654,024","943,719"
"Gros Mo - Paradis Artificiel","2","","58","","601,260","942,032"
"Esteban - Gotham City","3","","136","","365,284","941,211"
"Kaaris - Double K","2","","101","","549,639","940,424"
"Koba LaD - Un peu d'amour","2","","126","","505,551","939,618"
"La Fouine - VSOP","2","","158","","479,072","939,557"
"Carla - Bim Bam toi - Junior Eurovision 2019 / France","3","","148","","332,144","939,523"
"Heuss L'enfoiré - Shayo","2","","143","","477,272","936,933"
"Timal - One Shot","2","","52","","601,587","936,401"
"Jul - Rallumer le toupew","2","","81","","615,004","936,127"
"Jul - J'ai dit...","6","","66","","263,934","934,852"
"Saja Boys - Soda Pop - version française","2","","174","","470,408","934,345"
"Burna Boy - On the Low","3","","134","","339,044","934,192"
"The Clash - Should I Stay or Should I Go - Remastered","2","","148","","471,908","934,067"
"Vegedream - Madame Djé (Djenaba)","3","","99","","400,543","934,052"
"YL - Fruit d'mon époque","4","","79","","339,215","933,727"
"OBOY - Armada","2","","62","","600,908","933,554"
"Disclosure - Omen","13","","71","","83,858","932,995"
"Squidji - Doudou","3","","130","","348,860","932,689"
"Danilo - VIBE","2","","174","","472,694","932,246"
"Jul - Vatos Locos","2","","63","","625,662","931,691"
"Niaks - Perm","2","","105","","524,670","931,673"
"Unité - Kalitada","3","","139","","327,386","930,906"
"Dj Quick - Coffre chargé","3","","134","","339,038","930,598"
"DTF - Atlas","2","","76","","594,132","930,488"
"Jul - Confinement","2","","62","","629,662","930,428"
"Ziak - Flocko","3","","157","","331,931","930,243"
"Jul - Je dis rien, je vois tout, j'entends","6","","62","","272,395","930,241"
"Indila - S.O.S","18","","25","","90,980","930,025"
"6ix9ine - TIC TOC","2","","30","","605,251","930,003"
"Coldplay - Orphans","3","","148","","333,383","929,862"
"Jok'air - Vive le gang","2","","85","","566,243","928,039"
"Josman - Cotton Club Freestyle - Remix","2","","74","","570,847","927,326"
"RK - Petit coeur","2","","62","","566,601","927,128"
"Benab - Confidentes","3","","139","","331,168","926,627"
"Little Mix - Shout Out to My Ex","7","","70","","200,272","926,297"
"Lorenzo - Arrêter le temps","2","","122","","480,313","926,060"
"John Newman - Love Me Again","27","","22","","48,748","925,959"
"Mac Tyer - Il se passe quoi","3","","95","","352,360","924,953"
"Vacra - Yoga","2","","105","","529,975","924,565"
"GIMS - SICARIO","2","","39","","619,800","923,916"
"Ryan Adams - Bad Blood","13","","72","","100,304","923,779"
"Angèle - Que du love","2","","59","","600,903","922,093"
"J Balvin - Ginza","15","","131","","89,573","921,877"
"Eva - Du feu","1","","50","","921,330","921,330"
"4Keus - Petit à petit","3","","86","","360,706","920,961"
"Bigflo & Oli - Pour un pote - Bande originale du film ""Brice 3""","7","","84","","182,180","920,718"
"Drake - Rich Flex","2","","91","","553,490","920,513"
"Marwa Loud - T'es où ?","3","","95","","378,889","920,412"
"Sofiane - Cramé","3","","24","","513,827","920,299"
"Elliott - La Camisa Negra","2","","181","","471,887","920,206"
"Leto - Christian Dior","2","","62","","593,924","920,194"
"Soolking - Fruit de la zone - Bonus Track","3","","90","","379,089","919,211"
"Landy - G8","2","","162","","472,164","918,672"
"Naza - Folie","3","","134","","318,369","918,114"
"Taylor Swift - CANCELLED!","1","","47","","917,396","917,396"
"Zed - LMPL","2","","179","","475,743","917,366"
"YL - Regarde moi","3","","88","","403,350","916,801"
"Kaaris - Jack Uzi","6","","56","","240,637","916,761"
"TKS 2G - Célibataire Polygame","2","","178","","464,806","915,793"
"DJ Abdel - Fais le Moonwalk - Double Face 2015","18","","80","","70,320","915,494"
"Suzane - Virile","2","","165","","488,766","915,227"
"Cigarettes After Sex - Apocalypse","2","","165","","470,357","914,645"
"Juice WRLD - Smile","3","","143","","322,578","914,642"
"Mig - Génération","2","","151","","478,754","914,374"
"Booba - Attila","11","","51","","176,586","914,095"
"The Weeknd - Gasoline","2","","70","","614,945","913,849"
"Nono La Grinta - LOVE YOU - A COLORS SHOW","2","","186","","466,152","913,746"
"JYEUHAIR - Misaotra - Nouvelle École","2","","160","","466,199","913,639"
"Jul - Santchelita","2","","62","","586,162","913,590"
"Kofs - Le Fameux","2","","84","","569,864","912,803"
"Bormin’ - Break Your Heart","2","","159","","468,165","912,775"
"Leto - Changer de vie","2","","38","","659,147","912,700"
"CKay - love nwantiti","2","","88","","470,573","912,462"
"Upsilone - Believe","2","","153","","495,547","912,404"
"Jul - Cremosso","2","","54","","617,618","912,181"
"Jul - Mon cœur pour toi","2","","93","","553,146","911,893"
"Martin Garrix - Animals - Original Mix","24","","12","","52,379","911,823"
"Maes - De Niro","1","","54","","911,368","911,368"
"Jul - Le crémeux","2","","62","","561,833","910,772"
"Stromae - ave cesaria","22","3","8","","70,473","910,585"
"Ed Sheeran - Cross Me","3","","105","","373,404","910,283"
"Rixton - Me And My Broken Heart","17","","35","","69,789","910,259"
"Jul - Feu","2","","92","","599,802","909,738"
"Gazo - SELELE","1","","57","","909,361","909,361"
"Roméo Elvis - J'ai vu","4","","135","","265,623","909,323"
"Kaza - HRTBRK #3","3","","82","","415,639","908,157"
"James Arthur - Naked","4","","102","","264,085","907,907"
"Roméo Elvis - Normal","2","","76","","540,928","907,362"
"Jul - Au pire","3","","91","","396,912","907,312"
"Timal - La 8 - Chivas","3","","49","","426,282","906,862"
"Lomepal - Dans le livret","2","","41","","589,944","906,533"
"Dadju - Mémoire courte","2","","57","","609,144","906,119"
"Empire Of The Sun - We Are The People","2","","185","","464,503","906,104"
"Mister You - Carnal","3","","180","","309,433","906,100"
"Timal - Sale","2","","62","","612,072","905,175"
"S-Crew - Manque de sommeil","1","","35","","904,732","904,732"
"Zedd - I Want You To Know","15","","56","","80,072","904,191"
"Sam's - Validé","3","","120","","359,329","903,374"
"Jul - Davai Davai","2","","61","","631,090","902,755"
"Werenoi - Gulfstream","1","","57","","902,670","902,670"
"Jul - La machine","2","","77","","554,839","901,972"
"Timmy Trumpet - Freaks","23","","68","","59,709","901,737"
"Jul - La doudoune","2","","64","","567,663","901,626"
"Kalash Criminel - Tête brûlée","3","","115","","325,470","901,559"
"Adele - Can I Get It","2","","83","","547,163","901,295"
"Jahyanai King - Who Mad Again","3","","84","","328,914","899,820"
"SCH - Jimmy Twice","1","","62","","899,573","899,573"
"Leto - T'avais raison","2","","64","","581,348","898,079"
"Jason Derulo - Trumpets","19","","34","","73,055","898,019"
"Dr. Yaro - Simba","2","","190","","457,123","895,599"
"The Weeknd - Is There Someone Else?","2","","74","","579,363","895,506"
"SCH - Ciel rouge","2","","42","","616,089","894,042"
"Favé - Saturday","2","","194","","449,722","893,257"
"Doums - Mondéo","2","","74","","548,483","893,071"
"Niska - Zifukoro","11","","104","","108,488","893,057"
"Red Hot Chili Peppers - Black Summer","3","","180","","303,026","893,053"
"Lacrim - Vory V Zakone","2","","26","","619,068","892,615"
"Lacrim - West Coast","2","","30","","663,706","892,511"
"Snakehips - All My Friends","12","","135","","80,777","892,094"
"Terror Jr - Come First","7","","103","","145,856","891,955"
"Rihanna - Only Girl (In The World)","2","","118","","486,475","891,547"
"League of Legends - GODS","2","","91","","543,756","891,318"
"S-Crew - Drap sur les opps","1","","38","","889,802","889,802"
"Niska - Gros bonnets","17","","64","","98,742","889,735"
"Lacrim - La valise","2","","28","","615,600","889,654"
"Rilès - OBVIOUS","2","","153","","458,883","889,441"
"Laufey - Winter Wonderland - Spotify Singles Holiday","1","","60","","889,124","889,124"
"Gambi - GUETTE","2","","114","","484,177","888,849"
"Franglish - Plus rien","4","","130","","240,021","888,162"
"Lacrim - Patrizia","2","","32","","663,158","888,154"
"Jul - 1 fois mais pas 2","2","","93","","535,827","887,723"
"Heuss L'enfoiré - Chef d'orchestre","2","","138","","461,080","887,214"
"Naza - A Gogo","7","","166","","133,596","885,388"
"Kaaris - Monsieur météo","2","","43","","639,873","883,913"
"Fréro Delavega - Le coeur éléphant","12","","184","","84,084","883,668"
"SCH - Lumière blanche (Ad Finem)","1","","56","","883,509","883,509"
"Jul - Love et haine","1","","61","","883,420","883,420"
"Leto - All Eyez On Me","2","","63","","593,294","882,997"
"Soso Maness - Favel","2","","135","","477,873","881,650"
"6ix9ine - STOOPID","3","","146","","341,888","881,630"
"PLK - Wemby","1","","55","","880,380","880,380"
"OBOY - Elvira","2","","63","","590,487","879,711"
"The Cure - A Forest","2","","161","","448,926","879,664"
"Josman - Peace, Haine, Love","2","","58","","601,540","879,105"
"PLK - Mental","2","","66","","589,815","878,569"
"Gambi - HÉHÉ HÉ","2","","176","","441,033","878,495"
"RK - Parano","2","","56","","563,623","878,422"
"Pitbull - Give Me Everything","2","","129","","483,825","878,326"
"Alonzo - BALI - Bonus Track","2","","107","","480,292","878,006"
"Lorenzo - Juste un soir","2","","56","","594,425","877,449"
"Naza - Mauvais","3","","147","","306,885","875,758"
"Niro - Mama t'avais raison","6","","80","","185,585","875,708"
"John Lennon - Happy Xmas (War Is Over) - Remastered","4","","125","","360,100","875,690"
"P.L.L - Shattiment","2","","183","","448,307","875,576"
"Jul - Bouge-moi de là","2","","63","","582,978","875,416"
"Maes - Mula","2","","32","","600,287","875,252"
"GIMS - Gunshot","4","","103","","305,220","874,975"
"Jul - Je pilote","3","","75","","442,580","874,962"
"Selena Gomez - The Heart Wants What It Wants","17","","49","","72,288","874,826"
"Werenoi - FTR","1","","60","","874,742","874,742"
"GIMS - Longue vie - Pilule Rouge","16","","55","","102,037","872,436"
"AmineMaTue - La Roja","2","","125","","472,110","872,309"
"Lorenzo - Boss Final","2","","132","","460,304","870,531"
"Rilès - Marijuana","3","","121","","359,366","869,668"
"Shay - Cabeza","7","","130","","161,840","869,562"
"Megan Thee Stallion - Savage Remix","3","","102","","342,683","869,553"
"RK - Indécis","2","","80","","583,528","869,436"
"Merveille - Paqueta","2","","180","","437,289","869,374"
"SZA - Good Days","3","","145","","303,981","869,273"
"Jung Kook - 3D","2","","113","","485,638","869,178"
"Still Fresh - Je te vois","10","","131","","98,596","868,894"
"Lomepal - Yusuf","2","","72","","553,854","868,850"
"Charli xcx - Doing It","17","","98","","62,391","868,843"
"Lacrim - Mode S","2","","31","","600,122","867,991"
"Alvaro Soler - Sofia","10","","113","","106,576","867,263"
"Eminem - Fall","3","","76","","364,774","866,912"
"Lorenzo - Ah c'est cool","2","","58","","582,849","864,200"
"Aqua - Barbie Girl - Tiësto Remix","2","","120","","501,225","863,798"
"Jul - Je traîne seul","3","","57","","438,270","863,657"
"Le Crime - Prada","2","","158","","461,886","863,327"
"Leto - TP1G","2","","79","","543,375","860,655"
"Sasso - Napoli","3","","174","","325,861","860,384"
"Kofs - Bang Bang Bang","2","","104","","479,817","859,156"
"The Vamps - All Night","7","","170","","129,164","858,820"
"Fetty Wap - Trap Queen","16","","81","","73,125","858,430"
"Maes - Vue","2","","34","","584,098","857,366"
"SCH - Gedeon","12","","90","","95,358","856,577"
"Brigitte - A bouche que veux-tu","20","","39","","82,598","856,228"
"Maes - Fumer","2","","33","","590,118","854,414"
"NKD - Capri Sun","3","","175","","304,795","854,169"
"Nakry - Lewé","3","","168","","287,637","853,878"
"Lady Gaga - Sour Candy","2","","60","","558,874","853,709"
"Jul - Tié fou","1","","59","","853,517","853,517"
"Djadja & Dinaz - Loin","2","","77","","520,558","852,958"
"OBOY - Tout y est","2","","168","","435,835","852,706"
"Desiigner - Tiimmy Turner","9","","125","","106,500","852,554"
"Jul - Pour les vaillants","10","","87","","124,552","851,771"
"Grand Corps Malade - Mesdames","3","","165","","294,148","851,524"
"Jul - Le patron","7","","41","","205,768","849,955"
"Gazo - iLUV","1","","64","","849,620","849,620"
"PLK - Ma génération","2","","72","","562,203","849,535"
"Jul - En chair et en or","2","","71","","521,542","849,382"
"DTF - Jusqu'ici tout va bien","2","","79","","498,848","849,118"
"Djadja & Dinaz - J'y pense","9","","75","","125,478","849,075"
"Kalash Criminel - Euphorie","5","","95","","212,105","848,021"
"KYLE - Playinwitme","4","","128","","230,521","847,992"
"Jul - Petit frère","3","","95","","387,843","847,752"
"Maesic - There In The Morning","4","","143","","223,313","847,038"
"aupinard - quel type de vibe?","2","","112","","464,468","846,487"
"SCH - J't'en prie","2","","43","","604,726","845,690"
"Sofiane - Case départ","2","","63","","547,344","843,861"
"Queen - Under Pressure - Remastered","4","","69","","249,334","843,691"
"47ter - Plus tard","3","","175","","290,473","843,401"
"Vald - REGULATION","1","","48","","843,311","843,311"
"Koba LaD - Mélange","2","","68","","557,029","843,256"
"Hornet La Frappe - Terrain glissant","3","","47","","427,918","841,859"
"Hoshi - Amour censure","3","","167","","291,471","841,611"
"S-Crew - La loi du plus fort","1","","43","","841,302","841,302"
"DTF - Trou de boulette","2","","86","","541,941","841,268"
"Jul - Au péage","2","","73","","529,153","840,201"
"Heuss L'enfoiré - N.Y.M.A","2","","60","","522,931","840,195"
"Owl City - Verge","18","","102","","60,622","840,180"
"SCH - Interlude - Jour d’octobre","1","","60","","839,554","839,554"
"Doechii - DENIAL IS A RIVER","2","","169","","425,135","838,925"
"Laylow - DEHORS DANS LA NIGHT","2","","76","","545,439","838,686"
"Lorenzo - Charizard","2","","137","","453,328","838,106"
"Rémy - Un peu ivre","4","","106","","295,444","837,820"
"Djadja & Dinaz - Ca vend","2","","78","","514,985","837,769"
"Ice Spice - Did It First","2","","174","","428,873","837,109"
"Kanye West - Famous","7","","55","","165,045","837,095"
"Heuss L'enfoiré - Léger","2","","67","","507,524","837,037"
"SCH - Le doc","6","","33","","266,609","836,892"
"SCH - Interlude - Avversita","1","","61","","836,496","836,496"
"OBOY - Terrible","2","","70","","552,884","836,417"
"SDM - Nous deux","2","","97","","493,528","836,248"
"Leto - Prada","2","","69","","555,711","835,068"
"Jul - Je t'aime pour la vie","1","","66","","835,036","835,036"
"Benab - Rude","2","","65","","446,649","834,840"
"Leto - TNF","2","","198","","422,939","834,509"
"Dinos - Burn Out (Creed III)","2","","139","","440,552","834,292"
"Lorenzo - Honoré","2","","151","","425,701","834,226"
"Jul - Mais qu'est-ce qu'on s'en bat les couilles !","6","","88","","219,477","833,985"
"Taylor Swift - The Life of a Showgirl","1","","62","","833,579","833,579"
"Saja Boys - Soda Pop","2","","189","","423,481","833,229"
"DA Uzi - Architecte","2","","51","","576,415","832,600"
"Chase Atlantic - Swim","2","","163","","422,624","832,428"
"Chris Grey - LET THE WORLD BURN","2","","194","","430,151","832,409"
"Aya Nakamura - Bisous","2","","109","","481,278","832,134"
"Sofiane - Pégase","5","","75","","278,853","831,954"
"SCH - Neuer","6","","31","","280,530","831,906"
"L'Allemand - L'heure du crime","2","","75","","476,061","831,825"
"Taylor Swift - Eldest Daughter","1","","63","","831,368","831,368"
"Asaf Avidan & the Mojos - One Day / Reckoning Song (Wankelmut Remix) [Radio Edit]","25","","12","","54,463","830,904"
"Djadja & Dinaz - En vrai","4","","50","","329,012","830,632"
"DJ Jeeh FDC - Forte Forte de Lacoste - Pra Começar o Final de Semana","2","","150","","427,014","830,312"
"Tiakola - PSYCHOLOGIQUE","1","","62","","830,083","830,083"
"GIMS - ORIGAMI","2","","77","","484,312","828,922"
"Naughty Boy - Runnin' (Lose It All)","12","","86","","81,721","828,604"
"Jul - ¿ Cómo Te Llamas ?","6","","90","","214,032","827,377"
"Landy - Wow","2","","175","","427,394","827,340"
"An'Om - Astronaute","2","","177","","415,267","826,368"
"Stromae - carmen","22","2","9","","67,824","826,318"
"Michou - My Life","2","","88","","516,132","825,670"
"Slimane - À fleur de toi","9","","113","","111,545","825,251"
"Major Lazer - Watch Out For This [Bumaye]","16","8","7","","73,270","825,220"
"OBOY - Bétoile","2","","78","","519,250","825,151"
"Josman - Goal","2","","52","","560,784","824,646"
"SCH - Interlude - 420 mètres","2","","44","","596,278","824,580"
"Werenoi - Faillite","1","","67","","824,464","824,464"
"Naps - Chiron","2","","63","","533,404","823,509"
"The King's Son - I'm Not Rich","17","","54","","73,548","822,911"
"Koba LaD - Quand j’étais petit","2","","72","","538,739","822,248"
"Metro Boomin - Annihilate (Spider-Man: Across the Spider-Verse) (Metro Boomin & Swae Lee, Lil Wayne, Offset)","2","","162","","420,295","822,241"
"Daft Punk - One More Time","7","","29","","364,815","821,979"
"Taylor Swift - Actually Romantic","1","","65","","821,906","821,906"
"OBOY - Ariel","2","","75","","534,135","820,989"
"Jul - Fatigué","2","","79","","535,304","820,933"
"Dosseh - A45","2","","126","","412,114","820,210"
"Lomepal - Plus de larmes - maquette mai 2018","2","","74","","542,876","819,821"
"Kaaris - Détails","2","","56","","553,416","818,914"
"Jul - C'est réel","9","","68","","149,767","818,845"
"Vegedream - Du temps","4","","150","","221,670","818,215"
"Maes - Quotidien","1","","58","","818,047","818,047"
"SCH - Hells Kitchen","1","","73","","817,781","817,781"
"Médine - Grand Paris 2","2","","59","","502,364","817,638"
"Kekra - Dans l'dos","2","","67","","537,942","817,252"
"Boulevard des Airs - Bruxelles","11","","167","","78,383","817,013"
"Landy - Chasse à l'homme","2","","55","","494,720","816,775"
"Philip - Marbella","3","","174","","279,104","816,735"
"Greg June - How Many Times","5","","128","","182,434","816,552"
"Ed Sheeran - Overpass Graffiti","2","","71","","492,987","815,030"
"Lacrim - J'ai mal","10","","71","","137,023","814,472"
"Booska-P - HITMAN","2","","183","","407,657","811,760"
"Zkr - 59 Carats","2","","65","","521,198","811,314"
"Ronisia - Nha Terra","2","","106","","470,230","810,880"
"Laylow - PLUG","2","","82","","519,608","809,927"
"UZI - Rotterdam","2","","95","","498,224","809,926"
"DTF - Dans ma fonce","2","","77","","512,314","809,077"
"James Arthur - Train Wreck","3","","173","","275,897","808,631"
"Sia - Genius","3","","149","","274,416","807,856"
"Elliot Moss - Big Bad Wolf","23","","49","","70,149","807,553"
"Djadja & Dinaz - On parle pas","4","","53","","324,387","807,388"
"David Guetta - Family Affair (Dance For Me)","2","","116","","414,276","806,758"
"Rsko - Palavé","2","","97","","496,450","806,628"
"Lpee - East London (Nouvelle École)","2","","165","","415,310","805,494"
"Hamza - Bac +12","2","","72","","531,399","805,429"
"Booba - FREESTYLE PIRATE","2","","59","","495,308","805,301"
"Orelsan - CP_002_ Les aventures de MiniSan","1","","39","","805,293","805,293"
"Mig - Les frères","2","","108","","470,082","804,790"
"Carbozo - Carbozo 2.0","3","","178","","270,687","804,491"
"Travis Scott - MODERN JAM","1","","49","","804,154","804,154"
"Djadja & Dinaz - Mon temps","2","","86","","476,679","802,811"
"Jérémy Frerot - Revoir","3","","157","","277,774","802,223"
"Koba LaD - Le magot","2","","75","","521,346","802,054"
"Booba - GM","1","","64","","801,402","801,402"
"Oliver Tree - Life Goes On","3","","184","","269,363","801,257"
"Kaaris - Aborigène","2","","80","","476,067","800,653"
"Dala - 32","2","","87","","461,253","800,238"
"Laylow - Ça Va Pas Être Possible...","1","","48","","799,222","799,222"
"Dadju - Déjà donné","3","","67","","379,858","799,146"
"Madonna - Ghosttown","14","","80","","71,855","799,138"
"Ed Sheeran - Dive","4","","50","","316,984","798,837"
"Kendji Girac - Maria Maria","3","","79","","309,861","798,583"
"Mathieu Koss - Never Growing Up","3","","154","","276,688","797,693"
"Kalash - I Love You","2","","77","","485,149","797,464"
"Djadja & Dinaz - Mayday","1","","51","","796,936","796,936"
"PLK - Corazon","2","","80","","542,566","796,837"
"Mister V - Gville","3","","34","","458,039","796,338"
"Travis Scott - SIRENS","1","","50","","795,996","795,996"
"Nej - Ma colombe","3","","198","","265,564","795,684"
"GIMS - MAL AMOR","1","","53","","795,298","795,298"
"Garou - Jingle Bell Rock","2","","134","","603,770","795,081"
"DA Uzi - Da Vinci","2","","62","","540,416","795,057"
"Shay - Cocorico","3","","114","","311,988","794,749"
"Sofiane - 93 empire","5","","92","","216,006","794,308"
"Sadek - Alliance","2","","63","","500,546","792,933"
"Arctic Monkeys - Do I Wanna Know?","27","","30","","39,031","792,633"
"Soso Maness - Zumba Cafew","2","","90","","450,312","792,503"
"Soolking - Chihuahua","2","","77","","490,498","792,301"
"Zkr - Même valeurs","2","","123","","406,389","791,963"
"Kalash Criminel - 47 AK","2","","39","","554,899","791,889"
"PNL - Tempête","11","","86","","93,766","791,417"
"Vald - Non stop","2","","50","","517,805","790,279"
"RK - Diva","2","","83","","495,189","790,154"
"Sia - Santa's Coming for Us","3","","51","","407,079","789,462"
"Céline Dion - J'Irai Ou Tu Iras - en duo avec Jean-Jacques Goldman","2","","162","","462,715","789,451"
"7 Jaws - Jusqu'à la fin","2","","93","","444,904","788,317"
"Hamza - Minuit 13","2","","51","","536,341","787,963"
"Fauve - BLIZZARD","28","","29","","49,791","787,919"
"Djadja & Dinaz - Moi aussi","1","","52","","787,703","787,703"
"Maes - Depardieu","2","","46","","534,263","787,136"
"Tiakola - PING PONG","1","","69","","787,085","787,085"
"Lacrim - Nuit blanche","3","","39","","435,733","785,737"
"Taylor Swift - Ruin The Friendship","1","","69","","785,724","785,724"
"Gambi - Khedma","2","","104","","469,307","785,475"
"Kerchak - 2006 - Opps qui court","2","","146","","401,022","784,527"
"Maes - Panamera","2","","47","","531,765","784,455"
"Djadja & Dinaz - Chacun son sort","2","","81","","490,804","783,773"
"Imagine Dragons - On Top Of The World","16","","80","","284,179","783,713"
"Caballero & JeanJass - Béatrice","2","","135","","417,608","783,452"
"Taylor Swift - Wi$h Li$t","1","","70","","783,320","783,320"
"Lomepal - 200","2","","82","","517,113","782,522"
"Soolking - Tata","2","","59","","499,935","782,366"
"Taylor Swift - Wood","1","","71","","782,226","782,226"
"Jul - Je tourne en rond","19","","93","","68,256","781,719"
"Kendji Girac - Elle m'a aimé","21","","79","","55,328","781,231"
"Baby K - Roma - Bangkok","11","","142","","75,831","780,809"
"Alonzo - Ils le savent","6","","38","","227,529","780,724"
"Werenoi - Titanic","1","","77","","780,380","780,380"
"Makassy - Doucement","13","","70","","88,720","780,003"
"Marwa Loud - Gâché","3","","59","","359,647","779,858"
"Jul - T'as tout gagné","2","","65","","494,644","779,752"
"Leto - Truc en moi","2","","86","","493,136","779,575"
"Lynda - Le coeur ou la raison","2","","168","","397,255","778,854"
"Vald - Echelon 2","2","","89","","426,647","778,787"
"MMZ - S Line","3","","116","","296,140","778,282"
"DTF - Comme un fou","7","","146","","183,309","778,158"
"Django - Fichu","6","","159","","143,640","777,773"
"Pitbull - We Are One (Ole Ola) [The Official 2014 FIFA World Cup Song]","8","","11","","135,452","777,077"
"Morad - María","2","","171","","392,877","776,887"
"Kaaris - C'est nous les O.G","1","","48","","775,947","775,947"
"Michou - M2LT","2","","103","","463,695","775,942"
"Soolking - Bambina","2","","55","","510,284","775,481"
"Lorenzo - Les OVNI","2","","28","","512,796","775,157"
"Michael Bublé - Cold December Night","1","","83","","774,813","774,813"
"A R I Z O N A - I Was Wrong - Robin Schulz Remix","9","","136","","93,909","774,217"
"Robin Schulz - Heatwave","9","","91","","127,692","774,140"
"Meryem Aboulouafa - Breath of Roma","2","","198","","391,744","774,112"
"Tyler, The Creator - EARFQUAKE","3","","157","","277,861","774,091"
"Fergie - L.A.LOVE (la la)","21","","82","","46,480","773,915"
"Jul - C'est ça la vie","2","","81","","481,635","773,222"
"Kalash Criminel - Dans la fosse","2","","44","","528,633","773,186"
"SCH - Batterie vide","1","","80","","772,775","772,775"
"GP Explorer - Thunes","1","","72","","772,020","772,020"
"Lartiste - Zarzour","2","","186","","395,571","771,953"
"GIMS - Tu reviendras","3","","75","","355,728","771,808"
"Zkr - Comme un junkie","2","","70","","500,114","771,557"
"Ninho - Loin d'eux","1","","75","","771,348","771,348"
"BTS - Life Goes On","2","","76","","489,254","771,155"
"Kygo - Raging","8","","89","","120,164","771,029"
"USKY - 3.5.7","2","","181","","396,035","770,802"
"Werenoi - Je suis en moto","1","","69","","770,710","770,710"
"Thomston - Collarbones","24","","127","","69,679","770,558"
"Dadju - #PTD","3","","72","","360,547","770,337"
"Sam's - Mec de mon bâtiment","2","","97","","430,972","770,334"
"Zkr - Sourire de millionaire","2","","73","","492,054","770,239"
"Booba - CVBSP","1","","70","","770,042","770,042"
"Timal - Du rire aux larmes","3","","62","","360,638","769,941"
"Maes - Le Moine","1","","62","","769,917","769,917"
"Johnny Hallyday - Allumer le feu","3","","65","","396,929","769,802"
"SCH - Himalaya","6","","36","","260,517","769,703"
"AM La Scampia - Bingo","1","","43","","768,813","768,813"
"Cardi B - Please Me","3","","145","","281,781","768,553"
"Jul - Burberry","2","","85","","465,184","768,483"
"Koba LaD - Synthèse","1","","57","","767,981","767,981"
"Zola - GORGÉE POUR LES MORTS","1","","56","","767,509","767,509"
"Jul - Sangoten","2","","64","","496,772","766,545"
"Shakira - Clandestino","4","","163","","216,320","766,463"
"Vald - LETHARGIE","1","","62","","766,056","766,056"
"Nahir - Moneygram","2","","70","","463,194","765,993"
"Ziak - Lauiss","1","","49","","765,194","765,194"
"Soso Maness - Zodiaque","2","","90","","449,592","764,883"
"ALP - Pause","2","","42","","526,481","764,583"
"Indila - Tourner Dans Le Vide","12","","15","","86,045","763,508"
"Kekra - Numéro 9","2","","96","","457,148","763,355"
"Vladimir Cauchemar - Brrr","2","","79","","451,790","763,088"
"Laufey - Winter Wonderland","1","","86","","762,131","762,131"
"404Billy - RVRE","2","","75","","476,421","762,022"
"Gotye - Somebody That I Used To Know","33","","47","","39,642","761,944"
"DTF - Je t'emmène","2","","102","","446,297","761,557"
"USHER - I Don't Mind","18","","73","","67,090","761,056"
"Georgio - Froid","2","","152","","408,106","759,747"
"Dinos - CTRL + V","1","","46","","759,596","759,596"
"Landy - Association de malfaiteurs","2","","60","","460,316","759,587"
"GIMS - Entre nous c'est mort","3","","64","","368,197","759,560"
"Jul - Pocahontas","3","","149","","281,515","759,209"
"Green Montana - CHAQUE JOUR DE LA SEMAINE","2","","82","","464,152","759,065"
"Timal - Interlude","2","","74","","492,471","758,918"
"Hillsong UNITED - Touch The Sky","15","","71","","78,825","758,613"
"Tiësto - Secrets","17","","60","","71,038","758,201"
"4Keus - Lunettes quartier","2","","95","","420,792","758,118"
"Lil Baby - Yes Indeed","4","","147","","196,563","757,336"
"Lacrim - Philippins - Extrait de la compile Cercle Fermé","2","","64","","452,487","757,321"
"Anne-Marie - Ciao Adios","4","","95","","216,290","756,633"
"Damso - Débrouillard","8","","108","","135,749","756,361"
"91 All Stars - Gang-gang","2","","79","","423,174","755,606"
"Travis Scott - DELRESTO (ECHOES)","1","","59","","755,321","755,321"
"Drake - Papi’s Home","1","","33","","755,101","755,101"
"Dinos - GAÙCHO","1","","79","","754,939","754,939"
"Djadja & Dinaz - Favela","3","","104","","286,595","754,521"
"Mister V - On y est","1","","62","","753,978","753,978"
"Lil Pump - Butterfly Doors","3","","134","","283,895","753,818"
"S.Pri Noir - Fusée Ariane","4","","132","","214,360","753,268"
"Zola - Cache Cash","1","","36","","752,502","752,502"
"Timal - Flics & stups","3","","72","","343,894","752,153"
"Meghan Trainor - Lips Are Movin","19","","71","","53,181","751,537"
"Guy2Bezbar - ON DÉGAINE","2","","144","","397,472","751,360"
"Bad Bunny - Moscow Mule","2","","125","","386,183","750,745"
"Luv Resval - Cette fille","2","","105","","413,806","749,697"
"ZAYN - LIKE I WOULD","8","","79","","123,883","748,985"
"SDM - Gâchette","2","","130","","413,472","748,558"
"Gambino La MG - La promo","2","","93","","427,209","748,125"
"Kaaris - Mandalorian","1","","51","","747,298","747,298"
"Timal - Nos vies","2","","84","","472,656","746,423"
"Timal - Magma - Interlude","3","","69","","343,413","746,400"
"Lacrim - Nipsey Hussle","1","","42","","746,224","746,224"
"Orelsan - CP_001_ Intro Civilisation Perdue","1","","44","","745,548","745,548"
"Laylow - Tu Veux Déjà Me Dire Aurevoir ?","1","","55","","745,244","745,244"
"Jul - Y'a plus de reconnaissance","1","","81","","744,921","744,921"
"Dinos - CHELSEA","1","","82","","744,662","744,662"
"Moha La Squale - On roule","2","","74","","458,416","744,420"
"Olivia Rodrigo - bad idea right?","2","","149","","401,180","744,011"
"Laylow - Bonsoir Mon Vieil Ami","1","","56","","743,689","743,689"
"Tiakola - FAST LIFE & FAMILLE","1","","78","","743,682","743,682"
"Josef Salvat - Diamonds","14","","32","","91,609","743,163"
"Kekra - Putain de salaire","2","","115","","372,436","743,146"
"Soso Maness - 3x filtré","2","","84","","475,957","742,948"
"PNL -","2","","22","","405,156","741,870"
"Landy - Rentabiliser","2","","155","","435,524","741,828"
"Khalid - Better","3","","157","","284,566","741,729"
"Gringe - Déchiré","2","","64","","473,856","741,203"
"Travis Scott - GOD'S COUNTRY","1","","62","","741,135","741,135"
"George Ezra - Blame It on Me","16","","86","","67,535","740,992"
"Selena Gomez - Me & The Rhythm","9","","74","","109,496","740,949"
"DVBBS - LA LA LAND","6","","57","","150,548","740,614"
"menace Santana - Quand le soleil se levera à l'ouest !","2","","138","","429,840","740,590"
"Mister V - Demain","3","","41","","427,637","740,572"
"Vald - ROCHE NOIRE","1","","63","","740,494","740,494"
"Drake - Blem","4","","92","","241,064","740,405"
"SCH - Cœur de môme","1","","52","","739,699","739,699"
"Niska - Ochoa","9","","54","","112,596","738,656"
"James Bay - Need The Sun To Break","22","","111","","52,735","738,218"
"Werenoi - Clair de Lune","1","","83","","738,209","738,209"
"London Grammar - Hey Now","22","","48","","43,421","738,154"
"Juicy P - Plus vite que les balles","2","","75","","415,556","738,054"
"Ariana Grande - bad idea","2","","68","","469,827","738,035"
"RK - Menotté","2","","111","","391,256","737,886"
"Gazo - SEVICE","1","","85","","737,864","737,864"
"Roméo Elvis - Drôle de question","4","","129","","228,873","736,429"
"SDM - #Malentouré","2","","148","","381,508","734,827"
"Benab - La night","2","","78","","449,317","734,625"
"Timal - Je sais","3","","73","","335,297","734,259"
"Livaï - Nous deux c'est mieux <3","2","","140","","403,591","734,216"
"Koba LaD - Beldia","2","","114","","439,001","734,035"
"Jul - Si tu savais","2","","76","","469,849","733,856"
"Nej - Ma Raison","2","","160","","383,142","733,295"
"Billie Eilish - Lo Vas A Olvidar","2","","73","","448,178","733,199"
"James Hersey - Miss You","8","","136","","112,592","732,697"
"La Fouine - Insta","10","","133","","80,807","732,685"
"Landy - Viral","2","","157","","374,787","732,682"
"Two Door Cinema Club - Bad Decisions","7","","115","","119,051","732,352"
"Kendrick Lamar - ELEMENT.","3","","40","","375,369","731,256"
"Duke Dumont - I Got U","14","","29","","75,126","730,823"
"Niall Horan - This Town","7","","102","","134,134","729,376"
"S-Crew - Ouais Boy","1","","56","","729,239","729,239"
"SIYYU - Stop Us","8","","180","","107,315","729,222"
"PLK - Bunkoeur","2","","103","","436,295","728,665"
"Dadju - Picsou","2","","84","","439,410","727,889"
"Alonzo - La vaillance","3","","48","","332,503","726,940"
"Georgio - Concept flou","2","","140","","372,925","726,533"
"Timal - Story","2","","79","","457,191","726,516"
"Soso Maness - Mistral","2","","97","","436,655","726,385"
"PRIME - Canon long","2","","87","","415,744","726,273"
"Ashnikko - Paint The Town Blue (from the series Arcane League of Legends)","1","","76","","725,908","725,908"
"Booba - Zer","7","","34","","217,101","725,187"
"Hornet La Frappe - Bonnie","2","","120","","435,237","725,028"
"Vald - PANDEMONIUM","1","","66","","724,493","724,493"
"Lorenzo - Sucer la bite","2","","35","","478,676","724,471"
"Davido - UNAVAILABLE","2","","172","","384,911","724,387"
"MZ - Embrasse-moi","2","","180","","372,873","724,386"
"Niska - Bon déjà","2","","127","","376,259","724,236"
"Dinos - XNXX","2","","125","","364,298","723,736"
"Naza - La musique est bonne","2","","121","","401,690","723,668"
"Lacrim - Mythone pas","3","","48","","400,204","723,139"
"Dinos - Solitaire 1895","1","","52","","723,019","723,019"
"Landy - Derrière moi","2","","162","","420,256","723,003"
"Franglish - C'est plus l'heure","8","","152","","100,629","722,427"
"Djadja & Dinaz - Divisé","2","","93","","445,967","722,195"
"Bigflo & Oli - Nous aussi 2","2","","83","","384,085","721,809"
"Josman - Bambi","2","","100","","423,690","721,733"
"Leto - Outro","2","","102","","451,656","721,096"
"Hornet La Frappe - 93 Coast","2","","83","","472,505","721,010"
"Orelsan - CP_006_ Ah la France","1","","53","","720,718","720,718"
"DTF - Avant de partir","4","","88","","267,806","720,296"
"Major Lazer - Boom","8","","114","","111,541","718,863"
"Djadja & Dinaz - Toujours la même","1","","60","","717,764","717,764"
"Landy - Pleins phares","2","","172","","408,000","717,560"
"Bhk220 - BEP BEP BEP","2","","135","","382,332","717,497"
"Post Malone - Hollywood's Bleeding","2","","88","","432,437","716,961"
"Larry - Noblabla","2","","111","","395,299","716,523"
"Vitaa - De l'or","2","","117","","367,158","716,519"
"DA Uzi - Du nord au sud","2","","86","","447,038","716,201"
"Jul - Montblanc","1","","86","","715,332","715,332"
"Leto - Sale histoire","2","","88","","431,375","715,149"
"Hamza - SLOVAKIA","1","","77","","714,959","714,959"
"Mister V - Bulletproof","3","","45","","403,769","714,863"
"Daft Punk - Give Life Back to Music","13","3","2","(x1)","165,047","714,563"
"Stevie Wonder - Superstition - Single Version","25","","150","","43,394","714,466"
"S.Pri Noir - T'as capté","2","","92","","394,068","714,436"
"Soolking - Y Dor","2","","151","","387,028","714,410"
"Jayel - Ma jolie","2","","156","","370,290","713,787"
"Djadja & Dinaz - Paré","1","","59","","713,564","713,564"
"Landy - Baby ciao","2","","166","","413,131","712,985"
"Zola - LA LUMIÈRE","1","","63","","712,943","712,943"
"Alpha Wann - trapchat","1","","59","","712,923","712,923"
"Orelsan - CP_003_ Toujours perdu quand même","1","","54","","712,664","712,664"
"Kore - Gucci Versace - Extrait de la BO de « En Passant Pécho »","2","","114","","358,997","712,577"
"Kaaris - 2.7 Zéro 10. 17","4","","48","","265,648","712,568"
"PLK - Boost","1","","55","","712,539","712,539"
"Dinos - Rue de Sèvres","1","","54","","712,413","712,413"
"Orelsan - CP_007_ Point de rupture","1","","55","","712,375","712,375"
"Shay - DA","1","","36","","711,691","711,691"
"Bastille - Good Grief","7","","89","","156,894","710,656"
"Sofiane - IDF","2","","29","","489,210","710,603"
"Tayc - Ride (avec Leto)","2","","113","","407,455","710,195"
"Zola - C'est non","1","","67","","709,940","709,940"
"Werenoi - Alpha","1","","81","","709,689","709,689"
"Jul - Range ton égo","1","","64","","709,612","709,612"
"Hamza - BOTTEGA VENETA","1","","78","","709,426","709,426"
"Khalid - OTW","4","","150","","184,912","709,414"
"SDM - Van Damme","2","","86","","432,507","709,294"
"Hornet La Frappe - Ce matin","2","","77","","436,590","709,051"
"Alpha Wann - apdl","1","","60","","708,313","708,313"
"Stromae - avf","19","","11","","64,935","708,061"
"Lorenzo - Ouai mon gars","2","","38","","467,938","707,680"
"Landy - DLV","2","","69","","434,739","707,170"
"SCH - La recette","1","","93","","707,156","707,156"
"KeBlack - Je fais ma vie","2","","129","","357,946","706,583"
"Baby Gang - Mocro Mafia","2","","182","","353,819","706,533"
"Jul - Siège chauffant","1","","67","","706,311","706,311"
"Werenoi - Picasso","1","","85","","706,187","706,187"
"Maes - Méchant","1","","63","","706,144","706,144"
"La Fève - ZAZA PART. 2","1","","81","","704,857","704,857"
"Zola - Les puristes","1","","41","","704,642","704,642"
"100 Blaze - Ouh Hey","2","","145","","363,190","704,491"
"Landy - Demi-frère","2","","173","","407,097","704,205"
"DA Uzi - L’impasse","2","","115","","351,821","703,009"
"Jul - J'suis pas parti","1","","55","","702,914","702,914"
"Michael Jackson - They Don't Care About Us","1","","78","","702,868","702,868"
"Orelsan - CP_010_ On a gagné","1","","56","","702,599","702,599"
"Star Academy - Ne partez pas sans moi","2","","171","","381,369","702,594"
"Heuss L'enfoiré - Bar-Mitzvah","2","","123","","406,576","702,385"
"Jul - Comme un voyou","1","","64","","701,666","701,666"
"Squeezie - Guépard","2","","157","","360,925","700,564"
"Vald - Megadose","4","","73","","238,478","700,227"
"Rémy - La maille","2","","82","","472,970","699,780"
"Tom Odell - Another Love - Zwette Edit","9","","135","","83,815","699,758"
"Werenoi - Moteur brûlant","1","","85","","699,643","699,643"
"S-Crew - 2001","1","","60","","698,971","698,971"
"S.Pri Noir - Baby Gyal","4","","138","","192,564","698,921"
"Moha La Squale - Paris","2","","106","","394,083","698,828"
"Twenty One Pilots - The Line (from the series Arcane League of Legends)","1","","86","","698,432","698,432"
"The Weeknd - Try Me","2","","43","","486,216","698,400"
"Keen' V - Dis-moi oui (Marina)","14","","31","","76,040","698,081"
"Jul - Qu'est ce que je t'ai fait ?","2","","85","","435,080","698,064"
"Jul - Avec tonton","1","","69","","697,894","697,894"
"Vald - PROZACZOPIXAN","1","","74","","697,627","697,627"
"XXXTENTACION - I don’t even speak spanish lol","3","","83","","331,957","697,385"
"Dinos - Madone","1","","37","","697,380","697,380"
"Jul - La vie est faite comme ça","2","","83","","441,748","697,055"
"Kaaris - Les abymes","1","","53","","696,707","696,707"
"Jul - Avant GTR","2","","87","","429,584","696,208"
"4Keus - Vie d'artiste","2","","105","","376,943","695,872"
"Vald - DARKNET","1","","75","","695,659","695,659"
"Taylor Swift - So Long, London","1","","65","","695,638","695,638"
"Leon Bridges - Coming Home","16","","149","","67,993","694,916"
"La Fève - 7W","1","","86","","693,662","693,662"
"SCH - Le baptême","1","","98","","693,620","693,620"
"Djadja & Dinaz - Block 16","7","","62","","152,483","693,323"
"Nekfeu - Elle en avait envie","13","","53","","111,337","693,219"
"Jul - Je suis resté le même","3","","52","","340,084","692,957"
"Ninho - Cullinan Mansory","1","","65","","692,432","692,432"
"Kore - Adelanto - Extrait de la BO de « En Passant Pécho »","2","","109","","402,582","692,174"
"S-Crew - Plus rien à faire","1","","62","","691,982","691,982"
"MZ - MD","9","","103","","103,245","691,978"
"Maes - Frank Lucas","1","","78","","690,616","690,616"
"Zkr - Freestyle 5min #10","2","","119","","390,875","689,399"
"Timal - Daytona","1","","68","","689,139","689,139"
"Jul - Cassage de nuques, pt. 5","1","","84","","689,037","689,037"
"Angèle - Profite","1","","70","","688,516","688,516"
"Timal - Caliente","1","","48","","688,431","688,431"
"Damso - Mort","2","","42","","459,277","688,200"
"Sofiane - Coluche","2","","31","","484,583","687,485"
"Kaaris - Ultra","1","","58","","686,485","686,485"
"Lana Del Rey - West Coast","19","","44","","65,146","686,317"
"Soolking - Youv","2","","70","","445,250","686,313"
"Emma Stone - Someone In The Crowd","5","","139","","151,332","686,207"
"SCH - Fantôme","2","","87","","431,503","685,836"
"Vald - FUMEE","1","","79","","685,542","685,542"
"Vald - FLPVCOF","1","","80","","685,400","685,400"
"Djadja & Dinaz - TPLM","2","","102","","416,615","685,037"
"Zola - Money Train","1","","44","","684,687","684,687"
"Hamza - OSCAR DE LA HOYA","1","","82","","684,630","684,630"
"Zola - Un billet","1","","75","","684,335","684,335"
"Benab - Maladie","2","","89","","409,868","683,921"
"Waïv - C’est bon","2","","114","","371,665","683,734"
"Sofiane - Sous contrôle","2","","41","","462,628","683,723"
"Star Academy - Aimée pour de vrai (Héléna)","1","","72","","683,624","683,624"
"Mister V - Thérapie","3","","47","","390,224","682,877"
"Dosseh - Amsterdam","2","","135","","348,830","682,667"
"Eminem - Greatest","2","","55","","464,944","681,632"
"Digga - Frenches","2","","128","","381,260","681,482"
"Werenoi - Emelyne","1","","92","","681,377","681,377"
"Taylor Swift - My Boy Only Breaks His Favorite Toys","1","","69","","680,586","680,586"
"Werenoi - Vermine","1","","93","","680,494","680,494"
"Hornet La Frappe - 2 fois plus","4","","102","","271,187","679,786"
"SCH - La renaissance","1","","101","","679,722","679,722"
"Hamza - COME & SEE ME","1","","85","","679,715","679,715"
"Lacrim - Solitaire","3","","54","","376,438","679,289"
"Georgio - Full moon","2","","108","","376,965","678,813"
"Hornet La Frappe - T'as qu'à tirer","2","","89","","406,582","678,095"
"SCH - Intro - Ego sum","1","","92","","677,819","677,819"
"Leto - Nicki","1","","65","","677,805","677,805"
"Fifth Harmony - All In My Head (Flex)","9","","168","","79,336","677,547"
"Johnny Hallyday - Le pénitencier","2","","58","","420,027","677,541"
"Jul - Cousine","8","","108","","99,266","677,489"
"Dinos - Future Nostalgia","1","","61","","677,446","677,446"
"Mig - 18 mars","2","","130","","389,839","676,984"
"Sofiane - 200","2","","34","","477,490","676,969"
"Joé Dwèt Filé - Bien plus fort","2","","94","","397,609","676,304"
"Keen' V - Elle a","5","","141","","167,191","676,255"
"BLACKPINK - Ice Cream","2","","138","","385,919","676,242"
"Loris Cerri - Jngle Bells","1","","108","","676,060","676,060"
"Fredz - À ce qu’il paraît","2","","111","","381,705","675,608"
"GIMS - Marabout","4","","111","","207,287","675,484"
"Michael Jackson - Smooth Criminal - 2012 Remaster","1","","83","","675,330","675,330"
"667 - 669, Pt. 2","2","","111","","386,162","674,222"
"Lacrim - El Professor","1","","53","","673,790","673,790"
"Ariana Grande - imagine","2","","113","","352,709","673,627"
"Jul - 4 4 2","1","","107","","673,609","673,609"
"Drake - In The Bible","1","","46","","672,789","672,789"
"Miley Cyrus - We Can't Stop","21","","15","","44,017","672,476"
"Wejdene - Miel","1","","57","","672,076","672,076"
"Macklemore & Ryan Lewis - Same Love","24","","24","","37,691","671,898"
"PLK - Séparer","2","","105","","433,906","671,744"
"Hornet La Frappe - Ça passe","3","","80","","315,182","671,694"
"Miley Cyrus - Midnight Sky","2","","145","","370,789","671,460"
"Zola - Parano","1","","77","","671,273","671,273"
"Eddy de Pretto - Bateaux-Mouches","2","","150","","342,927","670,722"
"91 All Stars - Gants","2","","132","","373,564","670,150"
"PNL - Abonné","8","","58","","130,087","669,910"
"disiz - CASINO","2","","136","","381,465","669,845"
"Maes - Quand T’es Là","1","","84","","669,123","669,123"
"Damso - Mucho Dinero","2","","45","","438,030","669,108"
"RK - Balboa","2","","102","","398,094","669,050"
"Lynda - Luna","2","","156","","350,642","669,041"
"Kaaris - 1er coeur","1","","60","","667,936","667,936"
"Bigflo & Oli - Nous aussi","18","","108","","69,296","667,924"
"Avicii - Levels","3","","51","","437,429","667,690"
"Koba LaD - La détaille","2","","105","","392,255","667,459"
"L2B - Bitume","2","","140","","357,188","666,334"
"S-Crew - Fight Club","1","","68","","666,175","666,175"
"PLK - Gozier","2","","116","","402,518","666,010"
"Alpha Wann - pistons vs pacers","1","","73","","665,476","665,476"
"Taylor Swift - Down Bad","1","","73","","665,167","665,167"
"The Chainsmokers - #SELFIE","11","","26","","71,876","665,114"
"Zola - Tu connais l'gang","1","","46","","665,026","665,026"
"Enrique Iglesias - Bailando - Spanish Version","20","","72","","49,323","664,771"
"Damso - Humains - Bonus Track","3","","154","","239,679","664,477"
"Linkin Park - Over Each Other","1","","88","","664,255","664,255"
"Luv Resval - MPC, Part II (La rivière)","2","","130","","355,637","663,281"
"Landy - Madame","2","","81","","386,595","662,811"
"BLACKPINK - Kill This Love","2","","122","","389,451","662,408"
"Louane - Donne-moi ton cœur","2","","135","","375,694","662,112"
"Kendrick Lamar - wacced out murals","1","","93","","662,075","662,075"
"Dinos - Corbillard","1","","44","","661,930","661,930"
"SCH - Train Mistral","1","","86","","661,839","661,839"
"SCH - Alleluia","5","","37","","258,582","661,524"
"Taylor Swift - Honey","1","","99","","660,875","660,875"
"Laylow - NightShop BlaBla","1","","64","","660,811","660,811"
"Camila Cabello - Crying in the Club","5","","147","","155,420","660,433"
"Billie Eilish - NDA","2","","107","","369,370","660,335"
"Jul - Les gens","1","","76","","660,308","660,308"
"GIMS - ORO JACKSON","2","","121","","343,708","660,263"
"Oasis - Wonderwall","31","","125","","36,582","659,841"
"Vald - SUPERMAN","1","","88","","659,590","659,590"
"Curtis Harding - Keep On Shining","27","","143","","44,127","659,046"
"Jul - D'or et de diamant","1","","74","","658,921","658,921"
"Koba LaD - Déclic","1","","58","","658,795","658,795"
"Heuss L'enfoiré - Mélange","1","","77","","658,103","658,103"
"Jul - Je m'habille pas en Versace","1","","99","","657,545","657,545"
"Tino Rossi - Petit Papa Noël","2","","104","","433,676","657,242"
"The Weeknd - Rockin’","3","","25","","369,496","657,204"
"Maes - Araï","1","","87","","656,591","656,591"
"Timal - Le temps passe","1","","52","","656,284","656,284"
"Travis Scott - YOSEMITE","2","","76","","335,579","656,261"
"Diva Faune - Get Up","3","","122","","245,972","655,196"
"Shay - Ich Liebe Dich","2","","82","","404,526","655,057"
"M. Pokora - Cette année-là","6","","122","","125,258","654,894"
"PLK - Ils nous comprennent pas","2","","112","","406,949","653,633"
"KYLE - iSpy","5","","175","","136,207","653,488"
"Dinos - Triste Anniversaire","1","","67","","653,470","653,470"
"Jul - Après l'apéro","1","","114","","653,372","653,372"
"JAŸ-Z - Holy Grail","20","","16","","40,052","652,775"
"Joyce Jonathan - Les filles d'aujourd'hui","6","","175","","126,684","652,625"
"MHD - Oh la la","2","","88","","408,800","652,527"
"Soolking - Mirage","2","","75","","431,547","652,293"
"Hamza - Keke","1","","37","","651,984","651,984"
"Landy - Renato","2","","80","","386,821","651,627"
"Vald - QUE DES PROBLEMES","1","","92","","651,356","651,356"
"Alonzo - Génération X-Or","3","","76","","264,274","651,203"
"Jul - Tu mentiras","2","","67","","419,279","651,040"
"Adele - Love In The Dark","2","","134","","344,062","650,855"
"DJ Erise - Monte en l'air","2","","142","","391,034","650,294"
"Jul - Héros","1","","66","","649,971","649,971"
"Naza - Remontada","3","","96","","282,468","649,816"
"AWOLNATION - Sail","22","","44","","43,974","649,718"
"La Rvfleuze - FITNESS PARK","1","","90","","649,039","649,039"
"Drake - Love All","1","","51","","648,914","648,914"
"Jul - Bientôt je me taille","2","","81","","420,951","648,242"
"Kalash Criminel - Tu sais où nous trouver","5","","79","","183,126","648,063"
"Dosseh - Ma keh à moi","2","","60","","441,044","647,537"
"Daya - Hide Away","9","","160","","77,826","647,402"
"Kalash - Taken","8","","152","","85,384","647,367"
"Billie Eilish - my future","2","","124","","381,867","646,792"
"Guy2Bezbar - Strike","2","","57","","440,251","646,300"
"S.Pri Noir - Si tu savais - Saison 999","2","","111","","381,698","646,257"
"Nekfeu - Laisse aller","12","","54","","111,205","645,766"
"Niro - S3","5","","107","","182,342","645,510"
"Imen Es - Stop","2","","136","","349,746","645,464"
"Hornet La Frappe - Flash à la main","2","","94","","400,875","645,442"
"Leto - Big Money","1","","71","","645,100","645,100"
"MHD - Rouler","2","","96","","394,962","644,955"
"Lorenzo - Bouteille d'eau","2","","51","","423,052","644,191"
"Travis Scott - CIRCUS MAXIMUS","1","","77","","643,774","643,774"
"Kery James - A qui la faute","2","","96","","396,913","643,764"
"Caballero & JeanJass - Demain","2","","118","","347,405","643,640"
"Anaïs Delva - Libérée, Délivrée - De ""La Reine des Neiges""/Bande Originale Française","15","","58","","63,585","643,499"
"Orelsan - CP_008_ Nous contre le monde","1","","64","","643,259","643,259"
"Bigflo & Oli - Gangsta - Bonus","15","","123","","57,008","642,921"
"PLK - Si ça marche plus","1","","60","","642,708","642,708"
"Jul - Partire","1","","106","","642,515","642,515"
"Moha La Squale - Midi minuit","3","","112","","243,118","641,617"
"Drake - Mob Ties","2","","76","","439,066","641,378"
"S-Crew - Djadja","1","","72","","641,230","641,230"
"ROSALÍA - Reliquia","1","","108","","640,769","640,769"
"La Fève - 500","1","","100","","640,622","640,622"
"Taylor Swift - The Tortured Poets Department","1","","82","","640,259","640,259"
"Nekfeu - Risibles amours","13","","64","","98,808","640,213"
"Travis Scott - TOPIA TWINS","1","","78","","640,072","640,072"
"Kekra - Iverson","1","","67","","639,938","639,938"
"Djadja & Dinaz - L'essentiel","1","","81","","639,775","639,775"
"PLK - Intro","2","","113","","406,336","639,593"
"Jul - TP dans le froid","1","","77","","639,106","639,106"
"Zola - Roulette russe","1","","84","","638,616","638,616"
"The Weeknd - How Do I Make You Love Me?","1","","66","","638,489","638,489"
"Fall Out Boy - Centuries","15","","42","","91,621","638,377"
"Gaspard Royant - Wishing You a Merry Christmas","1","","120","","638,362","638,362"
"Josman - FVCKED UP V","1","","88","","638,128","638,128"
"Alkpote - Aigle","2","","141","","341,315","637,258"
"Lacrim - Reda l'égyptien","1","","73","","637,242","637,242"
"Jul - Plus de pitié","1","","110","","637,092","637,092"
"Kendrick Lamar - euphoria","1","","87","","636,155","636,155"
"GP Explorer - PITLANE - Bonus","1","","102","","635,007","635,007"
"Djadja & Dinaz - J'réfléchis","1","","82","","633,889","633,889"
"BTS - FYA","1","","98","","633,807","633,807"
"Guy2Bezbar - Jour et nuit","2","","177","","316,916","633,783"
"Sofiane - Je fais la fête","2","","50","","425,877","633,543"
"Ziak - Démonstration","1","","77","","633,337","633,337"
"PLK - Amérique","1","","62","","632,949","632,949"
"Vald - UFOV","1","","96","","632,797","632,797"
"La Fève - 24","1","","101","","632,579","632,579"
"Kalash - Tombolo","2","","130","","344,831","632,517"
"La Rvfleuze - COACH","1","","96","","631,778","631,778"
"RK - F.A.C","2","","104","","364,190","631,371"
"Thomston - Float","8","","144","","93,177","631,180"
"77 degrés - Camp Nou","1","","88","","630,862","630,862"
"Sam Feldt - Summer on You","7","","121","","98,992","630,709"
"Moha La Squale - Bendero","2","","52","","394,349","630,584"
"S-Crew - Trilogie","1","","75","","630,262","630,262"
"Kekra - J'arrête","1","","69","","630,173","630,173"
"RK - Freestyle Neverland #1","2","","154","","316,571","630,094"
"Landy - Bresom","2","","79","","391,942","630,088"
"Maroon 5 - This Summer","11","","64","","85,064","630,025"
"Linkin Park - Cut the Bridge","1","","96","","629,362","629,362"
"PLK - Onana","1","","87","","629,350","629,350"
"Rimkus - Danger","1","","84","","628,832","628,832"
"MHD - Le temps","2","","100","","381,299","628,706"
"Mac Miller - Good News","2","","128","","358,630","628,512"
"Naps - À QUOI TU JOUES","1","","85","","626,690","626,690"
"Logic - Homicide","2","","103","","347,642","626,594"
"Tove Lo - Habits (Stay High)","17","","67","","53,136","626,566"
"La Rvfleuze - BÊTISE","1","","100","","626,458","626,458"
"Jul - Holà que tal ?","1","","100","","626,190","626,190"
"Maes - Boîte à Gants","1","","93","","626,029","626,029"
"Jul - Le 46 de Rossi","3","","61","","316,872","625,654"
"Jul - Madame","2","","72","","405,596","625,570"
"Booba - Mon pays","13","","49","","89,490","625,342"
"Oby One - TSM","2","","142","","329,193","625,100"
"4.4.2 - Va bene","2","","123","","338,731","624,975"
"Tungevaag - Wicked Wonderland","18","","144","","46,003","624,680"
"Dadju - Le contrat","1","","99","","624,020","624,020"
"Jul - Fratellu","2","","73","","397,178","624,000"
"Kendji Girac - Habibi","2","","183","","324,167","623,404"
"Jul - Ibiza - Edit","2","","174","","317,228","623,058"
"Sadek - Sheriff","2","","123","","358,092","622,884"
"KeBlack - Billets mauves","2","","160","","320,698","622,515"
"Hamza - AFRI","1","","109","","622,028","622,028"
"Djadja & Dinaz - C'est pas ça la vie","2","","60","","422,185","621,889"
"Jul - Monde violent","3","","72","","290,676","621,764"
"Kaaris - Angle mort","1","","64","","621,677","621,677"
"Post Malone - Take What You Want","2","","117","","362,024","621,377"
"Imen Es - Chelou","2","","135","","349,886","621,056"
"Lartiste - MATRIXÉ","2","","107","","365,926","621,000"
"Djadja & Dinaz - Envahir","1","","86","","620,500","620,500"
"Jul - D&P à vie","1","","124","","620,491","620,491"
"Jul - Ma douce","1","","114","","620,299","620,299"
"Inoxtag - Pas b'soin d'toi","2","","144","","337,380","620,296"
"Inoxtag - Funkinox","2","","130","","336,268","619,978"
"Josman - SPOTLIGHTS","1","","99","","619,961","619,961"
"Wejdene - + 33","1","","67","","619,486","619,486"
"Jul - Toute la nuit","1","","64","","619,423","619,423"
"Zola - Mexicana","1","","89","","619,352","619,352"
"Big Sean - I Don't Fuck With You","18","","105","","44,831","619,303"
"Hamza - LOCATION","1","","110","","619,184","619,184"
"D0wzy - Bintou (ig: novwwq)","2","","169","","317,271","619,160"
"Alesso - Heroes (we could be)","10","","35","","106,888","618,711"
"Leto - ZOMBIE M'APPELLE","1","","122","","618,505","618,505"
"Moha La Squale - Bonnie & Clyde","2","","53","","393,885","617,969"
"Softo - Mauvaise Nouvelle","1","","59","","617,927","617,927"
"Angèle - Mots justes","1","","85","","617,873","617,873"
"JOYCA - Discobeast","1","","94","","617,577","617,577"
"Jul - J'ai fumé ma ganja","4","","86","","228,067","617,472"
"Shawn Mendes - Wonder","2","","160","","325,043","617,424"
"Pop Smoke - Demeanor","2","","136","","344,504","617,263"
"Jul - Je trace ma route","7","","97","","122,157","617,063"
"Zed - Talbin","1","","96","","616,925","616,925"
"Dadju - Sans thème - Remix","2","","125","","380,052","616,236"
"Youv Dee - J'Rêve","2","","147","","310,765","616,193"
"GIMS - CONTACT","1","","125","","615,842","615,842"
"Sofiane - Maître Ruben","4","","173","","155,508","614,449"
"Niro - Roulez","5","","116","","172,397","613,878"
"BTS - Hooligan","1","","104","","613,303","613,303"
"Dosseh - Voilà pourquoi","2","","66","","419,247","613,126"
"Timal - Souvenirs","1","","61","","612,748","612,748"
"Roméo Elvis - Bobo","1","","63","","612,700","612,700"
"Kings of Leon - WALLS","7","","154","","95,549","612,669"
"Leto - Le Nord","1","","76","","612,347","612,347"
"100 Blaze - Papier rose","2","","128","","348,871","612,190"
"BTS - NORMAL","1","","105","","612,050","612,050"
"Hearts & Colors - Lighthouse - Andrelli Remix","4","","140","","156,605","611,600"
"Drake - TSU","1","","54","","611,413","611,413"
"Konfuz - Ратата","2","","147","","307,133","611,392"
"Marc E. Bassy - You & Me","7","","147","","92,473","609,891"
"Aya Nakamura - Beleck","1","","76","","609,662","609,662"
"La Fève - NAVRÉ","1","","109","","609,430","609,430"
"Jess Glynne - Hold My Hand","13","","80","","62,918","609,081"
"XVI - Para","1","","101","","608,917","608,917"
"Arcane - Wasteland (from the series Arcane League of Legends)","1","","122","","608,857","608,857"
"Sam Smith - Have Yourself A Merry Little Christmas","4","","107","","331,713","608,606"
"Jul - Ah c'est comme ça !","4","","85","","229,906","608,253"
"Dadju - Toi d'abord","1","","59","","607,754","607,754"
"Inoxtag - Mili Mili","2","","126","","341,902","607,500"
"Jul - Rien à cirer","7","","103","","118,468","606,973"
"Bigflo & Oli - Fan","1","","59","","606,581","606,581"
"Heuss L'enfoiré - Horizon vertical","1","","88","","606,161","606,161"
"GP Explorer - Coupé","1","","113","","606,089","606,089"
"Jul - Sali","1","","89","","606,063","606,063"
"ROSALÍA - Sexo, Violencia y Llantas","1","","128","","606,007","606,007"
"Djadja & Dinaz - Outro","1","","91","","605,996","605,996"
"Jul - Grazie la zone","1","","81","","605,699","605,699"
"Moha La Squale - Tourner","2","","56","","382,763","605,550"
"Charlie Puth - December 25th","1","","129","","605,457","605,457"
"Alpha Wann - carrelage italien","1","","89","","605,410","605,410"
"Eminem - Not Alike","2","","68","","392,116","605,339"
"DA Uzi - Vrai 2 vrai","2","","89","","371,997","605,188"
"Ariana Grande - pov","2","","145","","309,988","605,080"
"Damso - Smeagol","2","","55","","396,814","604,845"
"TK - Du rêve","2","","169","","307,549","603,967"
"Ariana Grande - bye","1","","85","","603,898","603,898"
"Jul - Saoûlé","3","","71","","299,565","603,585"
"Post Malone - Motley Crew","2","","151","","305,300","603,139"
"Michael Jackson - Don't Stop 'Til You Get Enough - Single Version","1","","99","","603,057","603,057"
"Jul - Je pense à eux","7","","100","","120,399","602,854"
"Djadja & Dinaz - En otage","2","","64","","406,012","602,199"
"Kendrick Lamar - LOVE. FEAT. ZACARI.","3","","63","","288,061","602,170"
"Jul - Vacancia","1","","87","","602,049","602,049"
"Tiakola - T.I.A","1","","103","","601,701","601,701"
"Aya Nakamura - Tous les jours","1","","77","","601,692","601,692"
"Werenoi - Malus","1","","115","","601,564","601,564"
"Lacrim - 3dabi","2","","66","","406,146","601,263"
"Laylow - + De Pluie...","1","","74","","601,227","601,227"
"HLD - Seklenland, Pt. 10","1","","115","","601,189","601,189"
"Dinor rdt - Ma chérie","2","","131","","327,592","600,777"
"Alpha Wann - fahrenheit 451","1","","91","","600,416","600,416"
"Black M - On s'fait du mal","18","","99","","51,295","600,329"
"Timal - Vida","1","","66","","600,010","600,010"
"GIMS - Changer","12","","15","","73,585","599,605"
"Freeze corleone - Règne sur le monde","1","","91","","599,551","599,551"
"PLK - Perdu","1","","73","","599,498","599,498"
"Hamza - FOREVER","1","","114","","599,379","599,379"
"Lacrim - Ledger","1","","93","","598,965","598,965"
"YL - Donne-nous le","2","","61","","384,812","598,961"
"Alpha Wann - dirty dancing","1","","93","","598,916","598,916"
"Robin Schulz - Oh Child","2","","103","","328,482","597,554"
"The Weeknd - Wasted Times","2","","59","","392,802","597,261"
"Rohff - La force","2","","123","","309,928","597,240"
"Mig - Dans nos blocks","1","","67","","596,730","596,730"
"PSO THUG - Plein les poches","7","","102","","108,510","596,671"
"Zed - Ice","1","","125","","596,290","596,290"
"Still Fresh - Demande moi","8","","166","","77,471","596,116"
"Lacrim - Picasso","1","","65","","595,845","595,845"
"Rim'K - Tant pis","1","","93","","595,627","595,627"
"Gnarls Barkley - Crazy","2","","136","","381,936","595,462"
"Timal - Bresom","2","","167","","308,067","595,287"
"Stromae - Alors on danse","10","","41","","416,850","595,242"
"LunchMoney Lewis - Bills","16","","141","","47,578","595,084"
"Slkrack - Vie","1","","87","","595,063","595,063"
"Josman - Vaccin","1","","60","","594,929","594,929"
"PLK - Weed","2","","134","","368,996","594,915"
"Djadja & Dinaz - Avant","3","","68","","278,919","594,520"
"Josman - McQueen / Givenchy","1","","61","","593,879","593,879"
"Tiakola - DERNIÈRE DANSE","1","","109","","593,814","593,814"
"Lefa - Incassable","2","","170","","297,133","593,593"
"Jul - Je suis fait pour...","1","","120","","593,475","593,475"
"Jul - Montana","1","","97","","593,014","593,014"
"ICO - BBJTM","2","","154","","324,146","592,600"
"Rita Ora - Bang Bang","2","","154","","306,069","592,569"
"SenSey' - Honey Damoiseau","1","","96","","592,351","592,351"
"James Hersey - Coming Over - filous Remix","8","","149","","79,968","592,151"
"Ed Sheeran - New Man","3","","58","","281,247","592,095"
"Woodkid - Run Boy Run","4","","38","","526,560","591,849"
"Hamza - Spaghetti","1","","44","","591,310","591,310"
"Eminem - Berzerk","14","1","10","","62,578","590,724"
"Lacrim - Brasse au max","7","","79","","131,225","590,639"
"Justin Bieber - Ghost","2","","156","","300,584","590,314"
"Céline Dion - Dansons","1","","108","","589,598","589,598"
"Hamza - SMOKIN & DRINKIN","1","","119","","589,556","589,556"
"Johnny Hallyday - Requiem pour un fou","2","","69","","367,905","589,447"
"Marwa Loud - Cevi","2","","56","","363,356","589,209"
"Thomston - Grey","14","","79","","66,380","589,156"
"Meek Mill - All Eyes on You","12","","95","","65,109","588,741"
"The Weeknd - Enjoy The Show","1","","104","","588,190","588,190"
"Marwa Loud - Fâché","2","","55","","364,956","588,003"
"Drake - Virginia Beach","1","","74","","587,788","587,788"
"Lacrim - London Blues","2","","65","","413,369","587,726"
"La Fève - RIP KEED","1","","116","","587,468","587,468"
"Maes - Rif","1","","104","","587,459","587,459"
"BTS - Like Animals","1","","116","","587,099","587,099"
"Jul - Keyser Söze","1","","97","","587,081","587,081"
"MHD - Afro Trap Pt. 2 (Kakala Bomaye)","7","","71","","132,344","587,028"
"Justin Timberlake - Mirrors","17","3","9","","57,056","586,779"
"Jul - Arrête tes manières","1","","123","","586,683","586,683"
"Jul - Que ça se mêle","1","","88","","586,663","586,663"
"Dadju - TOUT essayer ?","1","","108","","586,545","586,545"
"Jul - Je change pas","1","","116","","586,316","586,316"
"Dan + Shay - 10,000 Hours","2","","174","","315,818","586,146"
"Kore - Tony","6","","65","","139,648","586,144"
"RnBoi - J'PENSE À TOI","1","","113","","586,029","586,029"
"GIMS - Laissez-moi tranquille","2","","70","","361,352","585,923"
"Drake - Pop Style","5","","65","","150,854","585,826"
"Jul - Maille","1","","125","","585,617","585,617"
"Jul - C'est ça les collègues ?","1","","126","","585,507","585,507"
"Icona Pop - I Love It","19","","15","","36,477","585,265"
"Jul - Ils le savent","1","","142","","584,652","584,652"
"Pitbull - Fun","11","","68","","80,707","584,292"
"Jul - Jack Miel","15","","119","","54,989","584,102"
"Lacrim - P38 Special","1","","90","","583,974","583,974"
"Greg June - We Can Never Talk","7","","81","","103,689","583,772"
"Josman - F̶i̶e̶s̶t̶a̶.̶ (Interlude)","1","","62","","583,561","583,561"
"Kekra - Pull Up 2.0","2","","163","","304,941","583,454"
"La Fève - QUI ?","1","","118","","582,871","582,871"
"Jul - Que la vérité","1","","91","","582,815","582,815"
"Jul - J'ai besoin d'air","1","","144","","582,794","582,794"
"Jul - Sentimental","1","","101","","582,371","582,371"
"Vald - interlude","1","","110","","582,264","582,264"
"Zola - Dans la nuit","1","","100","","581,987","581,987"
"Tiakola - 1ntro'p","1","","69","","581,506","581,506"
"Kaaris - Lumière","1","","81","","581,364","581,364"
"Petit Biscuit - Gravitation","4","","161","","157,919","581,329"
"Juice WRLD - Righteous","2","","124","","312,174","581,111"
"Sneazzy - N17","4","","131","","162,976","580,918"
"Zed - 2.80","1","","114","","580,888","580,888"
"Kekra - Nuages","1","","83","","580,682","580,682"
"La Fève - TYPE SHIT","1","","120","","580,241","580,241"
"Moha La Squale - Amsterdam","2","","198","","307,650","580,069"
"Dadju - Apprends-moi !","1","","112","","579,732","579,732"
"Vald - 93 MILLIARDS","1","","111","","579,717","579,717"
"Timal - Jour de paye","1","","68","","579,294","579,294"
"Petit Biscuit - Waterfall","3","","108","","237,788","579,153"
"Linkin Park - Stained","1","","111","","579,087","579,087"
"DA Uzi - WeLaRue 3 - Vilain","2","","154","","313,154","578,316"
"Kekra - Vibe & Sun","1","","88","","578,241","578,241"
"Driks - TT","2","","175","","290,574","578,029"
"Moha La Squale - Pour la 20ème","3","","138","","213,699","577,815"
"Werenoi - L'ancien","1","","108","","577,727","577,727"
"Leto - RODEO DRIVE","1","","106","","577,540","577,540"
"SCH - Allez leur dire","2","","45","","399,064","577,392"
"Kaaris - Victoire","2","","58","","378,425","577,216"
"Djadja & Dinaz - Continents","1","","101","","577,042","577,042"
"GIMS - Fuegolando","2","","73","","356,328","577,014"
"La Fève - MA CHIENNE DE TRAPLIFE","1","","121","","576,983","576,983"
"Jul - Comme tu fais on te fera","1","","148","","576,921","576,921"
"Hamza - Drifté","1","","62","","576,567","576,567"
"Lacrim - Penelope Cruz","1","","71","","576,553","576,553"
"SDM - Dans le club","1","","85","","576,530","576,530"
"Ziak - Rien ne se remplace","1","","98","","576,396","576,396"
"La Fouine - Etat des lieux - Part 2","1","","126","","576,335","576,335"
"Graya - Truc de malade","2","","183","","288,620","576,272"
"Kendrick Lamar - reincarnated","1","","118","","575,844","575,844"
"Dinos - Rive Droite","1","","81","","575,843","575,843"
"La Fève - BALENCIAGA","1","","102","","575,718","575,718"
"La Fève - SUITE","1","","124","","575,209","575,209"
"GIMS - Anakin","2","","69","","362,947","575,176"
"Ed Sheeran - How Would You Feel (Paean)","3","","61","","276,224","574,991"
"Niska - CDC","1","","72","","574,860","574,860"
"Kalash - Snitch","3","","116","","235,746","574,583"
"Jul - Vida loca","1","","119","","574,568","574,568"
"Ziak - Vautours","1","","83","","573,823","573,823"
"Maes - Haut Et Bas","1","","112","","573,758","573,758"
"GIMS - Merci maman","2","","76","","355,609","573,660"
"Werenoi - L'or et la pierre","1","","128","","573,650","573,650"
"DJ Abdel - C.M.B.B (C'est Marseille Bébé)","2","","150","","298,312","573,590"
"Fauve - INFIRMIERE","11","","12","","90,724","573,550"
"Pierre Garnier - Chaque seconde","1","","120","","572,671","572,671"
"Zola - Frères ennemis","1","","105","","572,635","572,635"
"Rim'K - Rien de lavable","3","","88","","235,778","572,056"
"Lady Gaga - Applause","15","","11","","54,326","571,352"
"Zamdane - Le poison","1","","142","","571,321","571,321"
"Laylow - C'est Eux Contre Nous","1","","81","","571,041","571,041"
"GIMS - Tant pis","2","","65","","367,307","570,612"
"GIMS - One Shot","16","","17","","47,704","570,407"
"Lacrim - Never Personal","1","","43","","569,520","569,520"
"Jul - Peu m'importe","4","","97","","208,772","569,337"
"Djadja & Dinaz - Ca va aller","1","","84","","569,228","569,228"
"Hooss - Le bon soir","3","","118","","238,827","569,059"
"Playboi Carti - CRUSH","1","","100","","568,993","568,993"
"Jul - Loca","2","","103","","360,293","568,811"
"Sofiane - Sa mère","2","","56","","394,356","568,604"
"Pierre Garnier - Ceux qu'on était - Version acoustique","1","","97","","568,553","568,553"
"Ronisia - Doucement","2","","158","","288,202","568,102"
"Kanye West - Jail","1","","61","","567,699","567,699"
"Kendrick Lamar - man at the garden","1","","122","","567,523","567,523"
"The Weeknd - Opening Night","1","","108","","567,455","567,455"
"Lamatrix - MAUVAIS PROFIL","1","","98","","566,977","566,977"
"Kaaris - Végéta","2","","61","","371,465","566,932"
"will.i.am - Scream & Shout","17","1","9","","64,472","566,434"
"YNW Melly - Suicidal","2","","194","","291,970","566,378"
"Jul - En revenant d'Alicante","1","","102","","565,996","565,996"
"Jul - Vrai sancho","1","","123","","565,610","565,610"
"Soolking - C'est Fort","1","","126","","565,491","565,491"
"Gloria Gaynor - I Will Survive","1","","34","","565,160","565,160"
"Vianney - Pas là","14","","68","","71,862","565,147"
"Kaaris - Goudronné","1","","78","","564,886","564,886"
"GIMS - Mon coeur avait raison - Pilule Bleue","9","","58","","100,246","564,551"
"Josman - SEC","1","","51","","564,404","564,404"
"Tiakola - GRAND PRIX","1","","123","","564,257","564,257"
"Kanye West - Yikes","2","","54","","380,678","563,879"
"Jul - Mauvais garçon","1","","103","","563,839","563,839"
"WILLOW - Wait a Minute!","2","","179","","288,427","563,805"
"Zkr - Beterbiev","1","","103","","563,596","563,596"
"Gradur - The Wire","1","","72","","563,564","563,564"
"YL - J'me casse","2","","188","","293,557","563,546"
"Roméo Elvis - Solo","1","","70","","563,477","563,477"
"Sofiane - Un boulot sérieux","3","","71","","247,123","563,080"
"Hamza - MEGAN","1","","130","","562,567","562,567"
"Tiakola - CODE 187","1","","132","","562,174","562,174"
"Tiakola - Arsenik","1","","75","","561,986","561,986"
"GIMS - CÔTÉ NOIR","1","","51","","561,911","561,911"
"PLK - Avec les miens","1","","108","","561,698","561,698"
"Lacrim - Big Meech","1","","76","","561,484","561,484"
"Kaaris - Terrain","8","","66","","105,486","561,453"
"SCH - Les années de plomb","2","","51","","381,584","560,963"
"Bramsito - Millions de mélos","2","","144","","282,422","560,485"
"Stromae - humain à l'eau","15","","12","","62,325","560,289"
"Dinos - Aquarius","1","","83","","560,253","560,253"
"Timal - Timal","2","","67","","351,112","559,984"
"Aya Nakamura - Anesthésie","1","","114","","559,867","559,867"
"Soolking - Only You","1","","113","","559,264","559,264"
"Jul - Coeur en or","1","","141","","558,561","558,561"
"Niro - Merco Benz","6","","81","","156,024","558,422"
"BCBC - Be Together","2","","176","","285,386","558,270"
"Kaaris - BBL","1","","80","","557,615","557,615"
"Josman - L'eau (Interlude)","1","","71","","557,148","557,148"
"JOYCA - Wow Wow Wow","2","","186","","295,006","556,716"
"Daft Punk - Giorgio by Moroder","12","2","6","","132,470","556,715"
"Moha La Squale - Le p'tit avait un rêve","2","","62","","362,007","556,490"
"Dinos - ADN","1","","87","","556,142","556,142"
"Lacrim - Marabout","6","","51","","164,517","555,654"
"Niska - Loup solitaire","1","","74","","555,634","555,634"
"Lil Tjay - In My Head","2","","163","","286,968","555,374"
"Dadju - Ma Woman","2","","183","","283,773","555,237"
"Jul - Y'a pas d'âge pour pleurer","1","","105","","555,167","555,167"
"Boîte noire - Boîte noire","1","","154","","555,072","555,072"
"Werenoi - Satan 2","1","","120","","554,988","554,988"
"Hornet La Frappe - Boca","2","","65","","357,316","554,935"
"Kidaki - Une balle qui tue ?","2","","173","","299,327","554,864"
"Johnny Hallyday - Que je t'aime","2","","73","","360,731","554,857"
"David Guetta - Bad","12","","50","","64,976","554,771"
"Jul - À la vue","1","","107","","554,603","554,603"
"Timal - TBA","1","","74","","554,378","554,378"
"Kaaris - Sur le banc","1","","82","","554,370","554,370"
"Fifth Harmony - Down","3","","108","","191,013","554,276"
"Charli xcx - Boom Clap","18","","75","","47,185","554,171"
"Rim'K - Cactus","2","","123","","307,587","553,692"
"Justin Bieber - Confident - Single Version","1","","129","","553,594","553,594"
"Jul - Fais tes comptes","1","","77","","553,394","553,394"
"Vald - SATAN 3","1","","88","","553,375","553,375"
"PLK - Interlude *","1","","95","","552,912","552,912"
"Jul - Pistolet 45","1","","94","","552,544","552,544"
"Dosseh - Superhéro","2","","141","","286,701","552,517"
"Luv Resval - Thor","2","","137","","296,373","552,340"
"DA Uzi - Style Haussmannien","1","","57","","552,309","552,309"
"Kodaline - Follow Your Fire","3","","179","","200,459","551,893"
"Josman - Décisions","1","","53","","551,549","551,549"
"Kaaris - Akrapovic","1","","90","","551,461","551,461"
"Hamza - Don’t Tell","1","","53","","551,338","551,338"
"Zkr - Freestyle 5min #8","2","","191","","283,604","551,145"
"Alpha Wann - la lune attire la mer","1","","105","","550,765","550,765"
"Niska - Sal baye","1","","79","","550,550","550,550"
"Genezio - RATATA","1","","134","","550,417","550,417"
"Jul - Temps d'avant","2","","88","","356,010","550,404"
"DJ Khaled - GREECE","2","","178","","293,045","550,179"
"Kendrick Lamar - heart pt. 6","1","","131","","549,996","549,996"
"Beyoncé - II MOST WANTED","1","","97","","549,843","549,843"
"Jul - Un heureux, un déçu","1","","146","","549,172","549,172"
"Niro - Plus pareil","1","","130","","549,154","549,154"
"Dinos - Rive Gauche","1","","92","","548,918","548,918"
"Josman - 3ein / Risotto Gambas","1","","73","","548,818","548,818"
"Jul - Business","1","","106","","548,792","548,792"
"RK - TOPBOY","1","","126","","548,305","548,305"
"Hatik - Buena noche","2","","138","","308,827","548,280"
"Lady Gaga - Perfect Illusion","3","","68","","197,497","548,247"
"Editors - Ocean Of Night","9","","96","","72,203","547,969"
"Drake - Survival","1","","44","","547,754","547,754"
"Djadja & Dinaz - Le métier","1","","110","","547,695","547,695"
"DA Uzi - Camila","1","","59","","546,811","546,811"
"Kekra - Nuit et jour","1","","98","","546,784","546,784"
"Niska - Service","1","","78","","546,679","546,679"
"Taylor Swift - Florida!!!","1","","114","","546,393","546,393"
"Black M - Cesar","1","","53","","546,390","546,390"
"Ariana Grande - true story","1","","99","","546,328","546,328"
"Naps - Elle t'a piqué","4","","165","","158,160","545,673"
"Djadja & Dinaz - Coller","1","","111","","545,317","545,317"
"Jul - Mon tiek ti amo","3","","88","","256,370","545,220"
"Calvin Harris - Sweet Nothing","17","","15","","46,965","545,161"
"Linkin Park - Up From the Bottom","1","","129","","544,814","544,814"
"Taylor Swift - But Daddy I Love Him","1","","116","","544,713","544,713"
"Leto - T'es allée où?","1","","90","","544,708","544,708"
"Bigflo & Oli - La vie d’après","1","","72","","544,220","544,220"
"Vald - PARADIS PERDU","1","","130","","543,935","543,935"
"Djadja & Dinaz - Mon ami","2","","84","","338,236","543,517"
"Vald - LES ECHAPPES","1","","131","","543,444","543,444"
"La Fouine - Gangsta et Célèbre","1","","128","","543,187","543,187"
"T-Wayne - Nasty Freestyle","12","","83","","65,040","542,826"
"Squeezie - Adieu les filles","1","","61","","542,790","542,790"
"Tiakola - NO LIMIT","1","","137","","542,641","542,641"
"Le classico organisé - L'élégance","1","","79","","542,482","542,482"
"Kaaris - Tout était écrit","1","","59","","542,391","542,391"
"Kendrick Lamar - hey now","1","","135","","542,187","542,187"
"Kaaris - Moula Moula","1","","89","","541,744","541,744"
"Dosseh - Princes de la ville","2","","91","","356,797","541,125"
"Jul - Je salue","1","","103","","541,018","541,018"
"Ariana Grande - One Last Time (Attends-Moi)","13","","69","","65,107","540,973"
"Dadju - Papa","1","","66","","540,963","540,963"
"Drake - N 2 Deep","1","","66","","540,380","540,380"
"Jul - Les temps changent comme les gens","2","","106","","345,484","540,152"
"SCH - L'Opinel","1","","149","","539,902","539,902"
"Favé - GMAIL","1","","83","","539,805","539,805"
"Linkin Park - Overflow","1","","129","","539,665","539,665"
"Larry - Goosebumps","1","","60","","539,614","539,614"
"Guy2Bezbar - Tu sais bien","1","","126","","539,538","539,538"
"Heuss L'enfoiré - 1992","1","","109","","539,347","539,347"
"Jul - Faut s'enfuir","1","","112","","539,116","539,116"
"BTS - Aliens","1","","136","","538,904","538,904"
"VINAI - I Was Made","2","","192","","272,613","538,821"
"SCH - Day Date","2","","55","","368,428","538,716"
"SCH - Pas la paix","2","","54","","369,102","538,464"
"Jul - Opérationnel","1","","114","","538,283","538,283"
"Josman - Doré","1","","56","","538,270","538,270"
"Travis Scott - TIL FURTHER NOTICE","1","","108","","537,838","537,838"
"Eminem - Venom - Music From The Motion Picture","2","","111","","288,616","537,834"
"Lacrim - Puerto Rico","1","","50","","537,326","537,326"
"Kaaris - Marchand d’ivoire","2","","62","","357,973","536,992"
"Lacrim - On l'a pas choisi","1","","101","","536,845","536,845"
"You+Me - You and Me","17","","120","","43,662","536,765"
"Linkin Park - Good Things Go","1","","130","","536,712","536,712"
"Roméo Elvis - 194","1","","78","","536,699","536,699"
"Hamza - Jalousie","1","","57","","536,611","536,611"
"Dadju - Monica","2","","84","","334,019","536,512"
"Travis Scott - SKITZO","1","","109","","536,503","536,503"
"Taylor Swift - Snow On The Beach","1","","85","","536,458","536,458"
"Lady Gaga - Garden Of Eden","1","","107","","536,200","536,200"
"Luther - ALED","1","","111","","536,125","536,125"
"Laylow - Tu Comprends Maintenant ?","1","","88","","535,983","535,983"
"Timal - Charbonner","2","","193","","274,925","535,921"
"M83 - Midnight City","21","","25","","35,277","535,678"
"Boîte noire - Treillis","1","","123","","535,429","535,429"
"DA Uzi - Ni amour ni amitié","1","","64","","535,335","535,335"
"Ratu$ - velux","1","","111","","534,655","534,655"
"Moha La Squale - J'me rappelle papa","2","","65","","351,296","534,327"
"Alonzo - Toute la Noché","1","","118","","533,902","533,902"
"RK - Dans mon square","1","","87","","533,884","533,884"
"Josman - DOM PERIGNON CRYING","1","","132","","533,790","533,790"
"Hatik - Welcome","2","","177","","269,797","533,765"
"Niaks - JACK HONEY","1","","131","","533,526","533,526"
"Rohff - J'arrache tout","2","","168","","272,783","533,523"
"Ziak - Op Ganté","1","","103","","533,309","533,309"
"Lorenzo - Intro","1","","66","","533,261","533,261"
"Lemaitre - Closer","7","","163","","81,579","532,873"
"Dinos - STACKS","1","","156","","532,712","532,712"
"Hamza - Sometimes","1","","53","","532,537","532,537"
"Mac Tyer - Laisse moi te dire","14","","97","","52,610","532,472"
"Ariana Grande - eternal sunshine","1","","104","","532,346","532,346"
"Jul - Dans l'RS3","1","","140","","532,156","532,156"
"Foals - Mountain At My Gates","9","","66","","83,606","532,136"
"Jul - Laisse-moi là seul","1","","83","","531,964","531,964"
"Drake - First Person Shooter","1","","99","","531,890","531,890"
"Pop Smoke - Gangstas","1","","77","","531,735","531,735"
"Népal - En face","1","","68","","531,707","531,707"
"Wejdene - Arrogante","1","","91","","531,636","531,636"
"Jul - Blocco","1","","107","","531,397","531,397"
"Marwa Loud - On y va","2","","74","","337,332","531,251"
"Naza - Million de dollars","2","","176","","271,668","531,002"
"Alonzo - Couteau dans le dos","1","","109","","530,684","530,684"
"Le classico organisé - C'est pas un film","1","","83","","530,666","530,666"
"GIMS - Zoum Zoum","6","","125","","93,124","530,540"
"ASHE 22 - Anthracite","1","","94","","529,860","529,860"
"Djadja & Dinaz - Everyday","1","","118","","529,781","529,781"
"1PLIKÉ140 - DOUMBÉ","1","","119","","529,701","529,701"
"menace Santana - Six","1","","126","","529,650","529,650"
"Joé Dwèt Filé - Rihanna","1","","139","","529,546","529,546"
"Ziak - Seinen","1","","106","","529,394","529,394"
"Mig - Viser la lune","1","","106","","529,305","529,305"
"Werenoi - 5 étoiles","1","","141","","529,153","529,153"
"Josman - Ma Lady","1","","77","","528,895","528,895"
"Tayc - D O N N E L E M O I","1","","91","","528,181","528,181"
"Jul - Papa Maman","1","","82","","528,053","528,053"
"Shay - Paradis","1","","109","","527,864","527,864"
"Gazo - HERMES","1","","110","","527,693","527,693"
"Tiakola - #BÂTIMENT1","1","","120","","527,596","527,596"
"Green Montana - ishtar","1","","113","","527,512","527,512"
"Dadju - Please","1","","71","","527,505","527,505"
"Ariana Grande - supernatural","1","","107","","527,273","527,273"
"GIMS - Bonbon","1","","140","","526,972","526,972"
"Dennis Lloyd - Never Go Back - Robin Schulz Remix","2","","168","","270,994","526,439"
"ROSALÍA - Divinize","1","","159","","526,209","526,209"
"Moha La Squale - Il le fallait","2","","66","","344,128","525,995"
"Damso - MTL","1","","144","","525,786","525,786"
"Jul - Je calcule personne","1","","105","","525,616","525,616"
"Fetty Wap - My Way","11","","108","","57,645","525,533"
"Werenoi - Boussole","1","","130","","525,497","525,497"
"Arcane - Heavy Is The Crown - Original Score / from the series Arcane League of Legends","1","","147","","525,211","525,211"
"SCH - Ca va","2","","57","","362,440","525,076"
"Rim'K - 500 €","4","","162","","141,413","524,749"
"Taylor Swift - Who’s Afraid of Little Old Me?","1","","126","","524,746","524,746"
"Jul - Ma Bella","1","","121","","524,273","524,273"
"Gradur - Comme un Sheguey","1","","141","","524,213","524,213"
"VIZE - Stars","2","","173","","267,690","524,118"
"Jul - Le couz du 12","1","","147","","524,103","524,103"
"The Weeknd - Given Up On Me","1","","120","","524,082","524,082"
"Jul - En cas de...","1","","86","","523,717","523,717"
"Kekra - Stratos","1","","106","","523,557","523,557"
"La Fève - SANS PLUG","1","","118","","523,287","523,287"
"Hamza - DESTINY","1","","147","","523,223","523,223"
"Travis Scott - 4X4","1","","108","","523,188","523,188"
"reezy - PENNY","1","","108","","523,185","523,185"
"Lacrim - Jvlius","1","","53","","523,151","523,151"
"OBOY - Air tlanta","1","","77","","523,143","523,143"
"Chily - Bina","1","","88","","523,114","523,114"
"XXXTENTACION - ALONE, PART 3","2","","100","","301,346","523,109"
"Hamza - Henny me noie","1","","56","","522,968","522,968"
"Arcane - Fantastic (from the series Arcane League of Legends)","1","","162","","522,947","522,947"
"Jul - Faut que je me tire de là","1","","74","","522,881","522,881"
"Jul - Des inconnus","1","","147","","522,804","522,804"
"Hamza - Fake Friends","1","","60","","522,661","522,661"
"GIMS - Ana Fi Dar","2","","94","","323,121","522,424"
"Mister V - Nightcall","2","","49","","379,910","522,283"
"VEN1 - Retour de flamme","1","","159","","521,858","521,858"
"Ninho - Vinicius","1","","125","","521,512","521,512"
"Marshmello - Be Kind","2","","172","","264,729","521,122"
"Jul - En two two bé","1","","96","","520,684","520,684"
"Drake - 8 Out Of 10","1","","51","","520,667","520,667"
"La Fève - HOMESTUDIO","1","","144","","520,417","520,417"
"Jul - Toute la ligne","1","","87","","520,070","520,070"
"Gambi - OUH","1","","80","","519,831","519,831"
"Bakermat - Vandaag - Original Mix","15","","18","","46,922","519,754"
"Jul - Je ne veux pas partir","2","","96","","330,267","519,676"
"Leto - Détruire et aimer","1","","98","","519,215","519,215"
"Aya Nakamura - Coller","1","","107","","519,212","519,212"
"VEN1 - Isack Hadjar","1","","161","","518,999","518,999"
"Vald - Abysses","1","","151","","518,916","518,916"
"The Weeknd - Hardest To Love","1","","67","","518,875","518,875"
"Aya Nakamura - Désarmer","1","","137","","518,822","518,822"
"Jul - Flêcheur fou","3","","104","","230,948","518,715"
"Nada - Oublie-la","1","","142","","518,536","518,536"
"The Drifters - White Christmas","2","","97","","264,787","518,526"
"Heuss L'enfoiré - Diviser pour mieux régner","1","","118","","518,278","518,278"
"Kekra - Combien de temps","1","","108","","518,273","518,273"
"La Fève - OUVRE LA PORTE!","1","","149","","518,187","518,187"
"Jul - Le Rrrin","1","","104","","517,973","517,973"
"Leto - Jeune soldat","1","","80","","517,042","517,042"
"Timal - La zone","2","","86","","316,348","516,841"
"Josman - Rich Music","1","","89","","516,794","516,794"
"Jul - Ma gentillesse","1","","124","","516,743","516,743"
"Dadju - Jure-le","1","","76","","515,993","515,993"
"Naps - Pochon bleu","5","","166","","144,662","515,750"
"PLK - V2V","1","","82","","515,168","515,168"
"Guy2Bezbar - ENCORE","1","","121","","515,013","515,013"
"TIF - No Way","1","","174","","514,959","514,959"
"Mister You - +34","1","","148","","514,889","514,889"
"Troye Sivan - WILD","8","","83","","93,221","514,530"
"Lesram - Triste mélancolie","1","","113","","514,149","514,149"
"Jul - Pour un violet","1","","169","","514,013","514,013"
"Adele - My Little Love","1","","97","","513,903","513,903"
"Kaaris - Menace","2","","64","","350,635","513,845"
"La Mano 1.9 - 27.06.25 (Magie)","1","","146","","513,721","513,721"
"Jul - J'ai tout essayé","1","","90","","513,396","513,396"
"Gambi - VIVRE","1","","84","","513,262","513,262"
"Lacrim - Sablier","11","","63","","89,292","513,261"
"SCH - Quand on était momes","4","","51","","222,677","512,707"
"Oh Wonder - Technicolour Beat","8","","138","","76,902","512,628"
"XXXTENTACION - infinity (888)","2","","85","","324,984","512,265"
"Lacrim - Granada","1","","57","","512,069","512,069"
"Michael Jackson - Human Nature","1","","146","","512,056","512,056"
"GIMS - Habibi - Pilule Bleue","8","","53","","103,660","511,490"
"Kaaris - Ca on la","1","","63","","511,148","511,148"
"Kanye West - Ghost Town","2","","67","","335,224","511,045"
"KeBlack - Pas permis","1","","93","","511,005","511,005"
"Tiakola - 2009'","1","","126","","510,677","510,677"
"GLK - Avant","2","","183","","257,428","510,669"
"SCH - Trop énorme","4","","48","","231,607","510,662"
"Justin Hurwitz - Mia & Sebastian’s Theme","4","","156","","139,992","510,590"
"Nekfeu - Le horla","9","","56","","108,922","510,404"
"Jul - Ce soir","1","","91","","510,288","510,288"
"Rim'K - Immigri","2","","154","","273,157","509,886"
"Leto - Trafiquants","1","","101","","509,760","509,760"
"Jul - Europa","1","","106","","509,714","509,714"
"Hamza - Juste une minute","2","","74","","316,594","509,539"
"Kerchak - Salement","1","","124","","509,518","509,518"
"Chris Brown - Autumn Leaves","17","","129","","38,394","509,176"
"Timal - Cagoulé Yamaha","1","","136","","509,143","509,143"
"Kekra - Bloc de glace","1","","111","","508,949","508,949"
"Lady Gaga - Do What U Want","13","","25","","47,319","508,941"
"BLACKPINK - GO","1","","132","","508,848","508,848"
"Mig - Toujours +","1","","93","","508,776","508,776"
"Hamza - Cheikh","1","","63","","508,584","508,584"
"Werenoi - Salaire","1","","134","","508,394","508,394"
"Pop Smoke - Aim For The Moon","1","","81","","508,368","508,368"
"Le classico organisé - Mauvais garçon","1","","87","","508,334","508,334"
"Drake - Elevate","1","","55","","508,310","508,310"
"Jul - C'est pas grandiose","1","","116","","508,099","508,099"
"BTS - 2.0","1","","160","","507,584","507,584"
"BTS - they don’t know ’bout us","1","","161","","507,394","507,394"
"THEODORT - Si ça va","1","","149","","507,304","507,304"
"Caballero & JeanJass - Incroyaux","2","","71","","325,622","507,248"
"Lorenzo - Revolver rose","1","","75","","506,904","506,904"
"Lacrim - Eprouvé","1","","58","","506,807","506,807"
"S-Pion - Fuck mes rêves","2","","134","","260,840","506,682"
"Rémy - Bandits","2","","91","","325,314","506,447"
"The Weeknd - Less Than Zero","1","","87","","506,329","506,329"
"Sam Smith - Like I Can","8","","103","","262,098","506,211"
"Nessbeal - Nuage qui passe","1","","70","","506,107","506,107"
"21 Savage - monster","2","","143","","282,080","506,020"
"Taylor Swift - Lavender Haze","1","","93","","505,749","505,749"
"DJ Hamida - Dansa","1","","94","","505,478","505,478"
"Kalash Criminel - Insta Twitter","1","","72","","505,207","505,207"
"13 Block - Pavel","1","","79","","504,823","504,823"
"Willylancien - tempête","1","","148","","504,684","504,684"
"Jul - Pas méchant","1","","92","","504,577","504,577"
"Linkin Park - Casualty","1","","144","","504,554","504,554"
"Petit Papa Noël - Petit Papa Noël","1","","155","","504,224","504,224"
"KeBlack - Parle en sah","1","","179","","504,110","504,110"
"Franglish - La Calle","1","","71","","503,936","503,936"
"Timal - Suarez","2","","94","","308,819","503,926"
"Mister V - Lambo","2","","121","","283,403","503,744"
"Gambi - FESTIVAL","1","","86","","503,698","503,698"
"Feder - Blame Me","3","","114","","183,808","503,623"
"RK - Bulma","1","","93","","503,517","503,517"
"RAYE - Click Clack Symphony.","1","","150","","503,322","503,322"
"Nej - Dernière fois","1","","121","","503,242","503,242"
"The Weeknd - Alone Again","1","","74","","502,939","502,939"
"Kaaris - Tout est prêt","1","","97","","502,826","502,826"
"Niro - Parti de rien","1","","104","","502,751","502,751"
"Jul - Je suis pas comme toi","1","","161","","502,594","502,594"
"DTF - Funky Drugs","1","","92","","502,180","502,180"
"Djadja & Dinaz - Palace","2","","92","","319,407","501,926"
"Royal & the Serpent - Wasteland (from the series Arcane League of Legends)","1","","159","","501,683","501,683"
"Jul - Ha ha ha","1","","105","","501,559","501,559"
"Jul - No remords","1","","161","","501,364","501,364"
"Vald - Je t'aime","3","","78","","228,270","501,224"
"SDM - 2sang43","1","","112","","501,199","501,199"
"Drake - Emotionless","1","","58","","501,179","501,179"
"Lacrim - Miami","1","","59","","500,983","500,983"
"Booba - PRT","1","","100","","500,723","500,723"
"The Weeknd - Niagara Falls","1","","135","","500,311","500,311"
"Dinos - Interlude","1","","111","","500,280","500,280"
"Nekfeu - Etre humain","10","","68","","96,538","499,954"
"Michael Bublé - Winter Wonderland","1","","181","","499,568","499,568"
"Lil Dicky - Earth","2","","185","","255,416","499,545"
"Lacrim - Pardon mama","1","","60","","499,367","499,367"
"Ziak - Le crime parfait","1","","114","","499,328","499,328"
"Mister V - Cendrillon","2","","58","","352,812","499,272"
"Travis Scott - PARASAIL","1","","121","","498,970","498,970"
"One Direction - Infinity","6","","40","","146,758","498,934"
"Dua Lipa - These Walls","1","","134","","498,790","498,790"
"RK - Like This","1","","95","","498,152","498,152"
"Amir - Carrousel","2","","188","","253,238","497,889"
"AM - Histoire de","2","","62","","323,604","497,877"
"Shay - Shooter","1","","120","","497,806","497,806"
"Zkr - Sang froid","1","","88","","497,457","497,457"
"Djadja & Dinaz - Meuf mortelle","2","","96","","314,661","497,238"
"KeBlack - Complètemment sonné","2","","94","","284,512","497,213"
"Heuss L'enfoiré - Vhr","1","","124","","497,129","497,129"
"Kanye West - Praise God","1","","77","","497,029","497,029"
"Linkin Park - IGYEIH","1","","147","","496,923","496,923"
"Kekra - Trop tard","1","","117","","496,920","496,920"
"Jul - Tant pis pour toi","1","","80","","496,905","496,905"
"Sofiane - Zidane","1","","74","","496,762","496,762"
"Tayc - Je vous ai menti","1","","146","","496,752","496,752"
"The Weeknd - Dawn FM","1","","93","","496,681","496,681"
"PLK - La vraie vie","1","","125","","496,355","496,355"
"Ariana Grande - don't wanna break up again","1","","121","","496,233","496,233"
"Future - Low Life","6","","122","","93,126","495,851"
"L.E.J - Hip Hop Mash Up","7","","101","","85,189","495,394"
"The Weeknd - Best Friends","1","","95","","495,065","495,065"
"La Fève - BIGLAF","1","","135","","494,972","494,972"
"Jul - Je fais mon tour","1","","88","","494,862","494,862"
"menace Santana - Fanm Sé Dyab","1","","143","","494,802","494,802"
"Elton John - Step Into Christmas","1","","186","","494,558","494,558"
"Wejdene - Indifférent","1","","101","","494,315","494,315"
"Orelsan - Tout va bien (Remix)","1","","58","","494,085","494,085"
"BTS - Merry Go Round","1","","169","","494,077","494,077"
"21 Savage - a lot","2","","188","","254,578","493,940"
"DA Uzi - Soirées des cités","1","","72","","493,732","493,732"
"La Rvfleuze - TCHOURAYE","1","","162","","493,732","493,732"
"Zamdane - Alouette","1","","133","","493,598","493,598"
"Alkpote - Cicatrices","1","","80","","493,373","493,373"
"Ptite Soeur - HANK J.","1","","157","","493,371","493,371"
"SCH - Murcielago","4","","53","","209,108","493,236"
"Against The Current - Runaway","5","","62","","148,714","492,895"
"Post Malone - Paranoid","2","","90","","313,732","492,759"
"Hornet La Frappe - Plus fort","1","","104","","492,455","492,455"
"Aya Nakamura - Haut niveau","1","","119","","492,366","492,366"
"Tayc - B O N & M A U V A I S","1","","101","","492,267","492,267"
"Lacrim - Dracula","1","","89","","491,875","491,875"
"The Weeknd - Here We Go… Again","1","","97","","491,859","491,859"
"Kaaris - Comme un refrain","1","","69","","491,837","491,837"
"Drake - Calling For You","1","","114","","491,573","491,573"
"L'Algérino - Les 4 fantastiques","2","","120","","283,971","491,459"
"Marshmello - Alone","2","","192","","246,446","491,196"
"Népal - Sundance","1","","76","","490,751","490,751"
"Jul - Le jaloux","2","","103","","316,394","490,520"
"Drake - No Friends In The Industry","1","","82","","490,221","490,221"
"Skrillex - Purple Lamborghini","6","","144","","86,739","490,219"
"Kendrick Lamar - dodger blue","1","","165","","489,883","489,883"
"GIMS - C'EST QUOI L'DEL","1","","82","","489,861","489,861"
"Josman - La Danse de la Joie","1","","88","","489,716","489,716"
"Lynda - Fini d'espérer","1","","98","","489,302","489,302"
"The Weeknd - Scared To Live","1","","78","","489,000","489,000"
"KATSEYE - PINKY UP","1","","170","","488,999","488,999"
"RK - Comme à l'ancienne","1","","97","","488,975","488,975"
"YL - Elle me ment","2","","92","","311,664","488,917"
"Naps - Le p'tit marseillais","1","","80","","488,819","488,819"
"Sayfalse - LOS VOLTAJE","1","","176","","488,685","488,685"
"Leto - Vibes","1","","88","","488,659","488,659"
"Josman - SLOPPY TOPPY","1","","153","","488,585","488,585"
"Kerchak - Ferrero","1","","99","","488,544","488,544"
"Kaaris - Benz","3","","66","","219,891","488,148"
"Niro - Papa fait le pitre","1","","109","","487,719","487,719"
"YL - Favelas","2","","94","","309,459","487,566"
"Aya Nakamura - Baby Boy","1","","163","","487,541","487,541"
"Michael Jackson - Thriller","1","","162","","487,103","487,103"
"Jul - I'm sorry","1","","170","","486,981","486,981"
"GIMS - JETEZ PAS L'OEIL","1","","75","","486,779","486,779"
"Werenoi - Rude Boy","1","","142","","486,484","486,484"
"Ikaz Boi - J'SAVAIS","1","","112","","486,400","486,400"
"Youssoupha - DIEU EST GRANDE","1","","126","","486,355","486,355"
"Jul - Ça tombe pas du ciel","1","","85","","486,231","486,231"
"Niska - Alexander","1","","160","","486,228","486,228"
"Drake - Falling Back","1","","89","","486,168","486,168"
"Landy - Skalape","2","","184","","243,573","486,077"
"Kaaris - Automatic","1","","121","","485,972","485,972"
"Djadja & Dinaz - En Bas","1","","161","","485,770","485,770"
"ZZ - SANTA BARBARA","1","","168","","485,716","485,716"
"Djadja & Dinaz - Je m'isole","4","","123","","198,027","485,321"
"Naps - RSQ3","1","","145","","485,172","485,172"
"Bigflo & Oli - Booba","1","","90","","485,108","485,108"
"Travis Scott - LOOOVE","1","","128","","485,099","485,099"
"Marwa Loud - Attillo","2","","91","","303,790","485,036"
"YG - Go Loko","2","","180","","257,365","484,913"
"DA Uzi - Pleine lune","1","","74","","484,532","484,532"
"Roméo Elvis - Intro","1","","87","","484,432","484,432"
"Metro Boomin - Superhero (Heroes & Villains) [with Future & Chris Brown]","1","","119","","483,705","483,705"
"Aya Nakamura - Le goût","1","","124","","483,607","483,607"
"PLK - Intr100000","1","","90","","483,561","483,561"
"Kaaris - J'suis perché","3","","74","","208,313","483,334"
"C2C - Happy","17","","19","","41,083","482,694"
"Tyla - SHE DID IT AGAIN","1","","171","","482,505","482,505"
"Nemo - The Code","1","","140","","482,495","482,495"
"Dadju - Épouse-moi","1","","148","","481,990","481,990"
"David Guetta - Shot me Down","11","","34","","59,125","481,780"
"Trey Songz - Na Na","8","","41","","66,414","481,557"
"DA Uzi - Tommy Shelby","1","","75","","481,478","481,478"
"Gianni - Requin","1","","169","","481,307","481,307"
"The Weeknd - Take Me Back To LA","1","","149","","480,888","480,888"
"menace Santana - FREDDY KRUEGER","1","","113","","480,882","480,882"
"La Fève - NOSTALGIE INTERLUDE","1","","166","","480,501","480,501"
"Nick Jonas - Jealous","14","","61","","64,747","480,444"
"Rilès - Don't Cry My Love","1","","164","","480,374","480,374"
"Carbonne - Bene","1","","184","","480,167","480,167"
"Marwa Loud - Remontada","2","","92","","299,009","479,936"
"Vald - Blauwburgval","1","","173","","479,604","479,604"
"MØ - Kamikaze","6","","65","","115,234","479,512"
"Kaaris - King Von","1","","100","","479,220","479,220"
"Louane - Santa Claus Is Coming To Town","1","","194","","479,187","479,187"
"Maes - La Moto","1","","144","","479,148","479,148"
"Dadi - Bah Ouais - Nouvelle Ecole","1","","128","","478,514","478,514"
"Post Malone - Spoil My Night","2","","106","","296,375","478,374"
"GIMS - Monica","1","","158","","478,155","478,155"
"Timal - Jeunes et ambitieux","1","","81","","478,010","478,010"
"Chappell Roan - The Subway","1","","150","","477,639","477,639"
"Zkr - Y'a trop","1","","77","","477,494","477,494"
"Jul - Tout ce qu'il faut","1","","128","","477,452","477,452"
"SCH - Mauvaises idées","7","","106","","84,600","477,352"
"Nekfeu - Jeux d'ombres","9","","63","","100,733","477,131"
"Booba - Walabok","4","","38","","210,799","476,472"
"Pop Smoke - 44 BullDog","1","","89","","476,448","476,448"
"Souf - Mi Amor","6","","143","","85,567","475,957"
"Adele - Strangers By Nature","1","","106","","475,900","475,900"
"Djadja & Dinaz - Intro","1","","132","","475,895","475,895"
"Josman - PLATINUM SNIPER","1","","161","","475,292","475,292"
"Le classico organisé - Barrio","1","","96","","475,126","475,126"
"Maes - SEVRAN B","1","","151","","475,021","475,021"
"Tiakola - MANON B","1","","166","","474,720","474,720"
"Dadju - Une semaine pour oublier...","1","","154","","474,682","474,682"
"La Fouine - Première fois","1","","93","","474,672","474,672"
"Dr. Dre - The Next Episode","22","","150","","40,188","474,615"
"Jul - Cette fois","1","","125","","474,556","474,556"
"Rsko - Boussole","1","","178","","474,511","474,511"
"Leto - Franklin Saint","1","","92","","474,493","474,493"
"Leto - Gangsta","1","","108","","474,320","474,320"
"Hornet La Frappe - T'as géchan","2","","79","","315,224","474,213"
"DA Uzi - Laisse tomber","1","","78","","473,850","473,850"
"Jul - Wesh alors le deum","1","","191","","473,714","473,714"
"Pierre Garnier - Pas une larme","1","","178","","473,596","473,596"
"TIF - MINUIT D'APRÈS","1","","176","","473,565","473,565"
"Frank Sinatra - Jingle Bells - Remastered 1999","1","","198","","473,509","473,509"
"Michael Jackson - Dirty Diana - 2012 Remaster","1","","174","","472,983","472,983"
"The Weeknd - I Can't Wait To Get There","1","","154","","472,971","472,971"
"DA Uzi - En avance","1","","79","","472,834","472,834"
"Sofiane - Windsor","1","","81","","472,798","472,798"
"OBOY - Aqua86","1","","92","","472,641","472,641"
"Maes - La Honda","1","","146","","472,478","472,478"
"Timal - La maille","1","","94","","472,314","472,314"
"menace Santana - Into The Dark","1","","120","","471,497","471,497"
"Luv Resval - Hyrule","1","","113","","471,242","471,242"
"Kaaris - Guedro","1","","107","","471,242","471,242"
"mikeeysmind - Papaoutai - Afro Soul","1","","165","","471,167","471,167"
"DA Uzi - Culiacan","1","","80","","471,165","471,165"
"Zed - Critical","1","","101","","471,018","471,018"
"Richie Beats - Sommet","1","","97","","471,017","471,017"
"Kekra - Torts","1","","131","","470,903","470,903"
"GIMS - T'es partie","2","","107","","292,733","470,874"
"SativaMusic - Si Si","1","","148","","470,803","470,803"
"DA Uzi - En +","1","","81","","470,532","470,532"
"Timal - 10 ans d’âge","1","","140","","470,248","470,248"
"ScHoolboy Q - X","2","","110","","263,549","470,098"
"Beyoncé - JOLENE","1","","135","","469,863","469,863"
"PLK - Temps perdu","1","","94","","469,771","469,771"
"Jazzy Bazz - Memoria","1","","93","","469,468","469,468"
"Hatik - à la mélanie","1","","87","","469,310","469,310"
"Drake - Pussy & Millions","1","","123","","469,168","469,168"
"Travis Scott - LOST FOREVER","1","","134","","469,025","469,025"
"Deorro - Five More Hours","12","","117","","56,325","468,837"
"The Weeknd - Too Late","1","","83","","468,764","468,764"
"PLK - 1€ / 1Eu","1","","144","","468,708","468,708"
"Kekra - Je pouvais","1","","135","","468,701","468,701"
"Guy2Bezbar - Oyaya","1","","175","","468,679","468,679"
"Naps - Mektoub","2","","98","","289,348","468,387"
"Ziak - Camion de glace","1","","143","","468,340","468,340"
"Johnny Hallyday - Marie","1","","44","","468,221","468,221"
"Jul - MacBook","1","","100","","468,203","468,203"
"Future - Type Shit","1","","130","","468,149","468,149"
"menace Santana - Belek mS","1","","122","","468,020","468,020"
"Jul - Non-stop","1","","187","","467,985","467,985"
"Vald - Si j'arrêtais","3","","90","","209,932","467,873"
"Ziak - Ambiance vandale","1","","125","","467,114","467,114"
"Star Academy - Unforgettable","1","","141","","467,020","467,020"
"Hornet La Frappe - Galère après galère","1","","113","","466,927","466,927"
"GIMS - SAN GOKU","1","","157","","466,854","466,854"
"Hamza - Gang Activity","1","","72","","466,472","466,472"
"Makassy - Doucement (Radio Edit)","7","","52","","86,930","466,416"
"Wejdene - Souvenir","1","","109","","466,386","466,386"
"Drake - Fountains","1","","86","","466,371","466,371"
"ROSALÍA - Porcelana","1","","191","","466,229","466,229"
"Josman - New Hares (Same Sh!t)","1","","71","","466,040","466,040"
"Luther - MOSSY COBBLESTONE","1","","143","","466,005","466,005"
"Jul - Imagine","3","","121","","179,992","465,951"
"Naps - Bogota","1","","102","","465,763","465,763"
"Jul - Je m'en fous de tout","1","","149","","465,659","465,659"
"4Keus - Moula","2","","91","","278,330","465,650"
"Jul - Mon sucre d'amour","1","","150","","465,477","465,477"
"Pop Smoke - Got It On Me","1","","96","","465,462","465,462"
"Roméo Elvis - Viseur","1","","94","","465,039","465,039"
"GIMS - PROSECCO","1","","170","","464,995","464,995"
"Zkr - Freestyle 5min #12","1","","109","","464,985","464,985"
"Michael Jackson - Rock with You - Single Version","1","","177","","464,907","464,907"
"Luther - uet","1","","111","","464,823","464,823"
"K.S.A - super swishstyle 2","1","","138","","464,727","464,727"
"Calvin Harris - Under Control","12","","20","","54,923","464,617"
"Werenoi - Balkans","1","","174","","464,318","464,318"
"Josman - L'EAU (Part. II)","1","","168","","464,313","464,313"
"Niro - 50 euros","1","","118","","464,027","464,027"
"Niska - GSD","1","","110","","464,012","464,012"
"Adele - I Drink Wine","1","","114","","463,795","463,795"
"THEODORT - Heureusement...","1","","169","","463,741","463,741"
"Black Cat - CDG","1","","194","","463,725","463,725"
"Ziak - Mauvais jour","1","","130","","463,647","463,647"
"GIMS - PENDEJO","1","","88","","463,531","463,531"
"Jul - U pistulettu","1","","121","","463,365","463,365"
"David Guetta - Titanium","19","","49","","29,543","463,088"
"Jul - Où on va ?","1","","161","","462,845","462,845"
"Maes - PAF","1","","191","","462,602","462,602"
"menace Santana - Halloween","1","","123","","462,534","462,534"
"Blasterjaxx - Unfaithful","1","","193","","462,520","462,520"
"Marwa Loud - Tu peux parier","2","","103","","279,514","462,263"
"Jul - Ratata","1","","99","","462,106","462,106"
"Soolking - CNLZ","1","","85","","461,988","461,988"
"ANOTR - Talk To You","1","","178","","461,964","461,964"
"Hatik - Bazar","1","","155","","461,732","461,732"
"Dosseh - Djamel","1","","112","","461,623","461,623"
"Drake - Knife Talk","1","","88","","461,567","461,567"
"Naâman - Karma","1","","159","","461,505","461,505"
"Freeze corleone - SADIO RIYAD","1","","96","","461,283","461,283"
"RK - Chaque jour","1","","106","","461,201","461,201"
"Jul - Perché","1","","123","","461,066","461,066"
"Werenoi - Oméga","1","","177","","460,920","460,920"
"Tyler, The Creator - Sugar On My Tongue","1","","169","","460,830","460,830"
"Rever - 4x4 merco","1","","137","","460,812","460,812"
"Niska - Nueve","1","","112","","460,561","460,561"
"Niro - Avant de partir","3","","121","","183,084","460,560"
"Taylor Swift - Guilty as Sin?","1","","157","","460,517","460,517"
"Céline Dion - Hymne à l'amour (Live aux Jeux Olympiques de Paris 2024 / Live from the Olympic Games Paris 2024)","1","","160","","460,467","460,467"
"PLK - RS3","1","","99","","460,285","460,285"
"Djadja & Dinaz - Ma zone","5","","80","","122,312","460,177"
"Dosseh - La vie de Cesar","1","","114","","459,952","459,952"
"GAULOIS - PARANO","1","","188","","459,753","459,753"
"GIMS - Corazón","2","","122","","272,160","459,414"
"BTS - FAKE LOVE","2","","92","","273,615","459,336"
"Felix Jaehn - Bonfire","6","","161","","81,140","459,231"
"Bigflo & Oli - Trust Myself","1","","101","","458,936","458,936"
"Bigflo & Oli - Aujourd'hui","11","","86","","66,659","458,556"
"Rihanna - Where Have You Been","1","","183","","458,541","458,541"
"Rsko - SINCÈRE","1","","182","","458,400","458,400"
"Heuss L'enfoiré - BX Land 6","1","","88","","458,331","458,331"
"DENZO - La sacoche","1","","87","","458,089","458,089"
"Koba LaD - Freestyle BMF #2","1","","165","","458,045","458,045"
"MXZI - MONTAGEM TOMADA","1","","190","","457,970","457,970"
"La Fève - RIP DOLPH","1","","181","","457,968","457,968"
"Silk City - Electricity","2","","183","","236,009","457,935"
"Houari - Tana","1","","181","","457,899","457,899"
"Johnny Hallyday - J'en parlerai au diable","1","","73","","457,859","457,859"
"Luther - JOURNAL DE QUÊTES","1","","151","","457,752","457,752"
"Mayo - Bectance","1","","137","","457,627","457,627"
"YL - Oublie-moi","2","","108","","286,746","457,301"
"TIF - Hélas","1","","156","","457,162","457,162"
"Gradur - Sauvage","1","","101","","457,117","457,117"
"Beyoncé - BODYGUARD","1","","140","","456,989","456,989"
"Chily - Ye yo","1","","100","","456,952","456,952"
"menace Santana - 1809","1","","125","","456,765","456,765"
"Drake - Pain 1993","1","","57","","456,672","456,672"
"Jul - La solitudine","1","","195","","456,635","456,635"
"Mister You - Œil pour œil","5","","147","","108,932","456,585"
"Ptite Soeur - 100 000 LUMEN","1","","183","","456,481","456,481"
"Drake - Major Distribution","1","","129","","456,393","456,393"
"Jul - On sent pas les coups","1","","140","","456,291","456,291"
"Future - We Don't Trust You","1","","139","","456,246","456,246"
"Doums - 90'","1","","105","","456,227","456,227"
"Jul - Un casse","1","","96","","456,074","456,074"
"Luv Resval - BIG Brother","1","","129","","455,998","455,998"
"Jok'air - Tour en ville","1","","131","","455,659","455,659"
"La Fouine - Légendes","1","","173","","455,651","455,651"
"Lady Gaga - Vanish Into You","1","","141","","455,520","455,520"
"Zkr - HLM","1","","83","","455,328","455,328"
"Djadja & Dinaz - La vie qu'on mène","5","","78","","122,972","455,311"
"Josman - Apple Pay","1","","113","","455,244","455,244"
"Ziak - Désolé","1","","133","","455,089","455,089"
"Hamza - Addiction","1","","68","","455,082","455,082"
"Ariana Grande - intro (end of the world)","1","","143","","455,051","455,051"
"RK - VNTR","1","","147","","455,015","455,015"
"Lil Baby - Drip Too Hard (Lil Baby & Gunna)","2","","169","","240,912","454,985"
"Ptite Soeur - SIXTH FLOOR","1","","185","","454,967","454,967"
"LISA - Rockstar","1","","172","","454,929","454,929"
"L2B - Cama/Sosa","1","","179","","454,871","454,871"
"Fridayy - Bezwen Ou","1","","150","","454,729","454,729"
"Zed - Mauvaise mine","1","","195","","454,689","454,689"
"Djadja & Dinaz - Gustavo","1","","182","","454,537","454,537"
"London Grammar - Strong","16","","50","","43,016","454,410"
"Katy Perry - Swish Swish","3","","115","","177,525","454,335"
"Tate McRae - TIT FOR TAT","1","","176","","454,261","454,261"
"1PLIKÉ140 - DOLCE VITA","1","","80","","454,118","454,118"
"Lacrim - Zizou","1","","105","","453,825","453,825"
"Jul - Dans le club","1","","97","","453,811","453,811"
"Kerchak - Nirvana","1","","178","","453,704","453,704"
"Jul - Je te voyais comme...","3","","101","","203,483","453,629"
"Booba - Talion","4","","43","","198,711","453,489"
"Jul - Uwa Ni Lé","1","","152","","453,397","453,397"
"Rimkus - Jour de paye","1","","92","","453,205","453,205"
"Kaza - HRTBRK #4","1","","99","","453,204","453,204"
"Arcane - I Can't Hear It Now - from the series Arcane League of Legends","1","","192","","453,149","453,149"
"PLK - *","1","","142","","453,040","453,040"
"Kalash Criminel - Sale boulot","1","","88","","452,920","452,920"
"Tarik Azzouz - STABILITÉ","1","","164","","452,820","452,820"
"Timal - Petit bateau","1","","87","","452,783","452,783"
"GP Explorer - Aléatoire","1","","189","","452,680","452,680"
"Maes - Bâtiment","1","","67","","452,674","452,674"
"Ptite Soeur - GEIGER COUNTER","1","","188","","452,627","452,627"
"Luther - PABO","1","","153","","452,566","452,566"
"Kekra - Dréel #HLM","1","","97","","452,312","452,312"
"Lacrim - Trabaja","1","","71","","452,221","452,221"
"W Sound - La Plena - W Sound 05","1","","185","","452,093","452,093"
"La Fève - OUTRO","1","","185","","451,981","451,981"
"Jul - Oh maman","1","","100","","451,933","451,933"
"Lossa - Genkidama","1","","181","","451,930","451,930"
"Kaaris - Le sang","3","","69","","216,122","451,887"
"Bigflo & Oli - Tant pis ou tant mieux","1","","105","","451,774","451,774"
"PLK - 10 Millions","1","","110","","451,751","451,751"
"JACKBOYS - GANG GANG","1","","92","","451,554","451,554"
"Jul - Grande","1","","109","","451,506","451,506"
"Angèle - Ta reine - Version orchestrale","1","","91","","451,503","451,503"
"13 Block - Kobe","1","","92","","451,494","451,494"
"Ed Sheeran - Eraser","2","","55","","294,901","451,481"
"Ariana Grande - twilight zone","1","","181","","451,454","451,454"
"Gradur - Pour la vie","1","","104","","451,124","451,124"
"Jul - Je suis en train de serrer","1","","200","","451,123","451,123"
"PLK - TT","1","","100","","450,964","450,964"
"Drake - Free Smoke","2","","70","","273,639","450,806"
"Niska - Corleone","1","","116","","450,791","450,791"
"Timal - Trop chaud","2","","116","","277,055","450,776"
"SDM - Le temps","1","","139","","450,597","450,597"
"R2 - Mood","1","","172","","450,445","450,445"
"Kaaris - Douane","1","","83","","450,435","450,435"
"DTF - Je vois","1","","93","","450,407","450,407"
"Joé Dwèt Filé - Molo","1","","151","","450,381","450,381"
"Djadja & Dinaz - J'viens d'là","1","","188","","450,276","450,276"
"Kendrick Lamar - PRIDE.","2","","58","","302,538","450,205"
"Hornet La Frappe - Poukie","2","","88","","298,078","450,133"
"Kekra - Realest #HLM","1","","75","","449,920","449,920"
"Freeze corleone - OLIVINE","1","","97","","449,675","449,675"
"La Fève - DJ","1","","186","","449,633","449,633"
"Bad Bunny - LA MuDANZA","1","","180","","449,519","449,519"
"Daft Punk - Doin' it Right","11","","13","","101,844","449,437"
"PLK - Une pêche une patate","1","","154","","449,397","449,397"
"Lacrim - Ocean Drive","1","","137","","449,152","449,152"
"Naza - On va","1","","186","","448,951","448,951"
"GIMS - Hasta Luego - Pilule Bleue","7","","54","","102,278","448,951"
"Naza - Cristalline","1","","192","","448,868","448,868"
"La Zarra - Évidemment","1","","142","","448,815","448,815"
"Drake - Pop Style","4","","87","","119,989","448,749"
"Zkr - L'argent du Qatar","1","","98","","448,652","448,652"
"Dosseh - Macabre","1","","152","","448,449","448,449"
"Fakear - Animal","7","","123","","77,840","447,939"
"Maes - Outro (Maes / Pure)","1","","69","","447,860","447,860"
"Pop Smoke - Yea Yea","1","","105","","447,857","447,857"
"Laylow - VAMONOS","1","","102","","447,765","447,765"
"Jul - Ça rêve","2","","76","","279,617","447,760"
"Jazzy Bazz - Coeur, Conscience","1","","96","","447,641","447,641"
"13 Block - Aminata","1","","93","","447,361","447,361"
"Ella Fitzgerald - Let It Snow! Let It Snow! Let It Snow!","4","","87","","186,465","447,294"
"Kekra - Disconnect","1","","144","","447,183","447,183"
"Jul - Carnalito","3","","103","","202,140","447,017"
"Tiakola - STATION","1","","186","","446,683","446,683"
"Kalash Criminel - Cougar gang","2","","194","","223,914","446,665"
"Naps - Ma Bella","2","","115","","257,853","446,433"
"Kanye West - Selah","1","","99","","446,363","446,363"
"Jul - Je le savais","1","","130","","446,359","446,359"
"Beyoncé - ALIEN SUPERSTAR","1","","103","","446,253","446,253"
"Jul - Boulevard des problèmes","1","","139","","446,239","446,239"
"Upsilone - Everytime We Touch","1","","159","","446,219","446,219"
"Soolking - Sel3a","1","","107","","446,207","446,207"
"Billy Gillies - DNA (Loving You)","1","","122","","446,137","446,137"
"Josman - MATEUS","1","","187","","446,029","446,029"
"Sadek - Drive By","1","","96","","445,681","445,681"
"Niska - Squaad","1","","118","","445,513","445,513"
"Kalash Criminel - Aucun lien","1","","62","","445,388","445,388"
"Calvin Harris - Feel So Close","17","","23","","36,861","445,306"
"TK - On vas s'oublier","1","","191","","445,177","445,177"
"Rounhaa - LOVE DEATH ROBOTS","1","","158","","445,164","445,164"
"Gazo - PARKINSON","1","","89","","445,120","445,120"
"21 Savage - redrum","1","","123","","444,832","444,832"
"Naps - Ma belleuh","1","","122","","444,744","444,744"
"will.i.am - #thatPOWER","13","","15","","46,492","444,631"
"Benash - Coco","3","","119","","190,436","444,625"
"menace Santana - Freestyle CovIIId","1","","175","","444,321","444,321"
"Tyler, The Creator - Noid","1","","191","","444,217","444,217"
"SCH - Météore","2","","76","","304,867","444,165"
"Zkr - UFC","1","","101","","444,065","444,065"
"PLK - Mon poto","1","","157","","444,036","444,036"
"Taylor Swift - Maroon","1","","116","","443,905","443,905"
"Josman - Le Crapaud","1","","192","","443,855","443,855"
"Tiakola - HUMAN WEAKNESS","1","","164","","443,843","443,843"
"AMK - G-Life","1","","184","","443,818","443,818"
"Mig - Bouge ton boule","1","","118","","443,817","443,817"
"Kekra - Jeune voyou","1","","104","","443,680","443,680"
"Alpha 5.20 - Crépuscule des empires","1","","97","","443,611","443,611"
"Jul - Y'a la police","1","","104","","443,599","443,599"
"Tiakola - P&LOVÉ","1","","165","","443,532","443,532"
"RnBoi - HELENA","1","","200","","443,492","443,492"
"Ziak - Zulu","1","","168","","443,490","443,490"
"Heuss L'enfoiré - 2014","1","","147","","443,461","443,461"
"A Great Big World - Say Something","10","","24","","53,774","443,162"
"Leto - PSO BOP","1","","131","","443,002","443,002"
"Bigflo & Oli - Mytho","5","","65","","137,668","442,918"
"Martin Garrix - Don't Look Down","10","","82","","73,591","442,732"
"RK - God Bless","1","","148","","442,657","442,657"
"Dadju - Victoria Secret","1","","176","","442,459","442,459"
"Roméo Elvis - Chaud","1","","62","","442,333","442,333"
"Kalash Criminel - Coltan","1","","64","","442,331","442,331"
"Lacrim - Senor de los Gallos","1","","142","","442,235","442,235"
"Kendrick Lamar - YAH.","2","","61","","298,907","442,232"
"L2B - Only","1","","194","","441,965","441,965"
"Josman - B!tch","1","","103","","441,660","441,660"
"Ninho - Christopher Wallace","1","","153","","441,101","441,101"
"K.Maro - Femme Like U","1","","174","","441,008","441,008"
"Hamza - Spider","1","","80","","440,858","440,858"
"ASHE 22 - Milli","1","","123","","440,826","440,826"
"Alonzo - Terrain","2","","67","","272,804","440,678"
"Booba - Pablo","1","","111","","440,534","440,534"
"Koba LaD - O.G","1","","99","","440,133","440,133"
"Harry Styles - Music For a Sushi Restaurant","1","","101","","439,903","439,903"
"Yaro - Les étoiles","1","","119","","439,899","439,899"
"WarEnd - PLAGE ENNEIGEE","1","","168","","439,847","439,847"
"Jok'air - Comme tu es","1","","84","","439,788","439,788"
"Shay - Jolie","1","","71","","439,782","439,782"
"PLK - Le P","1","","105","","439,695","439,695"
"SCH - Temps mort","2","","79","","295,109","439,528"
"ElGrandeToto - DELLALI","1","","121","","439,519","439,519"
"Kendrick Lamar - gloria","1","","197","","439,464","439,464"
"Sofia Karlberg - Crazy in Love","9","","56","","71,888","439,306"
"Lartiste - Pas le choix","1","","100","","439,227","439,227"
"Luv Resval - Céleste","1","","139","","439,102","439,102"
"Guy2Bezbar - Baltimore","1","","119","","439,061","439,061"
"Roméo Elvis - 3 Etoiles","1","","102","","438,991","438,991"
"J9ueve - ON SE PARLE PLUS MAINTENANT","1","","139","","438,901","438,901"
"Taylor Swift - You're On Your Own, Kid","1","","119","","438,866","438,866"
"Soso Maness - Va jober","1","","129","","438,827","438,827"
"Hamza - Torino","1","","81","","438,821","438,821"
"Jul - Full Option","2","","74","","282,120","438,782"
"Playboi Carti - PHILLY","1","","162","","438,592","438,592"
"Drake - Pipe Down","1","","97","","438,458","438,458"
"Coldplay - Yellow","1","","181","","438,382","438,382"
"Kalash Criminel - Tarifs","1","","96","","438,286","438,286"
"The Weeknd - Starry Eyes","1","","112","","438,197","438,197"
"Hamza - Mucho Love","2","","100","","269,768","438,118"
"The Dø - Trustful Hands","11","","98","","50,656","437,628"
"Ed Sheeran - What Do I Know?","2","","66","","262,768","437,559"
"Maes - HERMÈS","1","","191","","437,543","437,543"
"Maes - Particulière","1","","73","","437,425","437,425"
"Jul - Je sais ce que je vaux","3","","107","","198,050","437,373"
"Népal - Trajectoire","1","","91","","437,356","437,356"
"a6el - Mauvaise tête","1","","190","","437,317","437,317"
"DJ Snake - Noventa","1","","196","","437,052","437,052"
"RK - Mains sales","1","","109","","436,843","436,843"
"Bigflo & Oli - Bons élèves","1","","111","","436,825","436,825"
"Mig - A la mode","1","","123","","436,819","436,819"
"Jul - Zubrowska","1","","117","","436,816","436,816"
"Gambi - CÔTE D’AZUR","1","","110","","436,770","436,770"
"Metro Boomin - Too Many Nights","1","","144","","436,726","436,726"
"Gambi - BIENVENUE","1","","111","","436,639","436,639"
"Gradur - Billets","1","","111","","436,570","436,570"
"Wejdene - Vie d'a","1","","117","","436,530","436,530"
"Soso Maness - Fils de voyou","1","","96","","436,477","436,477"
"Heuss L'enfoiré - Adios","1","","153","","436,242","436,242"
"CAZZETTE - Sleepless","7","","40","","69,707","436,230"
"RK - Hood","1","","110","","436,143","436,143"
"menace Santana - Uncensored","1","","179","","436,010","436,010"
"Damso - Autotune","5","","115","","112,440","435,906"
"Luther - uSQUAD","1","","173","","435,895","435,895"
"Roméo Elvis - Défoncé","1","","63","","435,885","435,885"
"Nej - Pourquoi pas","1","","128","","435,684","435,684"
"RK - B.O.S.S","1","","111","","435,579","435,579"
"Squeezie - Tout","1","","119","","435,318","435,318"
"Taylor Swift - Midnight Rain","1","","122","","435,181","435,181"
"Zkr - Baby Glock","1","","164","","435,103","435,103"
"Bigflo & Oli - C'est que du rap","1","","67","","435,088","435,088"
"Luther - ROUGE GORON","1","","174","","435,071","435,071"
"Gambi - LA VIE EST BELLE","1","","113","","435,043","435,043"
"Jul - Qui sait","2","","78","","279,228","435,011"
"JENNIE - Handlebars","1","","156","","434,882","434,882"
"Kalash Criminel - Ca va ma chérie","1","","69","","434,724","434,724"
"Timal - Notif","1","","91","","434,634","434,634"
"L2B - Touché Coulé","1","","168","","434,356","434,356"
"Miley Cyrus - River","1","","169","","433,963","433,963"
"Bruno Mars - Grenade","1","","193","","433,952","433,952"
"Larry - En bas","1","","124","","433,632","433,632"
"Maes - Manon","1","","170","","433,597","433,597"
"Bramsito - Faut pas négliger","2","","142","","239,914","433,444"
"Kaaris - Balistique","1","","121","","433,271","433,271"
"La Fève - SAOULÉ","1","","123","","433,204","433,204"
"Ziak - La zalousie (Interlude)","1","","114","","433,176","433,176"
"Michael Jackson - Bad - 2012 Remaster","1","","200","","433,088","433,088"
"Heuss L'enfoiré - Culiacán","1","","173","","432,883","432,883"
"Franglish - Red Flag","1","","178","","432,868","432,868"
"Josman - Interdit (Interlude)","1","","106","","432,723","432,723"
"Jul - Power","1","","158","","432,459","432,459"
"Elephanz - Maryland","2","","183","","228,643","432,253"
"MMZ - Laisse les parler","2","","80","","281,018","432,246"
"L'Algérino - Hola","2","","136","","248,653","432,131"
"TK - Monoï Paillettes","1","","199","","432,055","432,055"
"Travis Scott - ESCAPE PLAN","1","","105","","431,937","431,937"
"Luv Resval - Beethoven","1","","145","","431,887","431,887"
"Aya Nakamura - Dis-moi","1","","200","","431,597","431,597"
"Pop Smoke - Make It Rain","1","","112","","431,453","431,453"
"Leto - Mec de la rue","1","","75","","431,270","431,270"
"Guizmo - Pas du même monde","2","","148","","229,414","431,015"
"Joé Dwèt Filé - Slowly","1","","175","","430,984","430,984"
"Kaaris - Fiché S","1","","123","","430,762","430,762"
"Mig - La beuh","1","","125","","430,664","430,664"
"Rohff - Persona non Grata","1","","66","","430,643","430,643"
"Tujamo - Riverside (Reloaded)","2","","140","","231,222","430,640"
"SCH - La nuit","2","","78","","299,500","430,582"
"Djadja & Dinaz - Les crocs","2","","76","","265,061","430,565"
"K.Maro - Femme Like U - Tribute 2024 Remix by W.A.N.O","1","","183","","430,303","430,303"
"Lorenzo - Les poissons dans la mer","1","","148","","430,283","430,283"
"RK - Rock n Puff","1","","116","","430,214","430,214"
"Jul - La Sacem à Madonna","1","","150","","429,996","429,996"
"Mig - Trafic","1","","126","","429,932","429,932"
"Jul - Pourquoi tu mens ?","1","","124","","429,921","429,921"
"Ofenbach - feelings don't lie","1","","168","","429,881","429,881"
"Bear's Den - Elysium","14","","89","","42,992","429,812"
"Childish Gambino - Summertime Magic","2","","145","","233,359","429,768"
"La Fève - DANS MA TÊTE","1","","171","","429,406","429,406"
"Dadju - KING","1","","94","","429,404","429,404"
"Jul - Ciro","5","","113","","113,298","429,132"
"Niska - Solo","1","","133","","429,063","429,063"
"Timal - Sales idées","1","","95","","428,965","428,965"
"21 Savage - n.h.i.e.","1","","133","","428,937","428,937"
"SLK - Vie de Bandit","1","","138","","428,758","428,758"
"Zkr - Safari","1","","125","","428,742","428,742"
"Lacrim - American Gangster","1","","151","","428,365","428,365"
"Naps - Sun Valley - Extrait de l'album SEGPA","1","","107","","428,351","428,351"
"Lacrim - CORLEONE II","1","","160","","428,234","428,234"
"Drake - Amen","1","","141","","427,962","427,962"
"menace Santana - MaDrug ?","1","","141","","427,861","427,861"
"menace Santana - Le Cauchemar Continue","1","","142","","427,798","427,798"
"Bad Bunny - BOKeTE","1","","177","","427,326","427,326"
"Benash - Cardi B","2","","106","","250,872","427,311"
"Ariana Grande - needy","1","","86","","427,264","427,264"
"Jul - Je suis pas fou","3","","113","","190,176","427,189"
"KAROL G - LATINA FOREVA","1","","195","","426,970","426,970"
"Harry Styles - Matilda","1","","109","","426,904","426,904"
"Lil Wayne - Mona Lisa","1","","93","","426,757","426,757"
"Kendrick Lamar - N95","1","","110","","426,719","426,719"
"Lujipeka - Lala","1","","139","","426,594","426,594"
"Ninho - Mode S Plus","1","","161","","426,430","426,430"
"Sofiane - XIII","1","","95","","426,339","426,339"
"Jul - Vendetta","2","","84","","266,915","426,325"
"Hamza - Hara-Kiri","1","","85","","426,281","426,281"
"DJ Kayz - Masterclass","1","","101","","426,256","426,256"
"Kima - No makeup","1","","174","","426,058","426,058"
"Helena - Gentil Garçon","1","","171","","426,001","426,001"
"Vald - YAX3","1","","64","","425,976","425,976"
"Hornet La Frappe - Mon ex","2","","99","","274,105","425,955"
"Laylow - TRINITYVILLE","1","","107","","425,946","425,946"
"Imagine Dragons - Nice to Meet You","1","","197","","425,940","425,940"
"Christophe - Les Mots Bleus","1","","79","","425,934","425,934"
"DA Uzi - Du passé au futur","1","","97","","425,826","425,826"
"Luther - T3","1","","187","","425,810","425,810"
"Kanye West - Closed On Sunday","1","","107","","425,482","425,482"
"BatBat - Dembele Yamal","1","","190","","425,291","425,291"
"Odetari - KEEP UP","1","","196","","425,071","425,071"
"Edward Sharpe & The Magnetic Zeros - Home","19","","45","","27,604","425,048"
"Alonzo - La paix n'a pas de prix","2","","77","","264,223","424,688"
"La Fève - ETC","1","","178","","424,676","424,676"
"Booba - Charbon","4","","54","","172,548","424,581"
"Kaaris - Le bruit de mon âme","11","","53","","73,797","424,486"
"Kekra - Dubaï","1","","92","","424,397","424,397"
"Smeels - Benefice","1","","126","","424,332","424,332"
"S.Pri Noir - Kawasaki","1","","166","","424,202","424,202"
"Drake - Gently","1","","142","","424,142","424,142"
"Kanye West - On God","1","","109","","424,008","424,008"
"Dinos - AMARU","1","","115","","423,552","423,552"
"Naps - Le fruit de mon époque","1","","137","","423,326","423,326"
"Klingande - Jubel - Original Mix","7","","31","","64,782","423,180"
"Nakama - DIA DELÍCIA","1","","199","","423,172","423,172"
"Taylor Swift - Fresh Out The Slammer","1","","187","","423,057","423,057"
"Landy - Chaque jour","1","","148","","422,809","422,809"
"Ariana Grande - bloodline","1","","88","","422,700","422,700"
"Tayc - S U I S - M O I","1","","126","","422,613","422,613"
"Leto - Drill Papers","1","","82","","422,292","422,292"
"Kaaris - T’étais où","3","","82","","189,395","422,286"
"Luidji - Télefoot","1","","165","","422,196","422,196"
"Hamza - Blue Crystal","1","","76","","422,077","422,077"
"Green Montana - dashboard","1","","177","","421,919","421,919"
"Jazzy Bazz - Nouvelle 3.14","1","","108","","421,858","421,858"
"David Guetta - Play Hard","15","","22","","34,972","421,687"
"Jul - Cassage de nuques, pt. 3","1","","115","","421,664","421,664"
"Dinos - El Pichichi","1","","90","","421,580","421,580"
"Sofiane - Bout de papier","1","","98","","421,480","421,480"
"Kid Cudi - Show Out","1","","89","","421,456","421,456"
"Booba - G-Love","10","","74","","58,913","421,363"
"Kanye West - God Breathed","1","","93","","421,344","421,344"
"Beyoncé - AMERIICAN REQUIEM","1","","166","","421,047","421,047"
"Dinos - On meurt bientôt","1","","118","","421,028","421,028"
"Shay - Commando","1","","147","","420,975","420,975"
"Kalash Criminel - Savage","1","","73","","420,783","420,783"
"Mister V - Bonobo (Bonus Track)","2","","77","","301,193","420,773"
"Yeat - If We Being Rëal","1","","182","","420,743","420,743"
"Amine Farsi - FRAUDE","1","","115","","420,675","420,675"
"RK - 4:17","1","","122","","420,667","420,667"
"Rachel Platten - Fight Song","9","","109","","61,494","420,322"
"Kalash Criminel - Doute","1","","100","","420,145","420,145"
"DVBBS - Tsunami","11","","16","","45,304","420,066"
"Lartiste - Bang Bang","12","","126","","52,176","419,589"
"PNL - J'vends","5","","69","","118,080","419,219"
"Franglish - Big Drip","1","","102","","419,125","419,125"
"Luther - SEUIL","1","","193","","419,052","419,052"
"Moubarak - Dolce Vita","1","","179","","418,953","418,953"
"RK - Penelope","1","","124","","418,761","418,761"
"Martin Solveig - Intoxicated","7","","62","","73,064","418,711"
"SDM - Sang40","1","","156","","418,682","418,682"
"Amir - On dirait","4","","179","","112,678","418,583"
"Jul - Mon top model","1","","171","","418,583","418,583"
"Future - Cinderella","1","","164","","418,292","418,292"
"Future - We Still Don't Trust You","1","","186","","418,153","418,153"
"Kaaris - Bope","1","","119","","418,102","418,102"
"Jul - Du jour au lendemain","5","","98","","107,681","417,982"
"Naps - Poropop","1","","110","","417,896","417,896"
"Josman - Hasta el Cielo","1","","114","","417,828","417,828"
"Adele - Cry Your Heart Out","1","","127","","417,723","417,723"
"13 Block - Où je vais","1","","93","","417,717","417,717"
"Drake - Get It Together","2","","97","","232,703","417,637"
"SCH - Interlude - Beretta 92FS","1","","86","","417,557","417,557"
"Diana Ross - Upside Down","1","","179","","417,444","417,444"
"Bizarrap - MHD: Bzrp Music Sessions, Vol. 44","1","","111","","417,229","417,229"
"Kaza - HRTBRK #7","1","","132","","416,701","416,701"
"RK - Avant que je me couche","1","","114","","416,690","416,690"
"SDM - File de gauche","1","","158","","416,624","416,624"
"Anne-Marie - Alarm","5","","156","","87,168","416,618"
"Kaaris - Big Riska","1","","120","","416,522","416,522"
"Jul - Nine","1","","153","","416,275","416,275"
"Post Malone - I Had Some Help (Feat. Morgan Wallen)","1","","191","","416,180","416,180"
"Metro Boomin - Raindrops (Insane) [with Travis Scott]","1","","159","","416,009","416,009"
"Zkr - The wire","1","","105","","415,922","415,922"
"Sadek - 9 milli","2","","144","","220,800","415,826"
"Gradur - Priez pour moi","9","","32","","110,467","415,676"
"Gambi - ILS ONT PÉTÉ","1","","159","","415,559","415,559"
"Stavo - COMMERCE","1","","185","","415,469","415,469"
"Gazo - CACHE COU","1","","98","","415,226","415,226"
"Brulux - Léger gui","1","","107","","415,202","415,202"
"Marine - Ma faute (Démo 2022)","1","","195","","415,202","415,202"
"Gradur - Voyou","1","","110","","415,198","415,198"
"Green Montana - saudade","1","","178","","415,130","415,130"
"Taylor Swift - loml","1","","193","","415,122","415,122"
"Niro - Mon amour ma musique","1","","200","","415,078","415,078"
"The Weeknd - I Heard You’re Married","1","","121","","415,071","415,071"
"Playboi Carti - MOJO JOJO","1","","182","","415,042","415,042"
"Dosseh - Demain j’arrête","1","","140","","414,935","414,935"
"Landy - A1","1","","165","","414,906","414,906"
"RK - Tard le soir","1","","115","","414,772","414,772"
"Nehuda - Paradise - French Version","4","","81","","123,364","414,569"
"Bigflo & Oli - La familia","1","","120","","414,554","414,554"
"Cheat Codes - No Promises","3","","151","","153,495","414,552"
"Bad Bunny - PIToRRO DE COCO","1","","190","","414,395","414,395"
"Låpsley - Hurt Me (2015)","6","","118","","85,871","413,665"
"Kendrick Lamar - XXX. FEAT. U2.","2","","70","","271,640","413,585"
"Ed Sheeran - Antisocial","1","","85","","413,357","413,357"
"Jazzy Bazz - Zone 19","1","","114","","413,301","413,301"
"DTF - Mon gamos","1","","117","","413,294","413,294"
"Booba - Téléphone","1","","113","","413,266","413,266"
"Zkr - Bah oé","1","","108","","413,265","413,265"
"SANTA - Dis-moi oui","1","","194","","413,232","413,232"
"Kendrick Lamar - FEEL.","2","","66","","286,197","413,174"
"Jul - Va te faire foutre","2","","85","","265,982","413,150"
"YL - On fait l’mal","1","","83","","413,037","413,037"
"Booba - Pablo","1","","117","","412,713","412,713"
"KIK - NANCY","2","","171","","211,004","412,611"
"DA Uzi - F.L.P","1","","106","","412,534","412,534"
"DTF - On ira où ?","1","","118","","412,485","412,485"
"Lacrim - Sam & Driss","1","","124","","412,414","412,414"
"Tate McRae - Revolving door","1","","175","","412,338","412,338"
"menace Santana - 45 Seconds","1","","151","","412,308","412,308"
"6ix9ine - MAMA","1","","78","","412,135","412,135"
"menace Santana - Sans fin !","1","","148","","412,081","412,081"
"Jul - N'oublie pas tes métaux","1","","157","","411,977","411,977"
"Kekra - Glock 18","1","","166","","411,952","411,952"
"Leto - Double Bang 9","1","","98","","411,815","411,815"
"Gambi - MERCI LA HESS","1","","119","","411,741","411,741"
"Kalash Criminel - Piano sombre","3","","169","","155,314","411,369"
"Doums - South London","1","","122","","411,260","411,260"
"PNL - Je vis je visser","4","","130","","261,266","411,257"
"Billie Eilish - hotline (edit)","1","","186","","410,912","410,912"
"So La Lune - Suspects","1","","180","","410,899","410,899"
"Willy William - On s'endort","6","","167","","73,466","410,834"
"DTF - J'hésite","1","","119","","410,787","410,787"
"Landy - Mental","1","","154","","410,528","410,528"
"Leto - Vovo","1","","139","","410,512","410,512"
"Rim'K - Prototype","1","","89","","410,501","410,501"
"Jul - À la cité","2","","86","","264,718","410,471"
"Drake - Madiba Riddim","2","","95","","233,784","410,450"
"Drake - Jimmy Cooks","1","","121","","410,416","410,416"
"Soso Maness - Clair-obscur","1","","108","","409,921","409,921"
"Møme - Hold On","5","","161","","86,236","409,800"
"Lacrim - FUGAZI","1","","178","","409,711","409,711"
"Landy - Papi Chulo","1","","135","","409,709","409,709"
"Playboi Carti - BACKD00R","1","","186","","409,611","409,611"
"Soolking - HLM","1","","80","","409,327","409,327"
"Sofiane - Jesuispasséchezso: Episode 10","3","","131","","153,009","409,045"
"Lefa - Chloroquine","1","","121","","408,993","408,993"
"PNL - Mexico","5","","72","","114,280","408,950"
"Aya Nakamura - Bloqué","1","","170","","408,943","408,943"
"Kaaris - BORZ","1","","162","","408,855","408,855"
"Zaho - En bas d'chez moi","1","","97","","408,840","408,840"
"Negrito - Karma","1","","136","","408,837","408,837"
"Tayc - H A D J A","1","","133","","408,783","408,783"
"Roméo Elvis - Dis-moi","1","","111","","408,783","408,783"
"Jul - La frappe de Tanger","1","","164","","408,653","408,653"
"Green Montana - PAPIERS","1","","98","","408,310","408,310"
"Kaaris - 2 bigos","3","","87","","187,165","408,171"
"Rim'K - Hood","1","","90","","408,031","408,031"
"Lomepal - Tout lâcher - Colors Session","2","","134","","211,794","407,594"
"Jul - Première League","1","","154","","407,476","407,476"
"Lil Uzi Vert - What You Saying","1","","200","","407,236","407,236"
"Jul - Fréquenter","1","","121","","407,230","407,230"
"Jul - Maison Margiela","1","","165","","407,182","407,182"
"1PLIKÉ140 - EST-CE QUE T’ASSUMES ?","1","","96","","407,155","407,155"
"Soso Maness - Sur la tête de mon ex","1","","110","","407,125","407,125"
"Benab - Faya","1","","99","","407,077","407,077"
"Kalash Criminel - A dix","1","","76","","406,506","406,506"
"Kanye West - Believe What I Say","1","","101","","406,424","406,424"
"Hamza - Le même sort","1","","82","","406,366","406,366"
"TK - La nourrice","1","","197","","406,307","406,307"
"Niro - Jamais de nous","1","","153","","405,914","405,914"
"Mig - Dans ma tête","1","","146","","405,782","405,782"
"Central Cee - GBP","1","","185","","405,774","405,774"
"Lacrim - Adjida","1","","94","","405,726","405,726"
"RK - Lola - Version acoustique","1","","171","","405,523","405,523"
"Naps - Tu connais les bails","1","","124","","405,484","405,484"
"Gazo - INTRO","1","","105","","405,471","405,471"
"Lacrim - Kounti","1","","95","","405,461","405,461"
"SCH - Intro - Le déluge","1","","88","","405,438","405,438"
"1PLIKÉ140 - BELEK","1","","125","","405,368","405,368"
"Leto - TITANIC","1","","192","","405,362","405,362"
"Meghan Trainor - Dear Future Husband","9","","105","","51,065","405,313"
"Hornet La Frappe - Joe Dassin","1","","92","","405,218","405,218"
"Drake - Search & Rescue","1","","143","","405,187","405,187"
"Drake - Yebba’s Heartbreak","1","","108","","405,102","405,102"
"Kodes - N.I.A","1","","153","","405,028","405,028"
"Kyo - Dernière danse","1","","194","","404,769","404,769"
"Superbus - Butterfly","1","","198","","404,567","404,567"
"Kalash Criminel - Shooter","1","","110","","404,540","404,540"
"Ed Sheeran - Supermarket Flowers","2","","74","","247,860","404,424"
"DTF - Business Now","1","","108","","404,369","404,369"
"Kalash Criminel - J'oublie pas","1","","111","","403,861","403,861"
"Zaho - On s'fait du mal","1","","144","","403,806","403,806"
"Alonzo - CIAO LA FRANCE","1","","122","","403,643","403,643"
"Pirate - Sweety","1","","141","","403,540","403,540"
"The Weeknd - A Tale By Quincy","1","","126","","402,996","402,996"
"Demi Lovato - Body Say","4","","137","","116,137","402,976"
"Alex Hepburn - Under","13","","19","","42,404","402,942"
"S-Crew - Nés pour mener","4","","74","","153,996","402,909"
"Pop Smoke - Tell The Vision","1","","108","","402,649","402,649"
"Drake - Fear Of Heights","1","","154","","402,337","402,337"
"The Chainsmokers - Somebody","2","","155","","226,799","402,326"
"Favé - IL LE FALLAIT","1","","144","","402,219","402,219"
"Travis Scott - CAROUSEL","1","","61","","402,217","402,217"
"Mig - Jamais fini","1","","151","","402,048","402,048"
"RÆVE - The Sweetest Sin","5","","151","","84,447","401,793"
"Kanye West - Moon","1","","102","","401,680","401,680"
"21 Savage - née-nah","1","","152","","401,557","401,557"
"Kanye West - Jonah","1","","103","","401,511","401,511"
"Kanye West - Everything We Need","1","","114","","401,469","401,469"
"Elton John - I'm Still Standing","1","","196","","401,448","401,448"
"Guts - Want It Back","16","","69","","49,521","401,341"
"Landy - Sicario","1","","175","","401,270","401,270"
"Dosseh - Smooth Criminel","1","","153","","400,995","400,995"
"Soso Maness - Réveiller","1","","112","","400,912","400,912"
"Niaks - Donna","1","","156","","400,774","400,774"
"ZAYN - Still Got Time","3","","170","","140,831","400,764"
"Travis Scott - MAFIA","1","","116","","400,756","400,756"
"JACKBOYS - WHAT TO DO?","1","","111","","400,419","400,419"
"Ziak - Halla","1","","177","","400,387","400,387"
"RK - Clap clap","1","","146","","400,158","400,158"
"Harry Styles - Little Freak","1","","124","","400,141","400,141"
"Shay - Santa Fe (Bad Gyal)","1","","179","","400,141","400,141"
"Ariana Grande - i wish i hated you","1","","180","","400,059","400,059"
"Kery James - Musique nègre","4","","121","","112,687","399,852"
"S-Crew - C’est pas un film","4","","80","","144,571","399,542"
"Leto - Tchapalo","1","","133","","399,303","399,303"
"Pop Smoke - Creature","1","","133","","399,229","399,229"
"Hamza - AMG Technology","1","","92","","399,160","399,160"
"JADED - In the Morning","2","","104","","210,737","399,109"
"Daft Punk - Touch","8","1","9","","117,703","399,077"
"Jul - Survêt du Milan","2","","93","","247,829","399,062"
"Werenoi - Ordinateur","1","","148","","398,987","398,987"
"Roméo Elvis - Kuneditdoen","1","","115","","398,857","398,857"
"Roméo Elvis - La Belgique Afrique","1","","117","","398,759","398,759"
"Moha La Squale - Ma fable","2","","136","","215,312","398,721"
"Eminem - Believe","1","","54","","398,637","398,637"
"Ed Sheeran - Barcelona","2","","82","","238,840","398,448"
"Kid Cudi - Tequila Shots","1","","100","","398,403","398,403"
"P!nk - Whatever You Want","2","","148","","205,595","398,360"
"DTF - Avec le cœur","1","","110","","398,201","398,201"
"Djadja & Dinaz - J'veux plus les voir","2","","87","","246,128","398,149"
"Luv Resval - Jeune Vador","1","","152","","398,080","398,080"
"Rim'K - Confiance","1","","93","","398,078","398,078"
"Landy - Vaudou","1","","176","","397,983","397,983"
"Monsieur Nov - Dernier je t'aime","1","","180","","397,926","397,926"
"Soft Cell - Tainted Love","1","","182","","397,900","397,900"
"DTF - Wey","1","","123","","397,666","397,666"
"Laylow - MEGATRON","1","","118","","397,639","397,639"
"Drake - Daylight","1","","158","","397,457","397,457"
"Freeze corleone - BILLETS","1","","122","","397,124","397,124"
"Kaaris - Valhalla","1","","130","","397,085","397,085"
"Julien Doré - Paris-Seychelles","16","","21","","39,999","397,013"
"Zkr - Freestyle 5min #13","1","","155","","396,800","396,800"
"Ed Sheeran - Bibia Be Ye Ye","2","","79","","242,678","396,758"
"menace Santana - Il Était Une Fois","1","","160","","396,678","396,678"
"Moha La Squale - Rappelle-toi","2","","145","","206,838","396,586"
"Taylor Swift - Karma","1","","142","","396,473","396,473"
"Imen Es - Oui","1","","115","","396,308","396,308"
"L2B - Billionaire","1","","198","","396,162","396,162"
"Eminem - Darkness","1","","111","","396,132","396,132"
"The Weeknd - Snowchild","1","","107","","396,028","396,028"
"Zola - FINISH HIM","1","","188","","395,985","395,985"
"Lorenzo - Chic type","1","","174","","395,936","395,936"
"Soso Maness - Qu'est-ce qu'ils connaissent ?","1","","115","","395,902","395,902"
"PNL - Que la mif","5","","80","","100,978","395,837"
"Big Sean - Bounce Back","3","","143","","147,481","395,573"
"Leto - Près de la lune","1","","130","","395,344","395,344"
"Imen Es - La Go","1","","144","","395,005","395,005"
"Michou - Ma belle","1","","132","","395,004","395,004"
"Leto - Toute épreuve","1","","150","","394,795","394,795"
"Kalash Criminel - Plus loin","1","","78","","394,726","394,726"
"Soolking - Chica","1","","85","","394,671","394,671"
"Booba - Iste","1","","145","","394,657","394,657"
"Zamdane - Million","1","","200","","394,557","394,557"
"Miley Cyrus - Used To Be Young","1","","154","","394,468","394,468"
"Roméo Elvis - En silence","1","","119","","394,401","394,401"
"HOUDI - MODE HARDCORE","1","","157","","394,389","394,389"
"Kalash Criminel - Moments","1","","115","","394,354","394,354"
"Headie One - 22 Carats","1","","127","","394,013","394,013"
"Drake - Talk Up","1","","92","","393,984","393,984"
"Vegedream - Jusqu'ici tout va bien","1","","120","","393,807","393,807"
"Jazzy Bazz - D.ieu","1","","121","","393,470","393,470"
"Shay - Partie Hier","1","","188","","393,251","393,251"
"Lacrim - J'appelle Uber","1","","171","","393,127","393,127"
"Green Montana - 92i MAYBACH","1","","162","","393,091","393,091"
"Al Patch - DOUDOU","1","","102","","392,847","392,847"
"Jul - VNTM","1","","97","","392,733","392,733"
"Jul - Sur pépé","1","","98","","392,180","392,180"
"Naps - Ma best","1","","131","","391,897","391,897"
"Vald - FORFAIT","1","","166","","391,788","391,788"
"Dinos - 5711","1","","108","","391,712","391,712"
"Naps - Pour eux","1","","124","","391,710","391,710"
"Dosseh - Fleur d’Automne","1","","159","","391,651","391,651"
"Lacrim - Voyous","9","","69","","77,669","391,473"
"Landy - TPLF","1","","129","","391,288","391,288"
"The Weeknd - Hurt You","1","","60","","391,185","391,185"
"Zkr - Caractère","1","","116","","390,809","390,809"
"Kaaris - Bla-Bla","1","","115","","390,740","390,740"
"The Weeknd - Faith","1","","111","","390,681","390,681"
"SDM - 92i","1","","174","","390,595","390,595"
"Rae Sremmurd - No Type","11","","100","","45,055","390,549"
"Milky Chance - Living In A Haze","1","","189","","390,387","390,387"
"Rim'K - Pattaya - Bande originale du film ‘Pattaya’","5","","108","","90,937","390,383"
"Bruno Mars - Just the Way You Are","1","","198","","390,349","390,349"
"Naza - À gogo","2","","134","","221,905","390,278"
"Ziak - Cette vie","1","","184","","390,267","390,267"
"Jul - Dans la zon","1","","175","","390,223","390,223"
"Booba - Comme les autres","4","","59","","161,214","390,091"
"José González - Leaf Off / The Cave","19","","160","","41,269","389,802"
"Freeze corleone - INTRO","1","","123","","389,710","389,710"
"Sofiane - Monsieur Alexandre","1","","107","","389,709","389,709"
"MHD - La Moula","4","","70","","132,531","389,567"
"Kendrick Lamar - LUST.","2","","75","","263,655","389,560"
"Hamza - Mac & Cheese","1","","89","","389,433","389,433"
"Ed Sheeran - Nancy Mulligan","2","","87","","236,440","389,406"
"Ziak - La plage","1","","166","","389,232","389,232"
"Pop Smoke - Enjoy Yourself","1","","138","","389,192","389,192"
"Hornet La Frappe - G.M.","1","","137","","389,177","389,177"
"Calvin Harris - Open Wide","14","","123","","33,031","389,113"
"Shakin' Stevens - Merry Christmas Everyone","1","","172","","389,095","389,095"
"Jul - Le deum","1","","99","","389,038","389,038"
"Johnny Hallyday - Quelque chose de Tennessee","1","","67","","388,987","388,987"
"La Fouine - Bénédictions","1","","112","","388,968","388,968"
"Drake - Massive","1","","134","","388,877","388,877"
"Le classico organisé - Blindé comme un tank","1","","121","","388,833","388,833"
"DTF - Black Moon","1","","115","","388,582","388,582"
"Kaaris - Exo Planète","1","","87","","388,553","388,553"
"Sadek - Aller-retour","1","","105","","388,503","388,503"
"Taylor Swift - Vigilante Shit","1","","148","","388,401","388,401"
"Jen Jis - Keep Us Apart","2","","143","","218,453","388,164"
"Daft Punk - Within","8","1","10","","117,302","388,104"
"D.A.V - ParoVie","1","","118","","387,947","387,947"
"Kaaris - Five O","1","","183","","387,879","387,879"
"Ziak - Pourquoi","1","","171","","387,826","387,826"
"Dinos - Deïdo","1","","134","","387,470","387,470"
"Lorenzo - La Fantômerie","1","","182","","387,413","387,413"
"Le classico organisé - Je me sens seul","1","","122","","387,410","387,410"
"Burna Boy - Cheat On Me","1","","160","","387,367","387,367"
"Zkr - Señora","1","","125","","387,320","387,320"
"Britney Spears - Work B**ch","13","","27","","36,588","387,132"
"PLK - Interlude * * *","1","","199","","387,074","387,074"
"Laylow - LONGUE VIE...","1","","127","","386,946","386,946"
"Gringe - Jusqu'où elle m'aime","1","","90","","386,526","386,526"
"Vald - C'est pas nous les méchants","1","","125","","386,364","386,364"
"Ninho - Griot","1","","195","","386,195","386,195"
"Madame Monsieur - Mercy","2","","122","","231,846","386,148"
"Zkr - Là-bas","1","","121","","385,976","385,976"
"Kaza - La vie de rêve","1","","129","","385,818","385,818"
"GIMS - APRÈS-VOUS MADAME","1","","156","","385,611","385,611"
"Tayc - B L A C K C A R D","1","","143","","385,582","385,582"
"AlunaGeorge - I'm In Control","5","","154","","80,357","385,570"
"Kekra - Spend that","1","","186","","385,562","385,562"
"Jul - Collé au mic","1","","134","","385,317","385,317"
"Nahir - Périphérique","1","","179","","385,204","385,204"
"LXNGVX - Montagem Mysterious Game","1","","200","","384,855","384,855"
"Kalash Criminel - On fait la fête","1","","82","","384,615","384,615"
"Gradur - Atlanta","1","","132","","384,581","384,581"
"Vald - Eurotrap","3","","119","","174,362","384,479"
"Nej - Irréel - Intro","1","","158","","384,325","384,325"
"Eminem - Survival","10","","12","","60,318","384,300"
"Bigflo & Oli - Trèfle","1","","135","","384,153","384,153"
"The Weeknd - Escape From LA","1","","113","","384,098","384,098"
"Rim'K - Cheval blanc","1","","99","","384,055","384,055"
"DJ Hamida - Déconnectés","8","","36","","72,074","383,971"
"Future - Young Metro","1","","197","","383,914","383,914"
"RK - V2V","1","","125","","383,838","383,838"
"PLK - Le sel","1","","124","","383,600","383,600"
"Ariana Grande - NASA","1","","105","","383,526","383,526"
"Benab - Ça suffit pas","1","","101","","383,361","383,361"
"Or Noir - Ouais igo - Extrait de la BO de ""Or Noir""","1","","116","","383,216","383,216"
"The Weeknd - Don’t Break My Heart","1","","140","","383,161","383,161"
"Dinos - FMR","1","","115","","383,033","383,033"
"GIMS - OATS","1","","124","","382,891","382,891"
"Helena - Aimée pour de vrai","1","","195","","382,705","382,705"
"Kekra - Saoulé","1","","134","","382,595","382,595"
"Sasso - C'est ma vie","1","","96","","382,563","382,563"
"Drake - 7969 Santa","1","","170","","382,459","382,459"
"Don Toliver - Had Enough","1","","114","","382,194","382,194"
"Hooss - Barrio","2","","147","","209,392","382,118"
"Ronisia - Téco","1","","138","","381,811","381,811"
"Martin Solveig - Do It Right","5","","154","","82,111","381,332"
"Le classico organisé - Zone à risque","1","","124","","381,216","381,216"
"Bigflo & Oli - Ça va beaucoup trop vite","1","","138","","380,999","380,999"
"Le classico organisé - Amour et paix","1","","125","","380,988","380,988"
"Mentissa - Le bruit du silence","1","","200","","380,971","380,971"
"Kalash Criminel - Death Note","1","","120","","380,942","380,942"
"Fresh laDouille - Voltaire","1","","154","","380,841","380,841"
"Sadek - Boulot","1","","185","","380,794","380,794"
"Carpenters - Sleigh Ride","1","","182","","380,678","380,678"
"PENOMECO - BOLO","1","","198","","380,528","380,528"
"Drake - 7am On Bridle Path","1","","118","","380,411","380,411"
"Guirri Mafia - Comme un dream","1","","137","","380,386","380,386"
"Timal - Navré","1","","112","","380,101","380,101"
"Kaza - Sincère","1","","130","","380,017","380,017"
"Alan Savas - Mezzo","6","","38","","75,038","379,828"
"Alonzo - Dernière fois","1","","116","","379,794","379,794"
"Justin Bieber - Forever","1","","120","","379,613","379,613"
"DTF - La base","1","","130","","379,285","379,285"
"Naps - Fortuné","1","","125","","379,279","379,279"
"Guy2Bezbar - Ca va commencer ici","1","","147","","379,139","379,139"
"Le classico organisé - Ghettoïsé","1","","127","","379,106","379,106"
"21 Savage - Runnin","1","","136","","379,098","379,098"
"Lil Nas X - SCOOP","1","","126","","378,966","378,966"
"Drake - Race My Mind","1","","119","","378,771","378,771"
"Malto - Je serai le président de tous les Français","1","","195","","378,735","378,735"
"Pop Smoke - Bad Bitch From Tokyo (Intro)","1","","146","","378,645","378,645"
"Ed Sheeran - Hearts Don't Break Around Here","2","","81","","239,615","378,559"
"Hamza - Nobu","1","","112","","378,491","378,491"
"Dosseh - Vidalossa","1","","82","","378,358","378,358"
"Kaaris - Rafaler","1","","127","","378,257","378,257"
"Drake - On BS","1","","173","","378,181","378,181"
"One Direction - Story of My Life","10","","26","","48,530","378,143"
"Pop Smoke - AP - Music from the film Boogie","1","","117","","378,134","378,134"
"OBOY - FAST FAST","1","","174","","377,960","377,960"
"Rohff - Antibiotique","1","","178","","377,679","377,679"
"13 Block - Akira","1","","128","","377,612","377,612"
"DTF - Paraît-il","1","","164","","377,554","377,554"
"Cinco - Gangsta","1","","100","","377,456","377,456"
"Jul - Ça mange la barre","1","","138","","377,375","377,375"
"Laylow - LOGICIEL TRISTE","1","","134","","377,356","377,356"
"Gringe - Retourne d'où tu viens","1","","94","","377,073","377,073"
"Nicki Minaj - Only","13","","130","","32,354","376,819"
"Doja Cat - Agora Hills","1","","182","","376,612","376,612"
"Kaaris - Tous les jours","1","","142","","376,577","376,577"
"Gradur - Sheguey 13","1","","103","","376,521","376,521"
"Laylow - HILLZ","1","","135","","376,480","376,480"
"Metro Boomin - Calling (Spider-Man: Across the Spider-Verse) (Metro Boomin & Swae Lee, NAV, feat. A Boogie Wit da Hoodie)","1","","197","","376,475","376,475"
"Ariana Grande - fake smile","1","","110","","376,452","376,452"
"Leto - Tu déconnes","1","","124","","376,326","376,326"
"Leto - Ze Pequeno","1","","168","","376,039","376,039"
"Shawn Mendes - Youth feat. Khalid","2","","164","","193,104","376,033"
"Dinos - Prends mes lovés","1","","119","","375,956","375,956"
"Kaaris - Zoo","1","","192","","375,952","375,952"
"DJ Hamida - Dayni daini","1","","140","","375,911","375,911"
"DTF - Dans la zone","1","","133","","375,892","375,892"
"Ziak - Rappel des faits","1","","184","","375,780","375,780"
"Sofiane - Des malades","1","","119","","375,648","375,648"
"Petit Biscuit - Problems","2","","152","","191,646","375,583"
"BLACKPINK - Lovesick Girls","1","","137","","375,442","375,442"
"Kaaris - Hallyday","1","","120","","375,352","375,352"
"Alonzo - Reste tranquille","3","","52","","183,395","375,318"
"Calema - Onde Anda - French Version","1","","189","","375,308","375,308"
"Ariana Grande - imperfect for you","1","","198","","375,097","375,097"
"Adele - To Be Loved","1","","149","","374,928","374,928"
"Harry Styles - Daylight","1","","139","","374,869","374,869"
"Rim'K - ADN","1","","106","","374,751","374,751"
"DTF - Sauvage","1","","124","","374,577","374,577"
"Beyoncé - I'M THAT GIRL","1","","135","","374,524","374,524"
"Zkr - Si tu voulais","1","","132","","374,423","374,423"
"Shy'm - L'Effet de serre","11","","68","","52,057","374,361"
"L'Algérino - On va où","1","","104","","374,091","374,091"
"13 Block - Heps ou Plata","1","","132","","374,061","374,061"
"13 Block - Les dodanes","1","","133","","374,055","374,055"
"DA Uzi - Berline","1","","125","","374,012","374,012"
"DTF - Kira","1","","134","","373,946","373,946"
"Bigflo & Oli - Gangsta","14","","152","","52,784","373,848"
"Pop Smoke - Something Special","1","","149","","373,847","373,847"
"Eva - Amour Impur","1","","145","","373,721","373,721"
"MZ - On shoot","4","","134","","103,357","373,680"
"Drake - Gyalchester","2","","119","","205,794","373,618"
"Post Malone - I Like You (A Happier Song)","1","","151","","373,487","373,487"
"Taylor Swift - Question...?","1","","157","","373,355","373,355"
"Kekra - Ici","1","","137","","373,326","373,326"
"Sofiane - C'est la loi","1","","118","","373,099","373,099"
"Gradur - Rolling Stones","1","","138","","373,020","373,020"
"1PLIKÉ140 - OMBRE","1","","146","","373,007","373,007"
"Naps - Vito","1","","130","","372,766","372,766"
"Lacrim - Billets en l’air","8","","58","","84,484","372,645"
"Abou Debeing - mes défauts","2","","192","","186,509","372,550"
"Laylow - POIZON","1","","136","","372,536","372,536"
"Ricchi E Poveri - Sarà perché ti amo","1","","194","","372,472","372,472"
"Djadja & Dinaz - J'ai pas dormi de la nuit","2","","101","","225,833","372,049"
"Mae Stephens - If We Ever Broke Up","1","","172","","372,003","372,003"
"A$AP Rocky - Everyday","9","","64","","76,149","371,949"
"Larry - Tieks","1","","140","","371,909","371,909"
"Nick Jonas - Bom Bidi Bom","2","","108","","199,113","371,860"
"Kalash Criminel - Elle est gang","1","","125","","371,631","371,631"
"Binks Beatz - Dennis Rodman","1","","150","","371,522","371,522"
"Jul - Dans la cour","1","","183","","371,470","371,470"
"Alonzo - Elvira","2","","102","","220,525","371,465"
"Pop Smoke - Woo Baby","1","","121","","371,238","371,238"
"Rihanna - Umbrella","1","","170","","371,155","371,155"
"BLACKPINK - Typa Girl","1","","151","","370,823","370,823"
"Lacrim - Fugazi","1","","112","","370,777","370,777"
"blondette - let it snow","1","","152","","370,697","370,697"
"Drake - No Long Talk","2","","99","","230,678","370,604"
"Travis Scott - FRANCHISE","1","","141","","370,520","370,520"
"Beyoncé - ENERGY","1","","138","","370,495","370,495"
"Larry - Cocaina","1","","141","","370,456","370,456"
"Jessie J - Flashlight","11","","117","","56,611","370,419"
"RK - No no","1","","127","","370,415","370,415"
"The Kid LAROI - TOO MUCH","1","","175","","370,257","370,257"
"Kanye West - Ok Ok","1","","109","","370,221","370,221"
"Jul - Bobo au corazon","1","","198","","370,187","370,187"
"Hamza - Deep Inside","1","","97","","370,088","370,088"
"Kaza - Certifié Toxic","1","","116","","369,684","369,684"
"Soolking - Gucci","1","","98","","369,453","369,453"
"Mr. Probz - Nothing Really Matters","11","","87","","41,744","369,329"
"Vald - SHOW","1","","188","","369,233","369,233"
"Alonzo - Jupiter","3","","53","","183,164","369,109"
"Olivia Rodrigo - Can’t Catch Me Now - from The Hunger Games: The Ballad of Songbirds & Snakes","1","","172","","369,107","369,107"
"Hollysiz - Rather Than Talking","2","","156","","189,324","369,064"
"Guy2Bezbar - HELLO","1","","176","","368,926","368,926"
"Jul - Bé","1","","186","","368,661","368,661"
"Guy2Bezbar - Prada","1","","152","","368,656","368,656"
"Gringe - Paradis noir","1","","99","","368,556","368,556"
"Daft Punk - The Game of Love","7","1","8","","122,341","368,493"
"A$AP Rocky - A$AP Forever","2","","169","","197,757","368,416"
"Drake - Circo Loco","1","","179","","368,373","368,373"
"Lil Wayne - Don't Cry","1","","114","","368,334","368,334"
"Jul - La vie de rêve","1","","187","","368,160","368,160"
"Lana Del Rey - Brooklyn Baby","9","","35","","75,223","368,095"
"GLK - Pas le choix","1","","109","","368,024","368,024"
"Sofiane - I.R.F","1","","121","","367,908","367,908"
"Benab - Harira","1","","113","","367,869","367,869"
"Jazzy Bazz - P-Town Blues","1","","137","","367,845","367,845"
"Jul - J'm'en bats les couilles","1","","142","","367,791","367,791"
"ISK - Vérité 4","1","","145","","367,719","367,719"
"Lacrim - Kadyrov","1","","143","","367,684","367,684"
"Nahir - Claro que sì","1","","129","","367,542","367,542"
"Roméo Elvis - Perdu","1","","130","","367,263","367,263"
"Olivia Rodrigo - get him back!","1","","180","","367,213","367,213"
"Ninho - Malcolm","3","","122","","144,051","367,211"
"Harry Styles - Love Of My Life","1","","144","","366,922","366,922"
"KAROL G - CAIRO","1","","182","","366,883","366,883"
"Gazo - INHUMAIN","1","","121","","366,543","366,543"
"Ziak - You Know","1","","145","","366,542","366,542"
"Bebe Rexha - One in a Million","1","","164","","366,507","366,507"
"Niro - After","1","","123","","366,473","366,473"
"Suikon Blaz AD - Dis moi tout BB","1","","83","","366,417","366,417"
"XXXTENTACION - Guardian angel","1","","112","","366,294","366,294"
"Hamza - Meilleur","1","","100","","366,181","366,181"
"Timal - Roulette russe","1","","119","","366,113","366,113"
"SCH - Essuie tes larmes","3","","61","","186,260","366,077"
"RAYE - Escapism. - Sped Up","1","","162","","366,044","366,044"
"Soso Maness - J'aimerais tellement te dire","1","","126","","365,708","365,708"
"Columbine - Age d'or","1","","117","","365,576","365,576"
"Favé - + de sous","1","","165","","365,460","365,460"
"DTF - S'en aller","1","","125","","365,363","365,363"
"Chily - Bébé Na Bébé","1","","134","","365,221","365,221"
"DA Uzi - Génération 90","1","","110","","365,200","365,200"
"Black Eyed Peas - Simply The Best","1","","165","","365,186","365,186"
"Irma - Hear Me Out","14","","133","","32,948","365,105"
"Harry Styles - Grapejuice","1","","148","","364,921","364,921"
"BTS - Black Swan","1","","119","","364,846","364,846"
"Eminem - Guts Over Fear","11","","46","","66,658","364,839"
"USKY - Rétina","1","","177","","364,770","364,770"
"Olly Murs - Wrapped Up","8","","64","","56,881","364,749"
"Sofiane - Traumatisé","1","","124","","364,693","364,693"
"Tayc - Vous deux","1","","131","","364,647","364,647"
"Eminem - Normal","1","","77","","364,646","364,646"
"Travis Scott - STOP TRYING TO BE GOD","1","","65","","364,575","364,575"
"Don Diablo - Cutting Shapes","3","","180","","126,666","364,468"
"Mister V - Vettel","1","","112","","364,353","364,353"
"Lacrim - Le petit Nicolas","1","","145","","364,263","364,263"
"Christine and the Queens - Damn, dis-moi","2","","158","","186,232","364,094"
"Taylor Swift - Is It Over Now? (Taylor's Version) (From The Vault)","1","","170","","364,087","364,087"
"Dosseh - Mode S","1","","176","","364,075","364,075"
"Mig - La chance","1","","175","","364,075","364,075"
"Ninho - M.I.L.S","3","","93","","162,291","364,023"
"Eminem - You Gon’ Learn","1","","122","","363,921","363,921"
"Daughter - Youth","8","","164","","91,905","363,863"
"Bramsito - CV","1","","178","","363,574","363,574"
"GIMS - GROSSE BLETA","1","","135","","363,573","363,573"
"Zkr - Vie dure","1","","133","","363,524","363,524"
"Johnny Hallyday - Sang pour sang","1","","72","","363,381","363,381"
"DTF - G.A.G","1","","162","","363,168","363,168"
"Calvin Harris - Over Now","1","","145","","363,159","363,159"
"YG Pablo - Jodeci","1","","185","","363,046","363,046"
"PNL - Dans ta rue","5","","84","","96,982","362,919"
"Columbine - Virgin Suicide","1","","119","","362,846","362,846"
"YL - 3min6","1","","109","","362,715","362,715"
"Stray Kids - LALALALA","1","","175","","362,560","362,560"
"Djadja & Dinaz - Sous tension","1","","119","","362,547","362,547"
"Bigflo & Oli - Trop tard","2","","89","","219,517","362,459"
"Kalash - Mode avion","2","","142","","195,762","362,409"
"Lacrim - Tiguere 3 (Freestyle)","1","","95","","362,260","362,260"
"Niro - Mon temps","1","","122","","362,075","362,075"
"Lana Del Rey - Say Yes To Heaven","1","","197","","361,969","361,969"
"Coldplay - Let Somebody Go","1","","121","","361,958","361,958"
"4Keus - Sportback","1","","147","","361,824","361,824"
"Mister You - Reste Trankil","1","","166","","361,765","361,765"
"OMI - Cheerleader - Felix Jaehn vs Salaam Remi Remix","2","","36","","182,177","361,631"
"Bruno Mars - Smokin Out The Window","1","","144","","361,618","361,618"
"UZI - Intro","1","","119","","361,617","361,617"
"Bigflo & Oli - Une belle chanson","1","","151","","361,617","361,617"
"Columbine - Labo photo","1","","120","","361,543","361,543"
"Jasmine Thompson - Ain't Nobody (Loves Me Better) - Acoustic","5","","146","","76,043","361,505"
"Djadja & Dinaz - Ganja","1","","129","","361,497","361,497"
"Metro Boomin - Niagara Falls (Foot or 2) [with Travis Scott & 21 Savage]","1","","198","","361,492","361,492"
"Laylow - PIRANHA BABY","1","","138","","361,367","361,367"
"Lefa - Fame","1","","130","","361,308","361,308"
"Timal - YSL","1","","122","","361,130","361,130"
"Gradur - Baby Mama","1","","149","","361,095","361,095"
"Taylor Swift - Bejeweled","1","","170","","361,041","361,041"
"Pop Smoke - Snitching","1","","158","","360,811","360,811"
"Naps - Medellin","1","","138","","360,805","360,805"
"Jul - Ils m'ont fait mal","1","","190","","360,666","360,666"
"Laurie Darmon - Rupture","5","","147","","76,018","360,654"
"Tayc - O G W I F E Y","1","","159","","360,376","360,376"
"Josman - Factice","1","","124","","360,344","360,344"
"Lesram - Avec le temps","1","","112","","360,256","360,256"
"Naza - Dose","1","","119","","360,145","360,145"
"Vald - Kid Cudi","2","","89","","210,133","360,121"
"Djadja & Dinaz - Privado","1","","87","","360,014","360,014"
"Naps - Coffre-fort","1","","140","","360,006","360,006"
"Lorenzo - Comme d’hab","1","","199","","359,864","359,864"
"Lacrim - OTF","1","","185","","359,754","359,754"
"Kanye West - No Child Left Behind","1","","115","","359,691","359,691"
"Sadek - Changement de propriétaire - A COLORS SHOW","1","","167","","359,615","359,615"
"Bigflo & Oli - Super Héros","1","","154","","359,550","359,550"
"BTS - Permission to Dance","1","","111","","359,430","359,430"
"YL - Kush","1","","148","","359,400","359,400"
"4Keus Gang - Le temps passe","2","","169","","186,598","359,253"
"Drake - Sticky","1","","148","","359,147","359,147"
"Booba - Tony Sosa","9","","44","","89,557","359,059"
"Drake - IMY2","1","","128","","358,754","358,754"
"Eminem - Kamikaze","1","","78","","358,628","358,628"
"Hornet La Frappe - Il y a","1","","151","","358,599","358,599"
"The Weeknd - Secrets","2","","66","","209,281","358,597"
"Pop Smoke - Merci Beaucoup","1","","128","","358,581","358,581"
"Zkr - À moitié","1","","142","","358,413","358,413"
"Ghetto Phénomène - En chaleur","3","","112","","144,410","358,279"
"Mister V - Bootleg","1","","185","","357,989","357,989"
"Luther - inaudible","1","","185","","357,903","357,903"
"Favé - MOMENTS DE GALERE","1","","170","","357,577","357,577"
"DTF - Pas le choix","1","","132","","357,477","357,477"
"Mister V - Tempête","1","","119","","357,297","357,297"
"Eminem - Unaccommodating","1","","130","","357,294","357,294"
"Roméo Elvis - T'es bonne","1","","138","","357,208","357,208"
"Ronisia - Longue vie","1","","153","","356,936","356,936"
"Lacrim - 26 décembre 1999","1","","123","","356,794","356,794"
"Naza - Sac à dos","2","","152","","197,255","356,258"
"Leto - Sosa - A COLORS SHOW","1","","172","","356,122","356,122"
"Dala - Baby","1","","156","","356,068","356,068"
"RK - Monte à bord","1","","161","","355,955","355,955"
"Nahir - Moneygram, Part. 2","1","","133","","355,788","355,788"
"Tayc - N U E","1","","160","","355,675","355,675"
"Soso Maness - Pinpon","1","","128","","355,595","355,595"
"Freeze corleone - MOISSANITE","1","","146","","355,524","355,524"
"Franglish - Ça c'est bien","1","","185","","355,382","355,382"
"Nanokill - My Dark (Radio Edit)","6","","14","","73,506","355,336"
"Ziak - Pour une fois","1","","199","","355,252","355,252"
"Drake - Texts Go Green","1","","152","","355,157","355,157"
"Kofs - Riz au lait","1","","125","","355,141","355,141"
"Kaaris - Equipage","1","","151","","355,138","355,138"
"Zed - Me sauver","1","","175","","355,047","355,047"
"La Fouine - #7.8","1","","124","","355,038","355,038"
"Djadja & Dinaz - Fais du pain","1","","88","","355,015","355,015"
"Niro - 87","3","","64","","178,691","354,973"
"Rim'K - Vida Loca","5","","156","","74,084","354,698"
"Lujipeka - Ahou","1","","132","","354,481","354,481"
"Calogero - Un jour au mauvais endroit","14","","135","","31,408","354,301"
"Gradur - Sheguey 13 - Bonus","1","","155","","354,177","354,177"
"Sofiane - Savastano","2","","101","","206,676","354,126"
"Carly Rae Jepsen - Run Away With Me","6","","75","","80,314","353,813"
"Soolking - Reste","1","","148","","353,597","353,597"
"Jul - Amore","1","","116","","353,431","353,431"
"Djadja & Dinaz - Oubliez-moi","1","","120","","353,401","353,401"
"Lana Del Rey - High By The Beach","7","","100","","63,721","353,270"
"Vald - Berflam","1","","89","","352,889","352,889"
"Alonzo - K-2000","2","","101","","221,273","352,829"
"Freeze corleone - YASSER","1","","147","","352,669","352,669"
"Drake - 4422","2","","118","","207,818","352,484"
"DA Uzi - WeLaRue 7","1","","142","","352,475","352,475"
"Tayc - Haine colorée (avec Christine and the Queens)","1","","142","","352,337","352,337"
"13 Block - BOÎTE 6 40 KIL","1","","136","","352,225","352,225"
"Eva - Paname","1","","138","","352,176","352,176"
"Little Mix - Black Magic","8","","120","","53,710","352,076"
"Niro - Uber X","1","","128","","352,025","352,025"
"Naps - Vovo","1","","143","","351,994","351,994"
"Jul - Ovni présent","1","","127","","351,915","351,915"
"Zkr - Pinocchio","1","","148","","351,831","351,831"
"Djadja & Dinaz - Poto j'suis là","1","","90","","351,631","351,631"
"Zkr - Monde à l'envers","1","","149","","351,571","351,571"
"Vald - Foie gras","1","","92","","351,550","351,550"
"Boris Way - Running Up That Hill","1","","161","","351,280","351,280"
"Sadek - Encore","1","","125","","351,262","351,262"
"Mister You - Pénurie","1","","139","","351,186","351,186"
"DTF - Coco","1","","148","","351,159","351,159"
"Jazzy Bazz - Dark City","1","","148","","351,137","351,137"
"Alonzo - QUARTIERS NORD","1","","159","","351,136","351,136"
"SDM - Yakalelo","1","","128","","351,079","351,079"
"Joé Dwèt Filé - Baby girl","1","","160","","351,048","351,048"
"Zkr - Zone ouvrière","1","","150","","351,031","351,031"
"UZI - Guitare","1","","124","","350,852","350,852"
"DTF - Kush","1","","149","","350,781","350,781"
"SDM - La vie de rêve","1","","130","","350,606","350,606"
"Rsko - Rebelote","1","","182","","350,600","350,600"
"JISOO - FLOWER","1","","193","","350,583","350,583"
"Kendrick Lamar - i","10","","74","","52,765","350,583"
"Alpha Wann - PISTOLET ROSE 2","1","","129","","350,532","350,532"
"Dosseh - Abel & Caïn","4","","145","","100,812","350,492"
"Tayc - L E A K","1","","163","","350,422","350,422"
"Josman - Si tu savais...","1","","151","","350,336","350,336"
"Lartiste - Dinero","1","","139","","350,290","350,290"
"Ziak - Dans les règles","1","","117","","349,985","349,985"
"Imen Es - Piqué","1","","158","","349,944","349,944"
"Josman - Bruce Wayne","1","","152","","349,855","349,855"
"Lacrim - MAIN MOITE","1","","196","","349,546","349,546"
"Dadju - Mon cœur à ta taille","1","","140","","349,464","349,464"
"Landy - Cataleya","1","","159","","349,458","349,458"
"Angus & Julia Stone - A Heartbreak","12","","90","","45,661","349,447"
"Alkpote - Jamais","1","","138","","349,342","349,342"
"Hamza - Late Nights","1","","144","","349,319","349,319"
"Rsko - 100 Mi-Temps","1","","138","","349,288","349,288"
"Benab - Royal","1","","185","","349,270","349,270"
"Gringe - Konnichiwa","1","","107","","349,030","349,030"
"Naps - Mek du binks","1","","157","","348,906","348,906"
"Bigflo & Oli - Le son préféré de mes potes","1","","161","","348,716","348,716"
"Selah Sue - Wanted You to Know","1","","134","","348,672","348,672"
"Zac Efron - Rewrite The Stars","2","","185","","178,160","348,532"
"Gringe - Je la laisse faire","1","","109","","348,443","348,443"
"Gambino La MG - La calle","1","","192","","348,278","348,278"
"Guy2Bezbar - HENNY BU","1","","197","","348,195","348,195"
"YL - Parano","1","","117","","348,069","348,069"
"Eminem - Those Kinda Nights","1","","136","","347,988","347,988"
"Lefa - Batman","1","","137","","347,810","347,810"
"Fresh laDouille - La Douille #6","1","","158","","347,752","347,752"
"Nessbeal - Tous les jours dimanche","1","","135","","347,540","347,540"
"Rag'n'Bone Man - Grace","2","","183","","179,473","347,259"
"Kanye West - Junya","1","","127","","347,239","347,239"
"DJ Kayz - Jugni ji","11","","156","","44,496","347,157"
"Tayc - Le miel","1","","145","","346,831","346,831"
"Alonzo - Criminel","1","","115","","346,792","346,792"
"BTS - ON","1","","127","","346,592","346,592"
"Naps - Dua Lipa","1","","196","","346,204","346,204"
"Naza - Baby Lova","1","","163","","346,168","346,168"
"Dinor rdt - Ronaldinor","1","","118","","346,065","346,065"
"Sofiane - #cpasdmafaute","1","","70","","345,721","345,721"
"OBOY - P2 interlude","1","","139","","345,452","345,452"
"DTF - Biko","1","","153","","345,348","345,348"
"Columbine - Teen Spirit","1","","126","","345,282","345,282"
"Kima - Sosa","1","","198","","345,229","345,229"
"Benjamin Epps - très tard le soir","1","","187","","345,135","345,135"
"Drake - Can’t Take A Joke","1","","107","","345,112","345,112"
"Kanye West - Heaven and Hell","1","","131","","345,103","345,103"
"Gringe - Pièces détachées","1","","110","","345,039","345,039"
"Jul - Où je vais","4","","119","","110,291","345,014"
"Sofiane - Bandit saleté","2","","126","","188,928","344,819"
"Bayanni - Ta Ta Ta","1","","182","","344,805","344,805"
"Dosseh - RS-28","1","","184","","344,583","344,583"
"Taylor Swift - ""Slut!"" (Taylor's Version) (From The Vault)","1","","191","","344,565","344,565"
"Kekra - Non","1","","127","","344,421","344,421"
"Larry - Maman me disait","1","","153","","344,400","344,400"
"Mike WiLL Made-It - 23","9","","29","","44,288","344,378"
"Lefa - Spécial","1","","138","","344,345","344,345"
"Nekfeu - La moue des morts","7","","77","","88,682","344,294"
"Naps - On passe le temps","1","","150","","344,220","344,220"
"Labrinth - I'm Tired","1","","154","","344,042","344,042"
"Taylor Swift - Say Don't Go (Taylor's Version) (From The Vault)","1","","195","","343,882","343,882"
"Youssoupha - KASH","1","","145","","343,857","343,857"
"Dinos - Future Ex","1","","140","","343,772","343,772"
"21 Savage - Mr. Right Now","1","","146","","343,745","343,745"
"Gato - Morocco","1","","196","","343,631","343,631"
"Jul - Ma belle","1","","157","","343,609","343,609"
"Tayc - M A F A M I L L E","1","","168","","343,608","343,608"
"1PLIKÉ140 - PERSO","1","","164","","343,579","343,579"
"BEN plg - Mauvaise nouvelle","1","","165","","343,549","343,549"
"Gradur - AMG","1","","161","","343,543","343,543"
"Jazzy Bazz - Arkham Anthem","1","","156","","343,242","343,242"
"Timal - La popo","1","","135","","343,075","343,075"
"Sadek - Kameha","1","","129","","342,961","342,961"
"Drake - BackOutsideBoyz","1","","198","","342,804","342,804"
"Lil Nas X - TALES OF DOMINICA","1","","149","","342,747","342,747"
"joysad - Ciel & Terre","1","","120","","342,693","342,693"
"Drake - Wants and Needs","1","","130","","342,632","342,632"
"Elams - La frappe","4","","169","","87,199","342,562"
"DTF - Wesh la rue","1","","156","","342,528","342,528"
"Casseurs Flowters - Si facile","4","","92","","118,544","342,469"
"Kekra - J'éteins","1","","160","","342,464","342,464"
"Mac Tyer - Grammy","1","","128","","342,333","342,333"
"Kaza - Elle avait les mots","1","","132","","342,228","342,228"
"13 Block - Binks 2.0","1","","120","","342,189","342,189"
"13 Block - Diplomatico","1","","146","","342,057","342,057"
"Kodes - Bipolaire","1","","156","","342,036","342,036"
"Orelsan - J’essaye, j’essaye","4","","99","","111,408","341,853"
"Franglish - Baby Mama","1","","141","","341,836","341,836"
"Djadja & Dinaz - Zoo","1","","140","","341,833","341,833"
"OBOY - Meilleurs","1","","172","","341,809","341,809"
"Deen Burbigo - Agent Orange","1","","121","","341,793","341,793"
"The Weeknd - Every Angel is Terrifying","1","","165","","341,791","341,791"
"Bigflo & Oli - Lili","1","","166","","341,608","341,608"
"Drake - Get Along Better","1","","138","","341,606","341,606"
"Naza - Vie de rêve","1","","152","","341,496","341,496"
"Kaza - Idiot","1","","155","","341,412","341,412"
"Imen Es - Pervers narcissique","1","","185","","341,358","341,358"
"Naps - Ma wife","1","","129","","341,344","341,344"
"Adele - All Night Parking","1","","171","","341,225","341,225"
"Lil Nas X - Old Town Road","1","","105","","341,189","341,189"
"Interpreti dello spettacolo ""Bella Ciao"" - Bella Ciao","2","","181","","175,014","341,163"
"13 Block - Pas vu pas pris","1","","122","","341,094","341,094"
"Stavo - Formule 1","1","","182","","340,904","340,904"
"Djadja & Dinaz - Paré","1","","162","","340,877","340,877"
"Gambi - LOIN D'ICI","1","","151","","340,781","340,781"
"Dinos - Tulum","1","","142","","340,696","340,696"
"Kaza - Luva","1","","194","","340,397","340,397"
"Pop Smoke - Bout A Million","1","","139","","340,322","340,322"
"Beyoncé - COZY","1","","159","","340,290","340,290"
"Jazzy Bazz - Sablier","1","","160","","340,249","340,249"
"Djadja & Dinaz - Nouvel R","1","","142","","340,225","340,225"
"RK - Si demain","1","","140","","340,082","340,082"
"1PLIKÉ140 - DANS TON ENCEINTE","1","","140","","340,032","340,032"
"Vald - Neo","2","","94","","203,913","340,023"
"GAZY MP - Freestyle Diez","1","","135","","339,988","339,988"
"GLK - LTDP","1","","172","","339,946","339,946"
"Mariah Carey - All I Want For Christmas Is You - Original Version","5","","24","","114,424","339,834"
"The Avener - You Belong","4","","141","","96,348","339,833"
"Zaho - Solo","1","","186","","339,815","339,815"
"Green Montana - BEZOS-PINAULT-BOLLORE","1","","134","","339,722","339,722"
"Johnny Hallyday - Mon pays, c'est l'amour","1","","118","","339,720","339,720"
"Dosseh - Dina Sanichar","1","","187","","339,670","339,670"
"Sofiane - DZ mafia","2","","105","","200,151","339,517"
"Lartiste - TIKKA","1","","119","","339,393","339,393"
"RK - Drip","1","","175","","339,369","339,369"
"Le classico organisé - Comme à l'ancienne","1","","152","","339,351","339,351"
"Johny Smile - IGTV#1","1","","191","","339,341","339,341"
"T Garcia - Candela","1","","128","","339,331","339,331"
"Koba LaD - Shoot","1","","157","","339,321","339,321"
"Djadja & Dinaz - Hanter","1","","144","","339,300","339,300"
"Adele - Woman Like Me","1","","174","","339,209","339,209"
"Swing - S'en aller","1","","158","","339,151","339,151"
"Central Cee - One Up","1","","180","","338,970","338,970"
"Oussama - Nsiti","1","","192","","338,892","338,892"
"Travis Scott - R.I.P. SCREW","1","","75","","338,850","338,850"
"Dinos - Mojave Ghost","1","","188","","338,596","338,596"
"Metallica - Master Of Puppets","1","","165","","338,591","338,591"
"XXXTENTACION - I don’t let go","1","","127","","338,551","338,551"
"Harry Styles - Cinema","1","","172","","338,500","338,500"
"Josman - Toxxxic","1","","122","","338,451","338,451"
"Guy2Bezbar - Boy","1","","176","","338,430","338,430"
"Vald - Rhumance","1","","97","","338,242","338,242"
"Amel Bent - Tu l'aimes encore","1","","189","","338,120","338,120"
"Gradur - Rends-moi mes lovés","1","","164","","337,886","337,886"
"Adele - Hold On","1","","177","","337,864","337,864"
"Green Montana - LE ZEN ET LES SEINS","1","","136","","337,807","337,807"
"Moha La Squale - Chez Babou","1","","145","","337,733","337,733"
"Kris Kross Amsterdam - Vámonos","1","","108","","337,713","337,713"
"GIMS - Je te pardonne - Pilule Bleue","5","","56","","100,622","337,579"
"Naps - J'fais la passe","1","","164","","337,445","337,445"
"Kanye West - Use This Gospel","1","","153","","337,416","337,416"
"RK - TE QUIERO","1","","147","","337,416","337,416"
"Eminem - Stepping Stone","1","","83","","337,277","337,277"
"Kekra - Thriller","1","","166","","337,209","337,209"
"Sofiane - J'te raconte pas","1","","146","","337,099","337,099"
"Johnny Hallyday - Pardonne-moi","1","","122","","337,097","337,097"
"Hornet La Frappe - Echographie","1","","111","","337,072","337,072"
"Kalash - Bonda Manmanw","1","","128","","337,019","337,019"
"Gradur - 1er contact","1","","165","","336,751","336,751"
"Stephen Sanchez - Until I Found You","1","","193","","336,723","336,723"
"Naps - Malade","1","","159","","336,186","336,186"
"Hamza - Gynéco","1","","116","","336,155","336,155"
"The Weeknd - False Alarm","3","","102","","174,578","336,040"
"Mig - Haut-parleur","1","","193","","335,925","335,925"
"Jul - Flu","1","","159","","335,885","335,885"
"The Weeknd - Sidewalks","2","","72","","205,480","335,536"
"Hatik - crashtest","1","","130","","335,348","335,348"
"SDM - Cello","1","","140","","335,314","335,314"
"Lous and The Yakuza - Lubie","1","","186","","335,239","335,239"
"RK - Freestyle Neverland #2","1","","147","","335,225","335,225"
"Laylow - NAKRé","1","","149","","335,183","335,183"
"Dabs - Dans le bat","1","","152","","335,183","335,183"
"Vald - Rechute","1","","100","","335,125","335,125"
"Landy - À la source","1","","110","","334,958","334,958"
"Dinos - Viens dans mon 93","1","","153","","334,888","334,888"
"Kaaris - Barillet","1","","166","","334,839","334,839"
"Népal - Daruma","1","","147","","334,664","334,664"
"Dadju - Parle-moi","1","","187","","334,601","334,601"
"L'Algérino - ALG 63","1","","126","","334,600","334,600"
"SDM - Appelez les Pim-Pom","1","","141","","334,492","334,492"
"Alkpote - Patek","1","","150","","334,417","334,417"
"Fresh - Merci","1","","185","","334,326","334,326"
"Roméo Elvis - Interlude","1","","149","","334,243","334,243"
"Vald - Totem","2","","99","","201,067","334,068"
"Kalash - Qwer","1","","141","","333,964","333,964"
"Kalash Criminel - Droga","1","","146","","333,728","333,728"
"S-Crew - Fugazi","3","","71","","157,964","333,649"
"DTF - Lei Lei","1","","148","","333,591","333,591"
"Green Montana - MPIAKA","1","","137","","333,462","333,462"
"Ninho - Pour nous","3","","100","","147,209","333,443"
"Sneazzy - SANG FROID","1","","159","","333,301","333,301"
"disiz - POIDS LOURD","1","","161","","333,273","333,273"
"ISK - Acharné 10","1","","150","","333,188","333,188"
"Kanye West - 24","1","","138","","333,093","333,093"
"Kalash Criminel - Un jour de plus","1","","112","","333,091","333,091"
"Niro - Si tu me vois","1","","145","","333,076","333,076"
"Michou - Mode avion","1","","150","","332,931","332,931"
"Soso Maness - Boussole","1","","143","","332,857","332,857"
"Gringe - Scanner","1","","118","","332,799","332,799"
"Niro - Amiga","1","","168","","332,796","332,796"
"menace Santana - Dans le noir !","1","","192","","332,755","332,755"
"menace Santana - Boo !","1","","194","","332,531","332,531"
"Hamza - Belek","1","","152","","332,504","332,504"
"Prince Waly - Balotelli","1","","198","","332,477","332,477"
"S.Pri Noir - Mannequin","1","","124","","332,451","332,451"
"Hearts & Colors - Shame","2","","103","","202,166","332,346"
"menace Santana - Vendredi13mai2022","1","","177","","332,139","332,139"
"Trippie Redd - Miss The Rage","1","","136","","332,059","332,059"
"Maes - Platine o Plomo","1","","156","","331,912","331,912"
"Squeezie - Mario Kart","1","","163","","331,534","331,534"
"Dosseh - Pour vous par nous","1","","102","","331,346","331,346"
"GoldSkull - TO THE","1","","178","","331,218","331,218"
"Eva - Rodéo","1","","148","","331,176","331,176"
"Key Largo - Méchamment Cru","1","","149","","330,787","330,787"
"Green Montana - WALDORF ASTORIA","1","","140","","330,749","330,749"
"Jok'air - Sa maire aux mères (avec Diddi Trix, Sadek, Luv Resval & Alkpote)","1","","164","","330,742","330,742"
"poofi. - Toma Tussi Gasta La Plata","1","","157","","330,670","330,670"
"Rimkus - Impliqué","1","","131","","330,639","330,639"
"Stupeflip - Tellement bon","1","","180","","330,603","330,603"
"Hornet La Frappe - Avec des si","1","","115","","330,549","330,549"
"Kanye West - Remote Control","1","","139","","330,472","330,472"
"Alonzo - Jalousie","2","","109","","203,553","330,430"
"Shay - Coeur Wanted","1","","114","","330,392","330,392"
"DA Uzi - Dans la tour","1","","105","","330,286","330,286"
"RK - La flamme","1","","182","","329,763","329,763"
"Migos - Give No Fxk","1","","148","","329,662","329,662"
"RK - Lundi matin","1","","147","","329,541","329,541"
"Jul - T'as tout perdu","1","","148","","329,453","329,453"
"Kaza - Bandida","1","","134","","329,290","329,290"
"SCH - Genny & Ciiro","5","","128","","74,499","329,179"
"Sadek - Maladie","2","","159","","168,909","329,135"
"Sadek - Soutien","1","","144","","328,894","328,894"
"menace Santana - Démon démon !","1","","196","","328,675","328,675"
"Creeds - Push Up - Main Edit","1","","195","","328,544","328,544"
"Fréro Delavega - Sweet Darling","11","","73","","48,442","328,495"
"alt-J - Every Other Freckle","13","","114","","38,510","327,853"
"Lil Pump - Racks on Racks","1","","131","","327,842","327,842"
"Justin Bieber - As I Am","1","","154","","327,828","327,828"
"Soso Maness - Interlude (ô Baumettes)","1","","155","","327,648","327,648"
"Gradur - Cherche la monnaie","2","","63","","220,517","327,619"
"Hamza - G's Up Hoes Down","1","","159","","327,297","327,297"
"1PLIKÉ140 - COMME BOU","1","","183","","327,222","327,222"
"Kid Cudi - She Knows This","1","","151","","327,176","327,176"
"Travis Scott - WAKE UP","1","","80","","327,108","327,108"
"Soolking - Paradise","1","","121","","327,078","327,078"
"Chily - Maya","1","","156","","326,919","326,919"
"Daft Punk - Beyond","7","","12","","104,393","326,891"
"Djadja & Dinaz - Bécane volée","1","","155","","326,799","326,799"
"Gringe - On danse pas","1","","122","","326,706","326,706"
"Ed Sheeran - Remember The Name","1","","144","","326,556","326,556"
"Jul - Ça a tiré","1","","167","","326,552","326,552"
"Dinos - Oskur","1","","172","","326,534","326,534"
"Soso Maness - Avec le temps","1","","157","","326,271","326,271"
"Pop Smoke - More Time","1","","152","","326,211","326,211"
"Luv Resval - Les Borgia","1","","158","","326,023","326,023"
"Nekfeu - 7:77 am","4","","92","","118,407","325,924"
"Bigflo & Oli - Ça va trop vite","2","","104","","196,394","325,917"
"Naps - C'est la guerre","1","","164","","325,789","325,789"
"Lana Del Rey - Summertime Sadness [Lana Del Rey vs. Cedric Gervais] - Cedric Gervais Remix","13","","38","","28,914","325,733"
"Josman - Best life","1","","133","","325,641","325,641"
"XXXTENTACION - what are you so afraid of","1","","134","","325,544","325,544"
"Vald - Acacia","2","","95","","203,040","325,495"
"Franglish - Mauvais garçon - Remix","1","","160","","325,471","325,471"
"B.B. Jacques - RAINBOW - A COLORS SHOW","1","","197","","325,362","325,362"
"Wejdene - Dans ma bulle","1","","176","","325,282","325,282"
"RK - Sans m'attacher","1","","144","","325,242","325,242"
"Lynda - Ciao","1","","142","","325,234","325,234"
"Guy2Bezbar - Boum Boum","1","","156","","325,096","325,096"
"Post Malone - Enemies","1","","140","","325,091","325,091"
"UZI - Guy Môquet","1","","144","","324,954","324,954"
"Gambi - PARIS LA NUIT","1","","161","","324,939","324,939"
"Caballero & JeanJass - Sonic","1","","129","","324,836","324,836"
"Djadja & Dinaz - Zéro","1","","105","","324,806","324,806"
"Sneazzy - NON STOP","1","","168","","324,662","324,662"
"DA Uzi - Wey wey wey","1","","109","","324,592","324,592"
"DA Uzi - J'entends des voix","1","","110","","324,331","324,331"
"RK - Demain","1","","137","","324,217","324,217"
"13 Block - 93 Gangstérisme","1","","136","","324,197","324,197"
"Laylow - MILLION FLOWERZ","1","","157","","323,996","323,996"
"Kendrick Lamar - The Heart Part 5","1","","160","","323,872","323,872"
"Sneazzy - CIGARETTES","1","","169","","323,850","323,850"
"Drake - Calling My Name","1","","180","","323,714","323,714"
"47ter - J'essaie","1","","127","","323,695","323,695"
"Roméo Elvis - Gonzo","1","","114","","323,644","323,644"
"Rohff - Testament II","1","","112","","323,158","323,158"
"Bigflo & Oli - Rentrez chez vous","1","","116","","323,133","323,133"
"Kendrick Lamar - Die Hard","1","","180","","323,014","323,014"
"Frenetik - Encore","1","","139","","322,903","322,903"
"Laylow - ...DE BATARD","1","","159","","322,857","322,857"
"Hornet La Frappe - Bandit","1","","122","","322,846","322,846"
"Migos - Having Our Way","1","","136","","322,781","322,781"
"Lefa - Top Boy","1","","162","","322,677","322,677"
"劳力士 - 孤独","1","","174","","322,566","322,566"
"Kekra - No Stress","1","","178","","322,408","322,408"
"Ariana Grande - ghostin","1","","138","","322,375","322,375"
"Pharrell Williams - Marilyn Monroe","4","1","4","","118,310","322,122"
"Luv Resval - Flûte de pan","1","","162","","321,814","321,814"
"Zkr - Pourquoi","1","","155","","321,803","321,803"
"Beyoncé - CHURCH GIRL","1","","166","","321,652","321,652"
"Lil Nas X - DEAD RIGHT NOW","1","","162","","321,613","321,613"
"Drake - Chicago Freestyle","1","","111","","321,613","321,613"
"Jazzy Bazz - Destinée","1","","173","","321,585","321,585"
"Kanye West - Every Hour","1","","166","","321,542","321,542"
"Drake - You Only Live Twice","1","","155","","321,193","321,193"
"Alonzo - Dalé","2","","112","","197,820","321,177"
"Dadju - Le Mâle Honnête","1","","129","","321,164","321,164"
"Ateyaba - Moonwalk","1","","154","","321,088","321,088"
"Marwa Loud - Tell Me","1","","158","","321,085","321,085"
"Kyo - Le Graal","6","","36","","57,153","320,587"
"Kalash Criminel - Incompris","1","","152","","320,552","320,552"
"Soprano - Planète Mars 2021","1","","156","","320,543","320,543"
"DTF - Parano","1","","162","","320,494","320,494"
"Gradur - Never Change","2","","65","","209,834","320,401"
"Lacrim - Tootsie's","1","","140","","320,368","320,368"
"Harry Styles - Daydreaming","1","","185","","320,305","320,305"
"Taylor Swift - ...Ready For It?","2","","138","","177,809","320,209"
"GIMS - Contradiction - Pilule Bleue","5","","61","","97,536","319,714"
"DA Uzi - Cicatrices","1","","116","","319,427","319,427"
"Kalash Criminel - Finish Him","1","","153","","319,333","319,333"
"Pop Smoke - West Coast Shit","1","","191","","319,311","319,311"
"France Gall - Il jouait du piano debout - Remasterisé En 2004","1","","70","","319,037","319,037"
"Meghan Trainor - Made You Look","1","","196","","318,962","318,962"
"Harry Styles - Satellite","1","","186","","318,886","318,886"
"Ronisia - Comme moi","1","","152","","318,652","318,652"
"Taylor Swift - ME!","1","","118","","318,568","318,568"
"Benab - Zone","1","","149","","318,523","318,523"
"Pidi - Ça va aller","1","","150","","318,428","318,428"
"Suikon Blaz AD - Echelon Music","1","","159","","318,163","318,163"
"DA Uzi - Bonita","1","","118","","318,007","318,007"
"Brigitte - Le déclin","10","","101","","44,019","318,001"
"Soso Maness - Outro","1","","165","","317,980","317,980"
"Kehlani - Gangsta","4","","155","","84,331","317,942"
"Benab - Clásico","1","","151","","317,764","317,764"
"Josman - Mauvaise Humeur","1","","173","","317,695","317,695"
"Soprano - Marseille c'est...","3","","120","","129,994","317,551"
"Nina Simone - Feeling Good","16","","163","","28,214","317,537"
"Farid Bang - INTERNATIONAL GANGSTAS","1","","126","","317,393","317,393"
"4.4.2 - R8","1","","179","","317,267","317,267"
"Shay - Désillusions","1","","125","","317,210","317,210"
"Guizmo - Attendez-moi","4","","177","","85,604","317,190"
"Kanye West - God Is","1","","172","","317,147","317,147"
"Columbine - Testament","1","","148","","316,810","316,810"
"13 Block - La ramasse","1","","161","","316,771","316,771"
"One Direction - Night Changes","8","","65","","55,614","316,643"
"PNL - Porte de Mesrine","4","","75","","107,449","316,564"
"Tayc - Et si (avec Camille Lellouche)","1","","169","","316,557","316,557"
"Drake - Teenage Fever","2","","140","","177,065","316,540"
"Lartiste - Comme avant","1","","164","","316,462","316,462"
"Larry - 187","1","","177","","316,440","316,440"
"Eminem - Remind Me","1","","79","","316,271","316,271"
"Hornet La Frappe - Plus le temps","1","","165","","316,238","316,238"
"Calogero - Le portrait","11","","143","","35,075","316,167"
"Cinco - Four","1","","163","","316,153","316,153"
"Alonzo - LVDC","1","","190","","316,116","316,116"
"Hornet La Frappe - Neuf trois huit","1","","128","","315,997","315,997"
"Leto - Hall à la scène","1","","171","","315,994","315,994"
"Kaaris - Chaos","2","","86","","187,907","315,990"
"Ariana Grande - motive","1","","136","","315,921","315,921"
"Luv Resval - Jamais revenue","1","","168","","315,891","315,891"
"Hamza - Netflix","1","","149","","315,846","315,846"
"Laylow - AKANIZER","1","","164","","315,686","315,686"
"Djadja & Dinaz - Ciroc","1","","108","","315,516","315,516"
"Sofiane - Rebeulotte","2","","113","","187,662","315,462"
"DTF - Cruel","1","","166","","315,448","315,448"
"Naps - Artiste","1","","142","","315,412","315,412"
"Diddi Trix - Bizz","1","","135","","315,357","315,357"
"The Weeknd - Six Feet Under","2","","93","","182,489","315,342"
"Eva - Bali","1","","180","","315,260","315,260"
"Alonzo - Normal","6","","101","","63,709","315,110"
"S-Crew - L’art et la manière","3","","79","","144,615","315,015"
"Naps - Faut s'tailler","1","","190","","314,963","314,963"
"Zamdane - Fauves","1","","154","","314,961","314,961"
"David Guetta - Would I Lie to You","3","","142","","137,660","314,736"
"RK - Automatik - Bonus","1","","193","","314,695","314,695"
"Diddi Trix - La cité","1","","162","","314,627","314,627"
"Stavo - Réunion","1","","171","","314,610","314,610"
"Bing Crosby - It's Beginning To Look Like Christmas","1","","168","","314,526","314,526"
"Dadju - Mafuzzy Style","1","","170","","314,374","314,374"
"Sofiane - Fais le mouv","2","","122","","175,216","314,271"
"Naza - Symphonie du bendo","1","","142","","314,207","314,207"
"Lefa - Pause","1","","165","","314,181","314,181"
"Drake - A Keeper","1","","192","","314,127","314,127"
"Jul - J'ai la mort","1","","143","","314,108","314,108"
"Jul - Jusqu'ici tout va bien","2","","108","","194,943","313,914"
"Sicario - Yamanaka","1","","180","","313,778","313,778"
"Taylor Swift - willow","1","","163","","313,719","313,719"
"Sneazzy - À QUOI TU JOUES","1","","176","","313,714","313,714"
"Squeezie - Influenceurs","1","","162","","313,512","313,512"
"Lenny Kravitz - The Chamber","9","","96","","48,290","313,484"
"JOYCA - Millionaire","1","","146","","313,473","313,473"
"Guy2Bezbar - Nana","1","","197","","313,239","313,239"
"BLACKPINK - Bet You Wanna","1","","163","","313,157","313,157"
"One Direction - History","3","","54","","152,796","313,038"
"DTF - J'ai","1","","170","","313,029","313,029"
"Hornet La Frappe - Deux secondes","1","","182","","313,027","313,027"
"Tayc - African Sugar (avec Tiwa Savage)","1","","173","","312,969","312,969"
"Columbine - Stockholm","1","","146","","312,949","312,949"
"Soso Maness - Balance","1","","158","","312,945","312,945"
"Dosseh - Sombre gainage","1","","156","","312,856","312,856"
"Hornet La Frappe - Gardav","1","","183","","312,743","312,743"
"RK - Mentalité","1","","199","","312,453","312,453"
"GIMS - THOMAS SHELBY","1","","175","","312,428","312,428"
"Moha La Squale - Prologue","1","","74","","312,125","312,125"
"Alrima - Royaume","1","","138","","311,586","311,586"
"Gradur - Pas assez","1","","156","","311,407","311,407"
"Billie Eilish - Oxytocin","1","","133","","311,400","311,400"
"Zkr - Or pur","1","","182","","311,334","311,334"
"Deen Burbigo - IMMUNITÉ DIPLOMATIQUE","1","","135","","311,330","311,330"
"1PLIKÉ140 - PICOLO","1","","187","","311,302","311,302"
"Megan Thee Stallion - Sweetest Pie","1","","172","","311,083","311,083"
"Kopp Johnson - Gilet jaune","1","","145","","311,074","311,074"
"Michael Bublé - White Christmas (duet with Shania Twain)","2","","142","","174,098","311,003"
"Green Montana - LA OU LE VENT NOUS MENE","1","","156","","310,946","310,946"
"Eliza Rose - B.O.T.A. (Baddest Of Them All) - Edit","1","","190","","310,900","310,900"
"Dinos - Arob@se","1","","179","","310,809","310,809"
"Naps - Okay okay","1","","145","","310,695","310,695"
"Vald - L.D.S","2","","110","","184,895","310,650"
"Mig - Booska Toujours +","1","","194","","310,425","310,425"
"Gazo - BSB","1","","157","","310,027","310,027"
"GIMS - INTRO","1","","180","","310,025","310,025"
"Hatik - noyé","1","","160","","309,882","309,882"
"PSO THUG - Impliqué","1","","195","","309,829","309,829"
"Taylor Swift - cardigan","1","","169","","309,719","309,719"
"DA Uzi - Costa Rica","1","","146","","309,708","309,708"
"SDM - Keur Nwar","1","","164","","309,518","309,518"
"Aya Nakamura - Ailleurs","1","","142","","309,496","309,496"
"MHD - Fuego","1","","132","","309,418","309,418"
"Gringe - Pour la nuit","1","","134","","309,387","309,387"
"John Lennon - Imagine - Remastered","3","","25","","196,880","309,377"
"Hamza - Oseille","1","","172","","309,352","309,352"
"Sadek - Roulette russe 7 #Thanos","1","","170","","309,138","309,138"
"1PLIKÉ140 - NARCOS","1","","190","","309,132","309,132"
"Fréro Delavega - Mon petit pays","15","","161","","33,771","309,097"
"Lil Nas X - DOLLA SIGN SLIME","1","","176","","308,633","308,633"
"Soso Maness - Het gaat goed","1","","173","","308,451","308,451"
"Drake - Lemon Pepper Freestyle","1","","155","","308,302","308,302"
"ISK - Fazer","1","","162","","308,090","308,090"
"Naps - Evidemment","1","","184","","307,975","307,975"
"Hayce Lemsi - Le bon chemin","2","","116","","179,680","307,926"
"Zkr - Douce France","1","","185","","307,805","307,805"
"Kalash - Praliné","1","","136","","307,740","307,740"
"Niro - Paye","1","","176","","307,585","307,585"
"YL - Prières","1","","186","","307,503","307,503"
"13 Block - Métagorique","1","","149","","307,499","307,499"
"Kekra - Babyphone","1","","192","","307,455","307,455"
"Gazo - ON A","1","","161","","307,351","307,351"
"Djadja & Dinaz - Le mal m'appelle","1","","173","","307,282","307,282"
"The Weeknd - Privilege","1","","110","","307,263","307,263"
"Stromae - sommeil","9","","16","","52,934","307,026"
"DA Uzi - La vie de Bobby","1","","148","","307,005","307,005"
"Daft Punk - Harder Better Faster Stronger","2","","40","","284,862","306,976"
"Wejdene - Ta Gow","1","","137","","306,950","306,950"
"David Guetta - Thing For You (With Martin Solveig)","1","","135","","306,881","306,881"
"DTF - Croco","1","","179","","306,803","306,803"
"Zkr - Il était temps","1","","189","","306,539","306,539"
"Billie Eilish - Getting Older","1","","136","","306,534","306,534"
"Jul - Gros","9","","145","","42,139","306,487"
"Fetty Wap - Again","6","","127","","54,616","306,304"
"Josman - BabyGirl","1","","179","","306,131","306,131"
"Fall Out Boy - Immortals","10","","131","","40,227","305,991"
"Jul - En attendant","1","","122","","305,748","305,748"
"Le classico organisé - On refait le monde","1","","176","","305,482","305,482"
"Bigflo & Oli - Bienvenue chez moi","1","","127","","305,478","305,478"
"YL - Larlar 1 (Quartier Vide)","1","","168","","305,445","305,445"
"Lartiste - K-Meha²","4","","115","","94,805","305,352"
"The Weeknd - True Colors","2","","92","","184,474","305,195"
"MHD - Feeling","1","","134","","304,599","304,599"
"DA Uzi - Les ténèbres","1","","125","","304,482","304,482"
"Vald - No Tube Zone","1","","113","","304,412","304,412"
"Columbine - Boîte noire","1","","149","","304,408","304,408"
"91 All Stars - Andale","1","","179","","304,377","304,377"
"Sadek - Robuste","1","","166","","304,291","304,291"
"Jul - Mauvaises tentations","1","","123","","304,155","304,155"
"Josman - Lifestyle","1","","180","","304,140","304,140"
"Lefa - Mentor","1","","150","","304,103","304,103"
"Jul - J’m’évade","11","","159","","31,841","304,077"
"Osen - The Warrior - Lush & Simon Remix","1","","167","","304,027","304,027"
"Nick Jonas - Levels","5","","86","","73,624","303,872"
"Koba LaD - Batards","1","","147","","303,838","303,838"
"Alonzo - On met les voiles - Bonus / Bande originale du film ""Pattaya""","3","","90","","125,849","303,757"
"Kaaris - Mood","1","","78","","303,650","303,650"
"Hamza - Galerie","1","","136","","303,581","303,581"
"Le classico organisé - Testarossa","1","","178","","303,464","303,464"
"Eva - Poizzz","1","","150","","303,312","303,312"
"Le classico organisé - Gomorra","1","","179","","303,304","303,304"
"Larry - Beatles","1","","153","","303,267","303,267"
"Naps - Nous aussi","1","","154","","303,061","303,061"
"Zuukou mayzie - Pépé Anglais","1","","182","","303,010","303,010"
"DA Uzi - La loi du talion","1","","127","","302,982","302,982"
"2 Chainz - We Own It (Fast & Furious)","11","","27","","33,872","302,939"
"Aya Nakamura - Pookie","1","","136","","302,933","302,933"
"Kalash Criminel - Homicide volontaire","1","","130","","302,777","302,777"
"Benab - Danny Mellow","1","","165","","302,659","302,659"
"Laylow - Maladresse","1","","179","","302,640","302,640"
"Tayc - J'ai mal","1","","186","","302,623","302,623"
"Juss - Habibi","1","","200","","302,533","302,533"
"Jul - ¿ Qué Pasa ?","2","","117","","184,894","302,465"
"Vegedream - On y va","1","","123","","302,443","302,443"
"GIMS - TWENNY TWENNY","1","","187","","302,371","302,371"
"The Avener - We Go Home","15","","107","","41,435","302,314"
"Travis Scott - NO BYSTANDERS","1","","94","","302,305","302,305"
"Brulux - Panenka","1","","172","","302,225","302,225"
"Hornet La Frappe - Si tôt","1","","195","","301,943","301,943"
"Ronisia - Sombre","1","","194","","301,480","301,480"
"Jul - Fou d'elle","1","","162","","301,430","301,430"
"Guy2Bezbar - Lala","1","","167","","301,421","301,421"
"Luv Resval - Hadès","1","","185","","301,355","301,355"
"Kaza - Number","1","","148","","301,335","301,335"
"Kanye West - Water","1","","188","","301,332","301,332"
"Rim'K - Room Service","2","","145","","157,492","301,315"
"Naps - Sur le banc","1","","187","","301,266","301,266"
"Klingande - RIVA (Restart the Game)","4","","165","","79,323","301,259"
"Kekra - Capri","1","","195","","300,955","300,955"
"Stromae - quand c'est ?","9","","15","","54,669","300,942"
"disiz - BEAUGARÇONNE","1","","186","","300,913","300,913"
"disiz - TUE L'AMOUR","1","","187","","300,765","300,765"
"Hatik - y'a rien","1","","155","","300,631","300,631"
"Gradur - Juste 1 minute","1","","187","","300,630","300,630"
"Drake - Sandra’s Rose","1","","126","","300,475","300,475"
"Bigflo & Oli - La seule","1","","135","","300,385","300,385"
"Niska - Gnonmi avec lait","1","","165","","300,036","300,036"
"13 Block - Bendo","1","","174","","300,017","300,017"
"Benab - Donna Imma","1","","169","","299,786","299,786"
"RK - Dangerous","1","","196","","299,763","299,763"
"Soolking - Fada","1","","155","","299,675","299,675"
"Hornet La Frappe - Divorce","1","","200","","299,651","299,651"
"Sofiane - Bakhaw","2","","120","","176,305","299,544"
"Bryson Tiller - Don't","4","","124","","82,742","299,497"
"47ter - Avec toi","1","","146","","299,036","299,036"
"Hornet La Frappe - Quartiers nord","1","","152","","299,032","299,032"
"TK - Kish kush kash","1","","191","","298,939","298,939"
"Jeune Loup - Sensuelle","1","","153","","298,906","298,906"
"Dadju - Provoquer","1","","152","","298,834","298,834"
"Benab - Automatique","1","","187","","298,734","298,734"
"Djadja & Dinaz - La vérité","1","","105","","298,688","298,688"
"Soso Maness - Le sang appelle le sang","1","","175","","298,380","298,380"
"Eminem - Leaving Heaven","1","","178","","298,364","298,364"
"Stray Kids - MANIAC","1","","192","","297,971","297,971"
"DA Uzi - Vision","1","","132","","297,757","297,757"
"Eminem - Like Home","1","","87","","297,602","297,602"
"Benab - El Mero Mero","1","","174","","297,469","297,469"
"Columbine - En vain","1","","154","","297,420","297,420"
"Rihanna - Desperado","4","","122","","89,305","297,372"
"Zkr - Balafre","1","","197","","297,122","297,122"
"Osirus Jack - Lampadaire, Pt. 2","1","","168","","297,026","297,026"
"RK - Demain c'est loin","1","","164","","296,927","296,927"
"DA Uzi - Hmmm (Laisse tomber)","1","","178","","296,888","296,888"
"MC Solaar - Sonotone","2","","170","","158,730","296,832"
"Benab - P2","1","","160","","296,612","296,612"
"Lefa - T'y arrivais pas","1","","178","","296,598","296,598"
"Kanoé - Baw Flex (Freestyle SAVIES2)","1","","194","","296,547","296,547"
"Eva - Promenade des Anglais","1","","192","","296,383","296,383"
"Naps - Tokyo","1","","192","","296,267","296,267"
"1PLIKÉ140 - BARRETTE DE 50","1","","181","","296,157","296,157"
"Lil Uzi Vert - That Way - Bonus Track","1","","187","","296,136","296,136"
"Central Cee - Eurovision","1","","169","","296,082","296,082"
"Jul - Dans sa bulle","1","","128","","295,960","295,960"
"S-Crew - Démarre","3","","83","","140,980","295,927"
"RK - Mac 11","1","","172","","295,834","295,834"
"Ella Henderson - Ghost","9","","85","","42,494","295,610"
"Jul - Le combat","1","","192","","295,535","295,535"
"Brulux - Adriano","1","","176","","295,476","295,476"
"Naps - J'dis ca j'dis rien","1","","156","","295,469","295,469"
"BRVMSOO - La débrouille","1","","132","","295,310","295,310"
"Koba LaD - Chercher l'or","1","","152","","295,209","295,209"
"GLK - Maudit","1","","189","","295,182","295,182"
"Green Montana - SUPER HEROS","1","","171","","295,022","295,022"
"Jul - Je lève la moto","2","","181","","149,649","294,806"
"Major Lazer - Watch Out For This [Bumaye]","13","","154","","38,129","294,769"
"Pop Smoke - Manslaughter","1","","178","","294,754","294,754"
"Djadja & Dinaz - Quitter les cours","1","","180","","294,728","294,728"
"XXXTENTACION - going down!","1","","102","","294,602","294,602"
"Naza - KSM","1","","174","","294,599","294,599"
"PLK - Olcho Gvng","1","","179","","294,558","294,558"
"Migos - Straightenin","1","","161","","294,487","294,487"
"Green Montana - DIAMANT","1","","173","","294,425","294,425"
"The Weeknd - Reminder","2","","101","","174,795","294,264"
"Camille Lellouche - N'insiste pas","1","","164","","294,219","294,219"
"Landy - Un gaou a Saint-Denis","1","","136","","294,207","294,207"
"France Gall - Résiste - Remasterisé","1","","85","","294,115","294,115"
"Christophe - Aline","1","","150","","294,082","294,082"
"MHD - Amina","3","","80","","124,949","294,059"
"Bigflo & Oli - Florian","1","","141","","293,976","293,976"
"Kid Cudi - Another Day","1","","184","","293,955","293,955"
"Naza - Liquide","1","","158","","293,822","293,822"
"Naps - C'est ça les z'hommes","1","","187","","293,359","293,359"
"Lefa - Elle aime","1","","190","","293,181","293,181"
"Hornet La Frappe - Sale idée","1","","91","","292,946","292,946"
"DJ Khaled - For Free","4","","163","","76,951","292,859"
"Niro - Vamos","2","","115","","176,228","292,845"
"Jul - Wesh fils de","3","","108","","125,860","292,843"
"ICO - Siri 3","1","","170","","292,613","292,613"
"Sneazzy - RÈGLES","1","","193","","292,554","292,554"
"Sofiane - Training Day","1","","192","","292,452","292,452"
"Le classico organisé - Ça vire au drame","1","","187","","292,421","292,421"
"Naps - Dans la villa","1","","188","","292,263","292,263"
"Kaaris - Pas idée","1","","82","","292,106","292,106"
"Dinos - Quand les cailleras prient","1","","197","","292,060","292,060"
"Tayc - Better","1","","199","","292,008","292,008"
"Mister You - Flashback","1","","176","","291,953","291,953"
"Dosseh - Place de l'Etoile","1","","192","","291,778","291,778"
"Wejdene - La Meilleure","1","","173","","291,721","291,721"
"Eddy de Pretto - Freaks","1","","197","","291,603","291,603"
"Selena Gomez - Feel Me","1","","172","","291,527","291,527"
"Post Malone - Die For Me","1","","167","","291,396","291,396"
"The Weeknd - Repeat After Me (Interlude)","1","","159","","291,310","291,310"
"BANKS - Beggin For Thread","9","","110","","39,877","291,270"
"Naza - T'as pas idée","1","","162","","291,146","291,146"
"1PLIKÉ140 - NO HOOK","1","","187","","291,143","291,143"
"6ix9ine - WAKA","1","","132","","291,038","291,038"
"PRIME - Wooptidoop","1","","175","","291,035","291,035"
"Kpri - Maybach Phantom","1","","186","","291,008","291,008"
"Olly Alexander (Years & Years) - Desire","4","","181","","75,638","290,944"
"Columbine - Temps électrique","2","","130","","155,967","290,922"
"Jul - Nia","1","","194","","290,908","290,908"
"Naza - Lambo","1","","161","","290,770","290,770"
"Travis Scott - SKELETONS","1","","104","","290,701","290,701"
"Soso Maness - Madame Maness","1","","193","","290,460","290,460"
"Panic! At The Disco - House of Memories","1","","191","","290,408","290,408"
"Dinos - N’Tiekar","1","","198","","290,371","290,371"
"Kekra - Lights Out","1","","191","","290,361","290,361"
"Yanns - Soleil et nanas","1","","198","","290,292","290,292"
"Aya Nakamura - Oumou Sangaré","2","","144","","158,549","290,242"
"Djadja & Dinaz - Rien n'a changé","3","","77","","123,679","290,236"
"K/DA - MORE","1","","162","","290,218","290,218"
"Bigflo & Oli - Maman","1","","145","","290,215","290,215"
"Jul - Africa Twin","1","","176","","289,934","289,934"
"Naps - Ambiance vandale","1","","163","","289,834","289,834"
"RK - Prototype","1","","182","","289,678","289,678"
"1PLIKÉ140 - ENFERMÉ","1","","191","","289,509","289,509"
"Bebe Rexha - (Not) The One","2","","182","","155,441","289,495"
"Columbine - Topless","1","","156","","289,445","289,445"
"Caesar - Viens on squatte man","1","","172","","289,345","289,345"
"Niro - J'dois l'oublier","1","","192","","289,334","289,334"
"Landy - Déter","1","","145","","289,173","289,173"
"DA Uzi - Dernier samouraï","1","","136","","289,172","289,172"
"Kaza - HRTBRK #5","1","","162","","289,063","289,063"
"Brulux - Sans pitax","1","","185","","289,036","289,036"
"Maroon 5 - Moves Like Jagger - Studio Recording From ""The Voice"" Performance","13","","135","","35,224","289,033"
"4Keus - M'en aller","1","","193","","289,019","289,019"
"Sneazzy - SCHÉMA","1","","196","","288,865","288,865"
"GIMS - Appelez la police","1","","111","","288,862","288,862"
"Népal - Rien d'spécial","1","","174","","288,861","288,861"
"Vladimir Cauchemar - Aulos Reloaded","1","","182","","288,850","288,850"
"Kanye West - I Thought About Killing You","1","","88","","288,776","288,776"
"Kanye West - Keep My Spirit Alive","1","","169","","288,761","288,761"
"Franglish - Bonnie & Clyde","1","","183","","288,567","288,567"
"Niro - Cantona","1","","174","","288,556","288,556"
"Kalash Criminel - Vrai","1","","149","","288,521","288,521"
"Jok'air - Pour mes supporters","1","","160","","288,491","288,491"
"Chily - Chily Sauce","1","","197","","288,427","288,427"
"Chily - Intro","1","","199","","288,339","288,339"
"Tsew The Kid - Maladroit","1","","165","","288,289","288,289"
"La Fouine - Roue de secours","1","","188","","288,273","288,273"
"Columbine - Indochine","1","","157","","288,264","288,264"
"Soso Maness - Interlude","1","","184","","288,183","288,183"
"Niska - Jsuis dans l’truc - Freestyle","4","","134","","82,332","288,120"
"Caballero - Arriba","1","","152","","288,028","288,028"
"Lefa - Nouveau maillot","1","","188","","287,968","287,968"
"Caballero & JeanJass - Un Cadeau","1","","149","","287,939","287,939"
"Naza - Bibi","1","","198","","287,803","287,803"
"Kaaris - Rosé","1","","200","","287,799","287,799"
"Ici c'est Paris - Sur Paname","1","","191","","287,724","287,724"
"Hornet La Frappe - Hanoute","1","","144","","287,635","287,635"
"Brulux - Ça recommence","1","","187","","287,549","287,549"
"13 Block - Si j'avais","1","","165","","287,193","287,193"
"Bolémvn - Maxi boule","1","","160","","287,064","287,064"
"Hornet La Frappe - Main de fer","1","","171","","286,946","286,946"
"Hatik - sanstitre.","1","","188","","286,934","286,934"
"Ateyaba - Rock With You","1","","145","","286,727","286,727"
"Aya Nakamura - Fuego","2","","143","","159,780","286,725"
"Migos - Avalanche","1","","171","","286,629","286,629"
"13 Block - Oiseaux","1","","189","","286,589","286,589"
"Népal - Vibe","1","","180","","286,271","286,271"
"Landy - M'évader","1","","148","","286,173","286,173"
"Népal - Lemonade","1","","181","","286,161","286,161"
"Eminem - In Too Deep","1","","191","","286,146","286,146"
"DA Uzi - Mademoiselle","1","","161","","286,143","286,143"
"SDM - Intro","1","","179","","286,103","286,103"
"Caballero & JeanJass - Yellow","1","","152","","286,085","286,085"
"Gradur - Intro","2","","68","","208,564","285,974"
"Billie Eilish - Billie Bossa Nova","1","","158","","285,772","285,772"
"Jul - Bandit","1","","183","","285,696","285,696"
"YL - Ciel","1","","109","","285,376","285,376"
"Jok'air - Jok'Travolta","1","","161","","285,278","285,278"
"Kalash Criminel - Très mauvais","1","","178","","285,204","285,204"
"Selena Gomez - Boyfriend","1","","155","","285,147","285,147"
"BTS - ON (Feat. Sia)","1","","181","","285,125","285,125"
"DA Uzi - Tellement","1","","169","","285,066","285,066"
"Kanye West - Jesus Lord","1","","173","","284,968","284,968"
"Imen Es - D'ennemi à bébé","1","","183","","284,952","284,952"
"Siboy - Au revoir merci","2","","171","","152,167","284,714"
"Drake - F*****g Fans","1","","175","","284,670","284,670"
"Alan Walker - Sweet Dreams","1","","189","","284,628","284,628"
"Djadja & Dinaz - On avance seuls","1","","128","","284,626","284,626"
"Nej - Je t'a(b)ime","1","","198","","284,615","284,615"
"Guy2Bezbar - Beretta","1","","183","","284,583","284,583"
"Dinos - Memento Interlude","1","","189","","284,498","284,498"
"Columbine - La reine du bal","1","","170","","284,446","284,446"
"Vegedream - Touché dans le coeur","1","","178","","284,209","284,209"
"Ariana Grande - make up","1","","167","","284,191","284,191"
"Josman - Larmes de Sel (Intro)","1","","198","","283,962","283,962"
"Jul - Je ne vous oublie pas","1","","118","","283,800","283,800"
"DA Uzi - Moi-même","1","","172","","283,587","283,587"
"Jul - A coup de crick","1","","187","","283,516","283,516"
"Columbine - Chambre 112","1","","171","","283,440","283,440"
"GIMS - La nuit c'est fait pour dormir","1","","117","","283,312","283,312"
"SDM - Rentrer","1","","184","","283,309","283,309"
"twinsmatic - X2","1","","180","","283,243","283,243"
"21 Savage - Glock In My Lap","1","","194","","283,186","283,186"
"Maes - Menotté","1","","186","","283,140","283,140"
"Ed Sheeran - Visiting Hours","1","","155","","283,134","283,134"
"Nekfeu - Jusqu'au bout (Creed)","3","","93","","122,496","283,023"
"Caballero & JeanJass - Forcing","1","","92","","282,988","282,988"
"Brulux - Octobre","1","","194","","282,938","282,938"
"Népal - Là-bas","1","","184","","282,845","282,845"
"Drake - Peak","1","","131","","282,742","282,742"
"Dadju - Tu n'es pas moi","1","","187","","282,716","282,716"
"Bob Sinclar - We Could Be Dancing","1","","151","","282,686","282,686"
"Jul - Qu'est ce que tu me dis ?","1","","159","","282,606","282,606"
"Hamza - Go Back","1","","197","","282,501","282,501"
"Renaud - Toujours debout","3","","85","","119,658","282,271"
"Doja Cat - Get Into It (Yuh)","1","","178","","282,236","282,236"
"Sadek - Scottie Pippen","1","","185","","282,216","282,216"
"GIMS - Tu m'as dit","1","","118","","282,210","282,210"
"Lacrim - A.W.A 2","7","","96","","70,030","282,184"
"Lesram - Rotation","1","","164","","282,024","282,024"
"Bolémvn - DM","1","","191","","281,942","281,942"
"Roméo Elvis - Vinci","1","","146","","281,881","281,881"
"Johnny Hallyday - Laura","1","","103","","281,815","281,815"
"Djadja & Dinaz - Au fond de la classe","1","","188","","281,797","281,797"
"Kygo - Nothing Left","7","","154","","42,944","281,591"
"Burna Boy - For My Hand","1","","198","","281,555","281,555"
"Kaaris - Être deux","1","","87","","281,468","281,468"
"Alvaro Soler - La Libertad","1","","138","","281,397","281,397"
"The Neighbourhood - Softcore","1","","200","","281,333","281,333"
"Soprano - Ils nous connaissent pas","9","","76","","44,546","281,169"
"Kalash Criminel - Tout le monde sait","1","","189","","281,168","281,168"
"Daft Punk - Contact","6","","17","","97,423","281,096"
"Dj Leska - Ghenda","1","","177","","281,092","281,092"
"Landy - Le temps","1","","151","","281,073","281,073"
"Charlie Puth - Light Switch","1","","183","","281,069","281,069"
"Damso - QuedelaVie","3","","104","","118,383","280,912"
"Eminem - Premonition - Intro","1","","196","","280,867","280,867"
"Paul Rosenberg - Paul - Skit","1","","115","","280,740","280,740"
"13 Block - Pente noire","1","","171","","280,627","280,627"
"UZI - Arc-en-ciel","1","","195","","280,550","280,550"
"Gambino La MG - Moulala","1","","173","","280,468","280,468"
"Lil Nas X - ONE OF ME","1","","200","","280,468","280,468"
"SCH - Tempête","1","","172","","280,460","280,460"
"Djadja & Dinaz - Du mal à m'y faire","1","","133","","280,421","280,421"
"Kaaris - Oublier","1","","89","","280,160","280,160"
"Eddy de Pretto - Pause","1","","182","","280,131","280,131"
"Joé Dwèt Filé - Comme avant","1","","168","","280,123","280,123"
"Kanye West - Donda","1","","177","","280,008","280,008"
"YL - Tot ou tard","1","","162","","279,926","279,926"
"Johnny Hallyday - Made in Rock'n'Roll","1","","158","","279,871","279,871"
"Busta Flex - Jay-Z","1","","191","","279,828","279,828"
"MHD - Petit coeur","1","","192","","279,751","279,751"
"Marwa Loud - Sans vous","1","","101","","279,679","279,679"
"Bigflo & Oli - Ferme les yeux","1","","158","","279,615","279,615"
"Roméo Elvis - TPA","1","","178","","279,434","279,434"
"Dinos - Walther PP","1","","198","","279,418","279,418"
"L2B - Amis d'enfance","1","","173","","279,332","279,332"
"Rita Ora - Body on Me","5","","112","","62,693","279,285"
"London Grammar - Rooting For You","2","","117","","161,571","279,171"
"Djadja & Dinaz - On reconnaît","3","","86","","113,067","279,067"
"Fauve - NUITS FAUVES","13","","43","","25,130","278,996"
"Soso Maness - Fucked Up","1","","187","","278,977","278,977"
"Hornet La Frappe - Sale gosse","1","","151","","278,967","278,967"
"MHD - Interlude trap 2","1","","152","","278,854","278,854"
"Tion Wayne - Body (Remix)","1","","168","","278,643","278,643"
"Lefa - Roddy Ricch","1","","168","","278,465","278,465"
"Imen Es - Mon mari","1","","188","","278,342","278,342"
"Jul - C’est chaud","3","","79","","125,756","278,302"
"DMNDS - Seven Nation Army","1","","181","","278,112","278,112"
"Billie Eilish - all the good girls go to hell","1","","172","","278,056","278,056"
"Naza - Bénef","1","","175","","278,028","278,028"
"DA Uzi - Ça tombe bien","1","","178","","277,680","277,680"
"Nekfeu - Point d'interrogation","6","","87","","74,909","277,630"
"Lefa - Sors de ma tête","1","","199","","277,383","277,383"
"Rohff - Fille bien","1","","149","","277,376","277,376"
"Rilès - MYSELF N THE SEA","1","","166","","277,250","277,250"
"Dosseh - Jet privé","1","","129","","277,033","277,033"
"Leto - Double Bang 5","1","","147","","276,937","276,937"
"Jok'air - Radio sexe - Bonus Track","1","","173","","276,747","276,747"
"Moha La Squale - Pankani","1","","96","","276,701","276,701"
"RealestK - WFM","1","","185","","276,640","276,640"
"DA Uzi - Le dehors","1","","179","","276,613","276,613"
"6ix9ine - MALA","1","","140","","276,611","276,611"
"Maluma - Hawái","1","","199","","276,475","276,475"
"Drake - Summer Sixteen","4","","159","","71,832","276,434"
"Sadek - Somnambule","1","","164","","276,392","276,392"
"Maluma - Hawái - Remix","1","","172","","276,380","276,380"
"Tungevaag - Wicked Wonderland","7","","109","","47,733","276,085"
"Josman - Fucked Up 3","1","","130","","276,081","276,081"
"Travis Scott - CAN'T SAY","1","","114","","275,850","275,850"
"Jul - Bruce Lee","1","","186","","275,794","275,794"
"Zikxo - TP","1","","176","","275,644","275,644"
"MMZ - J'monte","1","","87","","275,502","275,502"
"Mister V - Le Tour","1","","181","","275,481","275,481"
"Lady Gaga - Alice","1","","182","","275,297","275,297"
"Soolking - Marbella","1","","177","","275,214","275,214"
"Guy2Bezbar - La Calle 4 (Favelas de Paname)","1","","173","","275,213","275,213"
"GATTÜSO - Cruel","1","","195","","275,200","275,200"
"SCH - Ma kush","1","","87","","275,163","275,163"
"Gringe - Mémo","1","","153","","275,086","275,086"
"Jul - Facilement","1","","122","","275,004","275,004"
"4Keus - Wakztoubi #2","1","","190","","274,911","274,911"
"YL - Zanotti","1","","118","","274,900","274,900"
"Quavo - PASS OUT","1","","152","","274,827","274,827"
"Shay - Amour & désastres","1","","158","","274,776","274,776"
"Niro - Appuyer","1","","167","","274,769","274,769"
"Kodes - 45 AMG","1","","174","","274,721","274,721"
"Sadek - La source","1","","198","","274,583","274,583"
"4Keus - Toi ou moi","1","","173","","274,491","274,491"
"Jok'air - Les yeux sont sur nous","1","","177","","274,465","274,465"
"Sadek - Ariva","1","","166","","274,249","274,249"
"ElGrandeToto - Etranger","1","","195","","274,009","274,009"
"Ninho - Binks to Binks 4","2","","150","","151,068","273,949"
"Sadek - Roulette russe 8 #Smithers","1","","190","","273,923","273,923"
"DA Uzi - Maître Zadourian","1","","176","","273,716","273,716"
"Dadju - Gentleman 2.0 - Intro","1","","111","","273,594","273,594"
"Annie Lennox - I Put A Spell On You (Fifty Shades of Grey)","6","","61","","70,804","273,580"
"Eminem - Untouchable","1","","97","","273,548","273,548"
"4Keus - Focus","1","","174","","273,543","273,543"
"S1mba - Rover","1","","194","","273,449","273,449"
"Gringe - LMP","1","","158","","273,380","273,380"
"Dosseh - Toit du monde","1","","133","","273,362","273,362"
"Gazo - MALAGANGX","1","","199","","273,255","273,255"
"SDM - Love","1","","200","","273,090","273,090"
"Josman - DLVrai","1","","131","","273,087","273,087"
"Damso - Beautiful","3","","117","","112,080","273,048"
"DA Uzi - Vie là","1","","177","","272,682","272,682"
"Shaniz - A contre sens","10","","133","","34,003","272,667"
"PLK - Enfant du hall (Bonus Track)","1","","195","","272,542","272,542"
"DA Uzi - Salute","1","","178","","272,340","272,340"
"LE RISQUE - Aggravage 2","1","","181","","272,286","272,286"
"Lacrim - Poutine","3","","91","","118,633","272,194"
"Rilès - In the Jungle","2","","171","","137,634","271,934"
"Georgio - Miroir","1","","170","","271,843","271,843"
"Jok'air - Gangster & Gentleman","1","","182","","271,673","271,673"
"Alonzo - Y’en a assez","5","","90","","71,944","271,102"
"Sam Smith - Writing's On The Wall","4","","74","","80,445","270,872"
"MHD - Senseless Ting","1","","158","","270,751","270,751"
"Lady Gaga - Free Woman","1","","187","","270,598","270,598"
"Jul - La rue dans le Cayenne","1","","140","","270,546","270,546"
"Outkast - Hey Ya!","1","","88","","270,515","270,515"
"Freddy Gladieux - Vive Les Promeneurs","1","","169","","270,255","270,255"
"Soolking - Vida Loca 2","1","","183","","270,201","270,201"
"Vald - Vlad","1","","133","","270,186","270,186"
"Kodes - Méchant 4","1","","193","","269,896","269,896"
"Shay - Même pas bonne","1","","162","","269,708","269,708"
"Népal - Ennemis, Pt. 2","1","","198","","269,508","269,508"
"Travis Scott - 5% TINT","1","","117","","269,431","269,431"
"Rilès - Pesetas","1","","192","","269,394","269,394"
"MMZ - Valar morghulis","1","","154","","269,323","269,323"
"Lady Gaga - Million Reasons","3","","128","","106,145","269,241"
"JACKBOYS - GATTI","1","","196","","269,150","269,150"
"XXXTENTACION - STARING AT THE SKY","1","","172","","269,062","269,062"
"Ariana Grande - in my head","1","","177","","268,783","268,783"
"Frenetik - Noir sur blanc","1","","192","","268,439","268,439"
"4Keus - Love Money","1","","119","","268,426","268,426"
"Camélia Jordana - Silence","1","","187","","268,406","268,406"
"Ikaz Boi - BAD DAYS","1","","193","","268,383","268,383"
"Kanye West - Wouldn't Leave","1","","100","","268,336","268,336"
"Jul - Like Ya","1","","199","","268,321","268,321"
"Naps - Jet privé","1","","188","","268,279","268,279"
"DA Uzi - Ils l'ont pas","1","","190","","268,270","268,270"
"The Weeknd - Until I Bleed Out","1","","188","","268,048","268,048"
"Hornet La Frappe - Warning","1","","161","","267,997","267,997"
"PNL - Laisse","4","","90","","90,859","267,960"
"StarBoi3 - Dick","1","","179","","267,826","267,826"
"YL - T'es pas la même","1","","123","","267,403","267,403"
"Rohff - Dans le vrai","1","","124","","267,306","267,306"
"Jul - Comme un fou","1","","124","","267,302","267,302"
"joysad - Hiver","1","","187","","267,299","267,299"
"RK - Booska Rêves de gosse (Freestyle)","1","","187","","267,150","267,150"
"Darina Victry - Laisse moi t'aimer","1","","198","","267,077","267,077"
"Dinos - Mack le Bizz Freestyle","1","","183","","266,984","266,984"
"Cris Cab - Englishman In New York","8","","122","","53,849","266,964"
"Jul - Je suis pas solo","1","","174","","266,953","266,953"
"Jnr Slice - Kush Drill","1","","198","","266,648","266,648"
"Post Malone - On The Road","1","","184","","266,637","266,637"
"Leto - Double Bang 6","1","","162","","266,581","266,581"
"Djadja & Dinaz - La base","3","","94","","108,577","266,411"
"Drake - The Remorse","1","","198","","266,404","266,404"
"6ix9ine - PUNANI","1","","191","","266,355","266,355"
"PNL - Le M","4","","91","","90,761","266,328"
"Alonzo - Sur la moto","1","","190","","266,321","266,321"
"GIMS - ABCD - Pilule Rouge","4","","62","","97,432","266,184"
"Koba LaD - M Power","1","","193","","266,154","266,154"
"OBOY - Nuit","1","","196","","266,120","266,120"
"BTS - Blue & Grey","1","","196","","265,925","265,925"
"La Fouine - Sombre mélodie","1","","160","","265,790","265,790"
"Billie Eilish - I Didn't Change My Number","1","","180","","265,768","265,768"
"Playboi Carti - @ MEH","1","","176","","265,759","265,759"
"The Kid LAROI - WITHOUT YOU","1","","182","","265,633","265,633"
"Naps - A / R","1","","190","","265,617","265,617"
"Josman - Sourcils Froncés","1","","136","","265,565","265,565"
"YL - Escort","1","","126","","265,304","265,304"
"Hornet La Frappe - 40 ans","1","","164","","265,118","265,118"
"Koba LaD - Kilos de beuh","1","","194","","264,899","264,899"
"Eva Simons - Bludfire","4","","158","","72,217","264,886"
"Jul - Tu vois je veux dire","1","","178","","264,810","264,810"
"ROSÉ - On The Ground","1","","199","","264,697","264,697"
"Blacko - Le temps est compté","8","","111","","39,085","264,662"
"Naps - Elvira","2","","189","","136,795","264,251"
"Djadja & Dinaz - J'sais plus comment faire","1","","132","","264,200","264,200"
"Moha La Squale - J'me balade","1","","105","","264,074","264,074"
"Ariana Grande - off the table","1","","192","","264,028","264,028"
"Columbine - Le bal des fous","1","","172","","263,988","263,988"
"PLK - Sans suite","1","","175","","263,946","263,946"
"Gradur - La Moula","2","","43","","174,559","263,935"
"DA Uzi - Libanais","1","","194","","263,729","263,729"
"Eminem - Good Guy","1","","120","","263,593","263,593"
"Jul - Toujours la dalle","3","","126","","102,887","263,556"
"Alonzo - ALZ","2","","67","","159,451","263,415"
"OBOY - Rémus","1","","164","","263,323","263,323"
"Drake - Summer Games","1","","147","","263,131","263,131"
"Drake - After Dark","1","","148","","262,831","262,831"
"Jul - Je vais danser","1","","181","","262,499","262,499"
"Soolking - Hayati","1","","193","","262,033","262,033"
"Naza - J'ai pas sommeil","1","","190","","262,012","262,012"
"Django - S/O le Flem","1","","188","","261,918","261,918"
"RedOne - Don't You Need Somebody","3","","99","","119,394","261,909"
"Ariana Grande - MONOPOLY","1","","188","","261,620","261,620"
"Vald - Baby Squirt","1","","138","","261,278","261,278"
"Rohff - #SNTL","1","","165","","261,217","261,217"
"Ed Sheeran - First Times","1","","193","","261,199","261,199"
"Avicii - Broken Arrows","2","","142","","209,038","261,188"
"PNL - Plus Tony que Sosa","4","","101","","83,329","261,061"
"Niro - Loup alpha","1","","122","","261,039","261,039"
"DA Uzi - Yes","1","","198","","260,926","260,926"
"XXXTENTACION - One Minute","1","","183","","260,711","260,711"
"Dioscures - CINÉ CLUB","1","","200","","260,622","260,622"
"RK - C'est comme ça","1","","188","","260,616","260,616"
"Booba - LVMH","6","","60","","65,958","260,511"
"Moha La Squale - 5 Juillet 1962","1","","108","","259,895","259,895"
"Badjer - Overdose","1","","164","","259,829","259,829"
"13 Block - Bombarder","1","","188","","259,809","259,809"
"Aventura - Volví","1","","177","","259,682","259,682"
"Dosseh - La rue c'est rasoir","1","","141","","259,481","259,481"
"Jul - Samantha","1","","126","","259,457","259,457"
"Travis Scott - ASTROTHUNDER","1","","125","","259,314","259,314"
"Kanye West - Violent Crimes","1","","106","","259,067","259,067"
"Travis Scott - NC-17","1","","126","","258,962","258,962"
"SCH - Slow Mo","1","","92","","258,937","258,937"
"Alonzo - Gilera","2","","66","","161,260","258,796"
"Brulux - Julien","1","","172","","258,692","258,692"
"Jul - Mon petit","3","","133","","100,397","258,614"
"Columbine - Vampire","1","","190","","258,411","258,411"
"Shakira - Dare (La La La)","4","","37","","73,060","258,368"
"Kendrick Lamar - BLOOD.","1","","76","","258,216","258,216"
"The xx - Intro","12","","138","","28,489","258,049"
"4Keus - Dans le block","1","","183","","257,716","257,716"
"Jul - On m'a tourné le dos","1","","187","","257,659","257,659"
"L'Allemand - Plus d'amour","1","","200","","257,627","257,627"
"ROSALÍA - Yo x Ti, Tu x Mi","1","","200","","257,578","257,578"
"Naza - Vodka","1","","167","","257,555","257,555"
"Drake - Blue Tint","1","","153","","257,397","257,397"
"Deorro - Bailar","2","","187","","129,906","257,389"
"Kanye West - Stronger","2","","166","","190,765","257,308"
"Charles Aznavour - For Me Formidable","1","","178","","257,257","257,257"
"Soolking - Corbeau","1","","199","","256,803","256,803"
"Naza - Toi va là-bas","1","","200","","256,682","256,682"
"Dj Quick - La recette","1","","196","","256,676","256,676"
"Hornet La Frappe - Secret","1","","171","","256,593","256,593"
"One Direction - End of the Day","3","","73","","109,302","256,364"
"Stromae - Défiler - Bande originale de la capsule No. 5 Mosaert","1","","126","","256,185","256,185"
"Landy - Nouveau jour","1","","177","","255,311","255,311"
"Post Malone - A Thousand Bad Times","1","","198","","255,272","255,272"
"J. Cole - KOD","1","","145","","255,148","255,148"
"4Keus - Je pense","1","","126","","254,921","254,921"
"Ashh - Lolita","2","","193","","130,697","254,811"
"Georgio - Héra","3","","153","","93,685","254,688"
"Billie Eilish - xanny","1","","194","","254,489","254,489"
"XXXTENTACION - Train food","1","","189","","253,712","253,712"
"Johnny Hallyday - Interlude","1","","182","","253,678","253,678"
"Kaaris - RPG","1","","103","","253,107","253,107"
"Caballero & JeanJass - Flash","1","","192","","252,934","252,934"
"James TW - When You Love Someone","3","","164","","89,776","252,820"
"Sneazzy - J'encaisse","1","","168","","252,650","252,650"
"Rohff - #Rohffback","1","","179","","252,650","252,650"
"Josman - Loto","1","","145","","252,641","252,641"
"Soprano - Mon précieux","1","","121","","252,575","252,575"
"Pitbull - Greenlight","3","","143","","90,141","252,477"
"Frenetics - I Feel a Man","1","","155","","252,401","252,401"
"Gradur - Balti","2","","38","","178,378","252,377"
"Rammstein - Deutschland","1","","196","","252,159","252,159"
"Lana Del Rey - Lust for Life","1","","67","","252,149","252,149"
"Djadja & Dinaz - Je zone","1","","142","","252,035","252,035"
"Johnny Hallyday - 4m2","1","","185","","252,033","252,033"
"XXXTENTACION - $$$ - with Matt Ox","1","","128","","251,838","251,838"
"Eminem - Bad Husband","1","","111","","251,552","251,552"
"Cats On Trees - Sirens Call","7","","34","","47,176","251,491"
"Stromae - merci","8","","20","","48,744","251,480"
"Columbine - Rémi","2","","171","","131,593","251,383"
"Drake - Is There More","1","","157","","251,349","251,349"
"Moha La Squale - C'était la ure","1","","120","","251,225","251,225"
"L'Algérino - La Vida","1","","178","","251,120","251,120"
"YL - Comme d'hab","1","","185","","250,966","250,966"
"Caballero & JeanJass - Tout s’arrête","1","","196","","250,534","250,534"
"Columbine - Blabla","1","","200","","250,333","250,333"
"Ryan Gosling - City Of Stars","2","","175","","128,550","250,297"
"XXXTENTACION - Floor 555","1","","129","","250,228","250,228"
"Niro - Do It","2","","76","","161,099","250,168"
"CHVRCHES - Leave A Trace","4","","82","","69,560","250,092"
"Rim'K - Fratello","1","","174","","249,977","249,977"
"Hooss - 600 Francs","1","","174","","249,926","249,926"
"Eminem - Chloraseptic","1","","115","","249,641","249,641"
"Polo & Pan - Canopée","2","","175","","127,704","249,575"
"Sadek - Zepek","1","","185","","249,442","249,442"
"GIMS - Nos valeurs","1","","134","","249,332","249,332"
"4Keus - Meeting","1","","130","","249,295","249,295"
"Jul - C'est rien","3","","140","","96,414","248,849"
"GIMS - Cadeaux - Pilule Bleue","4","","73","","85,928","248,846"
"Columbine - Brûler","1","","186","","248,732","248,732"
"Bad Bunny - Callaita","1","","194","","248,574","248,574"
"Naps - Drive","1","","119","","248,556","248,556"
"Lizzo - Rumors","1","","187","","248,430","248,430"
"Sadek - Dadinho","1","","189","","247,928","247,928"
"MHD - Aleo","1","","177","","247,881","247,881"
"Bigflo & Oli - Rendez-vous là-haut","1","","192","","247,854","247,854"
"Bigflo & Oli - Il est où ton frère ?","1","","193","","247,602","247,602"
"Drake - Jaded","1","","160","","245,880","245,880"
"Drake - Finesse","1","","161","","245,807","245,807"
"Landy - Assa baing","1","","187","","245,758","245,758"
"Gringe - Karma","1","","181","","245,710","245,710"
"BOY - We Were Here","5","","132","","54,091","245,490"
"Eminem - Em Calls Paul - Skit","1","","136","","245,356","245,356"
"YL - Métaux","1","","137","","245,117","245,117"
"DA Uzi - Bonne journée","1","","180","","245,065","245,065"
"Vald - MacDo","1","","158","","245,034","245,034"
"Naps - Non non","1","","122","","244,778","244,778"
"Kalash Criminel - Avant que j'parte","1","","197","","244,683","244,683"
"Jul - Ils sont jaloux","5","","159","","54,245","244,660"
"Moha La Squale - Déçu","1","","125","","244,455","244,455"
"Alonzo - La guerre","2","","73","","150,248","244,265"
"Sadek - Tetriste","1","","194","","244,122","244,122"
"GIMS - 60%","1","","138","","244,113","244,113"
"Lil Wayne - Let It Fly","1","","196","","243,964","243,964"
"Rohff - J'ai passé l'âge","1","","185","","243,416","243,416"
"Sofiane - Dis-leur","1","","92","","243,170","243,170"
"GIMS - Bonita","1","","139","","243,055","243,055"
"Jul - Gilera","1","","182","","242,923","242,923"
"Naps - Parle pas de nous","1","","123","","242,900","242,900"
"4Keus - Square","1","","197","","242,680","242,680"
"Carly Rae Jepsen - Emotion","4","","100","","68,660","242,627"
"Kaaris - C'est la base","4","","87","","83,592","242,505"
"La Fouine - Sans ta voix","3","","113","","91,575","242,249"
"Josman - XS","1","","162","","242,153","242,153"
"Eddy de Pretto - Grave","1","","178","","242,064","242,064"
"GIMS - Number One - Pilule Bleue","4","","78","","82,990","241,707"
"GIMS - Oulala","1","","143","","241,661","241,661"
"Booba - OKLM","5","","32","","71,802","241,265"
"Juice WRLD - Fast","1","","195","","241,264","241,264"
"Vald - Sombre soirée","1","","163","","241,256","241,256"
"Eminem - Nice Guy","1","","140","","241,095","241,095"
"Sadek - Bender","1","","102","","240,786","240,786"
"Dosseh - Paris en août","1","","153","","240,767","240,767"
"Travis Scott - HOUSTONFORNICATION","1","","140","","240,699","240,699"
"Moha La Squale - On n'est pas les mêmes","1","","127","","240,383","240,383"
"Dua Lipa - Swan Song (From the Motion Picture ""Alita: Battle Angel"")","1","","186","","240,173","240,173"
"Sadek - Stahraf","1","","198","","240,061","240,061"
"DA Uzi - Revanche","1","","187","","240,051","240,051"
"Jul - Je peux pas","8","","168","","38,649","239,998"
"Travis Scott - WHO? WHAT!","1","","141","","239,973","239,973"
"Justin Bieber - The Feeling","3","","92","","94,574","239,776"
"Dosseh - Le coup du patron","7","","53","","64,188","239,590"
"Caballero & JeanJass - ALZ","1","","130","","239,025","239,025"
"Muse - Psycho","8","","103","","59,688","238,963"
"YL - Yamine","1","","144","","238,768","238,768"
"Johnny Hallyday - Back in LA","1","","197","","238,755","238,755"
"Rohff - Aime moi à l'imparfait","1","","190","","238,728","238,728"
"The White Stripes - Seven Nation Army","2","","144","","233,480","238,722"
"Bazzi - Beautiful","1","","175","","238,637","238,637"
"disiz - Hiroshima","1","","132","","238,499","238,499"
"Niska - Mauvais payeur","3","","138","","88,066","238,121"
"Jessie J - Personal","9","","120","","30,251","237,873"
"Booba - D.U.C","6","","72","","58,541","237,735"
"Matoma - Old Thing Back","7","","100","","52,743","237,649"
"PNL - PNL","3","","187","","83,395","237,639"
"Queen - We Are The Champions - Remastered 2011","1","","143","","237,273","237,273"
"Columbine - Puzzle","1","","200","","237,071","237,071"
"DA Uzi - Mal aimé","1","","188","","237,007","237,007"
"Sirius - Champignon","1","","169","","236,679","236,679"
"Eric Elmosnino - Je vais t'aimer","8","","139","","32,735","236,656"
"Drake - Not You Too","1","","194","","236,116","236,116"
"Kanye West - Father Stretch My Hands Pt. 1","3","","126","","88,005","235,702"
"Rim'K - 911","1","","186","","235,324","235,324"
"GIMS - Tu me l'avais promis","1","","147","","235,005","235,005"
"Elvis Presley - Blue Christmas","3","","106","","114,263","234,687"
"KIDS SEE GHOSTS - Reborn","1","","124","","234,104","234,104"
"Naps - Coché","1","","132","","233,885","233,885"
"Nekfeu - Pars avec moi","2","","67","","154,014","233,522"
"Miley Cyrus - Mother's Daughter","1","","190","","233,499","233,499"
"Beck - Dreams","7","","85","","61,245","233,306"
"Sadek - Les Gants","1","","108","","233,273","233,273"
"Sadek - La Rue c'est paro","1","","109","","233,038","233,038"
"Lartiste - Polygame","11","","159","","36,935","232,921"
"Ninho - Monotonie","2","","112","","135,883","232,679"
"Gradur - Militarizé","4","","39","","105,620","232,532"
"Rim'K - Bonhomme de neige","1","","192","","231,706","231,706"
"Niro - Rasta Rocket","2","","170","","123,098","231,681"
"Black M - C'est tout moi","11","","149","","35,740","231,671"
"Johnny Hallyday - Marie - Master Mix","1","","152","","231,602","231,602"
"Kanye West - No Mistakes","1","","140","","231,545","231,545"
"Makassy - Doucement - Makassy Sensual Mix 2015","5","","148","","51,973","231,377"
"YL - Ahmed Othman","1","","150","","231,254","231,254"
"Naps - Mauvais garçon","1","","134","","230,893","230,893"
"4Keus - On dit quoi ?","1","","144","","230,877","230,877"
"Lilly Wood and The Prick - Prayer In C","3","","20","","109,334","230,834"
"Alonzo - Fais le job","2","","77","","142,458","230,765"
"Moha La Squale - René Croco","1","","136","","230,717","230,717"
"GIMS - Corazón","1","","154","","230,662","230,662"
"Booba - Habibi","2","","71","","146,568","230,311"
"Naza - Ça va","1","","129","","230,187","230,187"
"Naps - Le fixe","1","","136","","230,174","230,174"
"Demi Lovato - Confident","4","","113","","62,837","229,893"
"Rim'K - X-Men","1","","197","","229,634","229,634"
"GLK - Bang","1","","195","","229,575","229,575"
"Hayce Lemsi - Savastano","1","","143","","229,462","229,462"
"Daft Punk - Fragments of Time","5","","19","","86,276","229,348"
"Eminem - Tragic Endings","1","","129","","229,320","229,320"
"Carlos Vives - La Bicicleta","3","","185","","77,580","229,157"
"YL - Mon barrio","1","","151","","229,155","229,155"
"Hayce Lemsi - 6452","1","","144","","228,954","228,954"
"XXXTENTACION - Pain = BESTFRIEND","1","","146","","228,279","228,279"
"LISTENBEE - Save Me","3","","171","","78,681","228,271"
"Alessia Cara - How Far I'll Go","2","","173","","115,293","227,827"
"Drake - That’s How You Feel","1","","174","","227,811","227,811"
"Post Malone - Rich & Sad","1","","145","","227,510","227,510"
"Wisin - Escápate Conmigo","2","","191","","115,479","227,462"
"Kanye West - Only One","6","","110","","42,768","227,257"
"Kurt Vile - Pretty Pimpin","5","","160","","49,560","226,713"
"Kalash Criminel - Famas","2","","98","","141,689","226,688"
"DA Uzi - Hier","1","","194","","226,331","226,331"
"DMX - X Gon' Give It To Ya","3","","129","","80,733","225,153"
"Lacrim - Carte de la vieillesse","6","","94","","64,376","224,985"
"Migos - BBO (Bad Bitches Only)","1","","127","","224,722","224,722"
"Naza - À midi","1","","139","","224,533","224,533"
"Lonely The Brave - Backroads (Redux)","9","","187","","77,086","224,355"
"Christine and the Queens - iT","7","","133","","37,929","224,332"
"Dosseh - 45 atmo","1","","164","","224,211","224,211"
"Naps - Poto","1","","141","","224,101","224,101"
"Khalid - The Ways","1","","135","","223,940","223,940"
"Caballero & JeanJass - Dégueulasse","1","","147","","223,892","223,892"
"Moha La Squale - J'étais pas prêt","1","","142","","223,699","223,699"
"GIMS - Chien de la casse","1","","162","","223,494","223,494"
"Kofs - Caractère","1","","199","","223,479","223,479"
"Lefa - CDM","1","","142","","223,453","223,453"
"PRIME - TOUT DONNER","1","","199","","223,027","223,027"
"4Keus - La rue la vraie","1","","152","","222,680","222,680"
"Ed Sheeran - The A Team","9","","126","","28,920","222,266"
"Justin Bieber - Company","3","","107","","84,262","222,172"
"Pharrell Williams - Gust of Wind","3","","11","","98,728","222,013"
"Niro - La folie","1","","151","","221,684","221,684"
"Djadja & Dinaz - Mal","1","","164","","221,653","221,653"
"France Gall - Evidemment - Remasterisé","1","","130","","221,270","221,270"
"ILOVEMAKONNEN - Tuesday","8","","115","","30,718","221,103"
"Alonzo - Madame Alonzo","2","","87","","131,564","220,346"
"Ninho - La Roma","2","","119","","132,780","220,249"
"Naps - Abandonne","1","","146","","220,030","220,030"
"Rémy - Ne me quitte pas","1","","165","","220,020","220,020"
"Kaaris - Courez","1","","127","","219,970","219,970"
"Josman - TIM€","1","","186","","219,631","219,631"
"13 Block - Calibre","1","","147","","219,370","219,370"
"Queen - Somebody To Love - Remastered 2011","1","","200","","219,336","219,336"
"Gradur - Donne-moi ta main","2","","51","","146,344","219,209"
"PLK - A A A","1","","153","","219,093","219,093"
"Hooss - Money","1","","138","","219,009","219,009"
"Niska - Réseaux - Remix","1","","153","","218,693","218,693"
"Vald - Possédé - Remix","1","","189","","218,445","218,445"
"Aya Nakamura - Cadeau","1","","161","","218,303","218,303"
"Drake - Ratchet Happy Birthday","1","","183","","218,234","218,234"
"Sofiane - Parti de rien","1","","102","","218,190","218,190"
"Jok'air - Jok'Rambo","1","","144","","218,065","218,065"
"Shay - Biche","2","","108","","126,297","217,879"
"Niila - Restless Heart","3","","189","","72,912","216,726"
"Hooss - Darwa","1","","141","","216,689","216,689"
"Kendrick Lamar - FEAR.","1","","95","","216,545","216,545"
"Jul - Y'a plus de doute","1","","110","","216,484","216,484"
"Moha La Squale - Pour les jaja","1","","145","","216,452","216,452"
"CAZZETTE - Blind Heart","8","","121","","29,838","215,668"
"Adam Lambert - Ghost Town","5","","179","","45,280","215,572"
"Johnny Hallyday - Gabrielle","1","","154","","215,478","215,478"
"Rohff - Détrôné","1","","142","","215,441","215,441"
"Booba - U2K","2","","80","","138,259","215,390"
"Zola - Bernard Tapie","1","","151","","215,223","215,223"
"Nekfeu - La ballade du Frémont","2","","79","","138,569","215,217"
"GIMS - Mon coeur meurtri","1","","170","","215,157","215,157"
"Kendrick Lamar - Black Panther","1","","148","","214,967","214,967"
"One Direction - Love You Goodbye","3","","84","","99,808","214,919"
"David Bowie - Life On Mars? - 1999 Remastered Version","2","","66","","138,567","214,715"
"Justin Bieber - Mark My Words","3","","105","","86,344","214,535"
"Seezy - Interlude (Seezy – NQNT33)","1","","196","","214,438","214,438"
"Djadja & Dinaz - J'veux plus","1","","175","","214,031","214,031"
"PLK - Pas besoin","1","","156","","213,844","213,844"
"Jul - Comment te dire","1","","113","","213,647","213,647"
"Eminem - Nowhere Fast","1","","143","","213,536","213,536"
"Vald - Kamasutra","1","","197","","213,516","213,516"
"Josman - Un Zder, Un Thé","1","","198","","213,453","213,453"
"S.Pri Noir - Finesse","1","","133","","213,334","213,334"
"S-Crew - Fausse note","2","","85","","135,093","213,315"
"Gucci Mane - Wake Up in the Sky","1","","199","","213,307","213,307"
"13 Block - Balayer","1","","200","","213,110","213,110"
"ZAYN - Let Me","1","","153","","213,083","213,083"
"MMZ - Off","1","","133","","212,814","212,814"
"Sadek - Cartier panthère","1","","123","","212,653","212,653"
"Hornet La Frappe - Misère","1","","139","","212,648","212,648"
"MMZ - Frero","1","","134","","212,373","212,373"
"Drake - Diplomatic Immunity","1","","135","","212,178","212,178"
"Sneazzy - Ouais mec - Remix","2","","191","","107,458","212,129"
"Lacrim - Tout le monde veut des lovés","6","","70","","50,737","211,850"
"Lartiste - Grandestino","1","","161","","211,805","211,805"
"Djadja & Dinaz - Ballon d'or","1","","179","","211,636","211,636"
"Alonzo - Comme avant","2","","88","","128,900","211,570"
"Naps - Drogua","1","","151","","211,465","211,465"
"MMZ - Payday","1","","135","","211,365","211,365"
"Caballero & JeanJass - A2","1","","154","","211,218","211,218"
"PLK - Platinum","1","","163","","211,053","211,053"
"John Legend - All of Me (Tiësto's Birthday Treatment Remix)","5","","45","","57,560","211,013"
"XXXTENTACION - SMASH!","1","","160","","210,929","210,929"
"Hayce Lemsi - Electron libérable","1","","158","","210,682","210,682"
"SAYGRACE - You Don't Own Me","3","","188","","73,195","210,337"
"Mac Miller - Self Care","1","","164","","210,323","210,323"
"XXXTENTACION - before I close my eyes","1","","163","","210,132","210,132"
"Justin Bieber - Purpose","3","","115","","80,086","210,108"
"Boulevard des Airs - Emmène-moi","6","","149","","43,304","209,534"
"Benjamin Clementine - Condolence","6","","116","","40,854","209,479"
"Sofiane - Cordelette","1","","110","","209,356","209,356"
"Eminem - Revival (Interlude)","1","","146","","209,294","209,294"
"Niro - Jamais","1","","165","","209,193","209,193"
"S-Crew - Félins","2","","90","","130,908","209,048"
"Guizmo - Pardon","1","","166","","209,001","209,001"
"Migos - Notice Me","1","","134","","208,982","208,982"
"Dosseh - Solo","2","","136","","106,246","208,960"
"Moha La Squale - 24 Solo","1","","151","","208,710","208,710"
"Gradur - Flex","1","","69","","208,495","208,495"
"Djadja & Dinaz - Tu veux les billets","1","","117","","208,258","208,258"
"Migos - Supastars","1","","135","","208,130","208,130"
"Justin Timberlake - Filthy","1","","144","","207,599","207,599"
"Elams - Jungle","1","","182","","207,381","207,381"
"Naps - 9 milli","1","","155","","207,155","207,155"
"Daft Punk - Motherboard","4","","18","","88,566","206,814"
"Caballero & JeanJass - Toujours les mêmes","1","","156","","206,261","206,261"
"Trippie Redd - Taking A Walk","1","","160","","206,026","206,026"
"Gwen Stefani - Baby Don't Lie","6","","84","","43,104","205,902"
"Niro - Mens Rea","1","","168","","205,805","205,805"
"Ed Sheeran - Save Myself","1","","106","","205,768","205,768"
"YL - La cause de mon père","1","","163","","205,315","205,315"
"Eminem - Framed","1","","150","","204,906","204,906"
"Roméo Elvis - Nappeux","1","","149","","204,563","204,563"
"BRVMSOO - Danse","1","","182","","204,308","204,308"
"Ninho - Soleil","2","","127","","125,876","204,214"
"Eddy de Pretto - Quartier des lunes","1","","157","","203,502","203,502"
"Ariana Grande - everytime","1","","158","","203,414","203,414"
"Sadek - Sanz","1","","130","","203,378","203,378"
"Rohff - Broly","1","","149","","202,855","202,855"
"Migos - Gang Gang","1","","143","","202,773","202,773"
"Caballero & JeanJass - Clonez-moi","1","","160","","202,724","202,724"
"Niro - On s'refait","1","","171","","202,619","202,619"
"Part-Time Friends - Summertime Burns","7","","166","","45,120","202,247"
"Caballero & JeanJass - Bae","1","","161","","201,666","201,666"
"K'NAAN - Wavin' Flag - Coca-Cola® Celebration Mix","1","","178","","201,179","201,179"
"Caballero & JeanJass - Californie","1","","163","","200,897","200,897"
"Kendrick Lamar - GOD.","1","","102","","200,671","200,671"
"Gradur - Ken","1","","80","","200,582","200,582"
"Woodkid - I Love You","6","","20","","40,434","200,479"
"Pharrell Williams - Hunter","3","","15","","91,084","200,236"
"Post Malone - Ball For Me","1","","173","","200,033","200,033"
"M. Pokora - Mieux que nous","7","","143","","38,921","199,953"
"Drake - Jorja Interlude","1","","121","","199,943","199,943"
"Post Malone - Over Now","1","","174","","199,909","199,909"
"Jul - La zone","1","","117","","199,555","199,555"
"GIMS - PS","1","","181","","199,182","199,182"
"Naps - Je suis","1","","161","","199,025","199,025"
"Roméo Elvis - Dessert","1","","159","","198,839","198,839"
"Moha La Squale - Ton poto","1","","157","","198,739","198,739"
"Hugo TSR - Rei","1","","133","","198,657","198,657"
"Eminem - Rap God","6","","18","","45,774","198,628"
"L'Algérino - Les menottes","1","","184","","198,122","198,122"
"Moha La Squale - J'aimerais bien","1","","153","","197,888","197,888"
"Drake - Grammys","2","","106","","104,085","197,853"
"Timal - La 7 - Jack Dani","1","","156","","197,527","197,527"
"GIMS - Tu m'as mis dans la merde","1","","182","","197,466","197,466"
"Hamza - Pas de remords","1","","144","","197,044","197,044"
"Eminem - In Your Head","1","","160","","197,030","197,030"
"Bigflo & Oli - Salope !","1","","103","","196,998","196,998"
"Jul - Je ne joue pas les thugs","1","","119","","196,824","196,824"
"Ariana Grande - sweetener","1","","166","","195,829","195,829"
"MMZ - N'DA","1","","148","","195,760","195,760"
"Rémy - Comme à l'ancienne","1","","184","","195,683","195,683"
"Bigflo & Oli - Papa","1","","106","","195,461","195,461"
"Travis Scott - Watch","1","","166","","195,014","195,014"
"Sofiane - Le bruit des blocks","1","","119","","194,759","194,759"
"Post Malone - White Iverson","3","","185","","67,014","194,428"
"Bee Gees - Stayin' Alive","1","","159","","194,268","194,268"
"S-Crew - Un homme change le monde","2","","96","","121,224","194,219"
"Sadek - Zahouania","1","","135","","194,217","194,217"
"Sofiane - Bois d'argent","1","","120","","193,823","193,823"
"Sadek - Ça va aller","1","","136","","193,425","193,425"
"J. Cole - ATM","1","","184","","193,415","193,415"
"Hayce Lemsi - Eurêka","1","","177","","193,141","193,141"
"Moha La Squale - Rien n'a changé","1","","163","","193,139","193,139"
"Eminem - Heat","1","","168","","192,733","192,733"
"G.R.L. - Ugly Heart","6","","98","","37,638","192,667"
"Pharrell Williams - Brand New","3","","13","","94,722","192,614"
"Youssoupha - Polaroid experience","1","","185","","192,350","192,350"
"Julien Doré - Sublime & Silence","2","","139","","108,772","191,861"
"Casseurs Flowters - 15h02 - Regarde comme il fait beau (dehors)","6","","23","","38,509","191,840"
"S-Crew - Plus pareil","2","","97","","120,424","191,733"
"Hooss - Larry Hoover","1","","166","","191,574","191,574"
"Alpha Wann - ÇA VA ENSEMBLE","1","","193","","191,375","191,375"
"Hamza - Godzilla","1","","148","","191,300","191,300"
"Post Malone - Zack And Codeine","1","","182","","191,296","191,296"
"4Keus - Mélodie","1","","171","","190,981","190,981"
"Alonzo - La vraie vie","1","","116","","190,809","190,809"
"Travis Scott - COFFEE BEAN","1","","199","","190,749","190,749"
"Drake - Sacrifices","1","","127","","190,717","190,717"
"Eddy de Pretto - Normal","1","","168","","190,452","190,452"
"L'Algérino - Andalé","1","","196","","190,393","190,393"
"The Chainsmokers - The One","1","","117","","189,934","189,934"
"Eddy de Pretto - Beaulieue","1","","171","","189,895","189,895"
"U2 - Song For Someone","4","","156","","49,030","189,891"
"Mr. Probz - Nothing Really Matters - Afrojack Remix","4","","88","","54,650","189,880"
"Columbine - Pierre, feuille, papier, ciseaux","1","","188","","189,715","189,715"
"Måns Zelmerlöw - Heroes","5","","104","","52,390","189,671"
"ZHU - Faded","7","","155","","29,239","189,595"
"Lacrim - 6.35","5","","77","","71,591","189,511"
"Kendrick Lamar - Big Shot","1","","169","","189,357","189,357"
"Becky G - Sin Pijama","1","","193","","189,180","189,180"
"GIMS - Boucan - Pilule Violette","1","","60","","188,995","188,995"
"Kendrick Lamar - DUCKWORTH.","1","","110","","188,733","188,733"
"Johnny Hallyday - Vivre pour le meilleur","1","","184","","188,683","188,683"
"DTF - Le ciel est la limite","1","","138","","188,666","188,666"
"Kalash - Mwaka Story","1","","148","","188,485","188,485"
"Travis Scott - Antidote","4","","117","","53,872","188,454"
"Youssoupha - Entourage","8","","136","","38,654","188,299"
"Niro - Oxymore","1","","115","","188,211","188,211"
"XXXTENTACION - love yourself (interlude)","1","","176","","188,027","188,027"
"Post Malone - Takin' Shots","1","","185","","187,953","187,953"
"Bigflo & Oli - La vie normale","1","","112","","187,919","187,919"
"Lacrim - A.W.A","3","","151","","142,548","187,727"
"Hooss - Répondeur","1","","169","","187,573","187,573"
"Damso - Exutoire","2","","122","","106,077","187,208"
"4Keus - Hood","1","","180","","186,706","186,706"
"Gradur - La douille","4","","44","","98,556","186,690"
"Sadek - La Tour","1","","140","","186,489","186,489"
"Naza - Sans problème","1","","160","","186,378","186,378"
"Drake - Hype","2","","118","","94,377","186,242"
"Gradur - Dolla","1","","89","","186,232","186,232"
"Kaaris - Crystal","3","","43","","105,792","186,192"
"Alonzo - Ma famille","1","","121","","186,022","186,022"
"XXXTENTACION - Revenge","1","","181","","185,893","185,893"
"Rémy - On traîne","1","","192","","185,576","185,576"
"5 Seconds of Summer - Amnesia","6","","84","","42,552","185,370"
"Hayce Lemsi - Sniper","1","","187","","185,297","185,297"
"Jazzy Bazz - Leticia","1","","195","","185,214","185,214"
"MHD - Mort ce soir","2","","100","","108,716","185,123"
"Jok'air - Maintenant","1","","176","","185,057","185,057"
"Sneazzy - Sérieux","1","","149","","185,040","185,040"
"Jul - Je trouve pas le sommeil","6","","148","","34,443","184,604"
"MHD - Ma vie","2","","94","","113,752","184,514"
"Migos - White Sand","1","","171","","184,432","184,432"
"Sadek - Imma","1","","143","","184,169","184,169"
"Caballero & JeanJass - Le monde a changé","1","","181","","184,163","184,163"
"Guizmo - Les Gens parlent d'amour","1","","193","","183,821","183,821"
"One Direction - If I Could Fly","2","","63","","121,382","183,565"
"James Blake - Retrograde","7","","122","","28,236","183,240"
"Hayce Lemsi - Les pieds devant le D","2","","178","","113,384","183,202"
"S.Pri Noir - Mon Crew","1","","164","","183,187","183,187"
"Shawn Mendes - Youth","1","","181","","183,037","183,037"
"XXXTENTACION - schizophrenia","1","","193","","182,546","182,546"
"PSY - Gentleman","5","","18","","41,423","182,517"
"Koba LaD - Rentable","1","","200","","182,460","182,460"
"Médine - Madara","1","","180","","182,401","182,401"
"Rémy - Pas besoin","1","","197","","182,330","182,330"
"Vald - Strip","1","","113","","182,140","182,140"
"Gradur - #LHOMMEAUBOB","4","","53","","85,992","181,668"
"France Gall - Si maman si - Remasterisé","1","","173","","181,527","181,527"
"Eminem - Castle","1","","187","","181,280","181,280"
"Tiësto - Red Lights","7","","131","","36,037","181,245"
"Hamza - Mi gyal","1","","161","","180,853","180,853"
"Naps - Des fois","1","","190","","180,846","180,846"
"Naps - Oulala","1","","191","","180,600","180,600"
"S.Pri Noir - Papillon","1","","166","","180,552","180,552"
"Niro - On commence par où ?","1","","117","","180,484","180,484"
"Hamza - Jodeci Mob","1","","163","","180,395","180,395"
"Shawn Mendes - Nervous","1","","180","","180,376","180,376"
"Johnny Hallyday - La musique que j'aime","1","","193","","180,178","180,178"
"KIDS SEE GHOSTS - Feel The Love","1","","173","","179,800","179,800"
"Naps - Piste blanche","1","","193","","179,675","179,675"
"Post Malone - Candy Paint","1","","197","","179,561","179,561"
"Djadja & Dinaz - Dans mon dos","2","","105","","101,191","179,460"
"Migos - Emoji A Chain","1","","182","","179,259","179,259"
"Linkin Park - Heavy","1","","119","","179,177","179,177"
"Nevada - The Mack","2","","181","","93,977","179,174"
"Vald - Blanc","1","","115","","178,860","178,860"
"Kygo - Kids in Love","1","","163","","178,807","178,807"
"Keira Knightley - A Step You Can’t Take Back","6","","128","","36,752","178,641"
"Gradur - Encore","1","","96","","178,517","178,517"
"MMZ - Plein","1","","164","","178,457","178,457"
"Drake - KMT","1","","139","","178,198","178,198"
"Niro - Comme pas possible","1","","195","","178,183","178,183"
"Gradur - Calibré","4","","49","","88,018","178,006"
"GIMS - Sans retro - Pilule Bleue","3","","90","","74,813","177,007"
"Hamza - Cash Time","1","","166","","176,856","176,856"
"Djadja & Dinaz - J'reprends","2","","108","","99,550","176,848"
"Mumford & Sons - Believe","6","","117","","42,876","176,680"
"Hamza - 1994","1","","167","","176,612","176,612"
"MHD - Afro Trap Pt. 7 (La puissance) - Major Lazer Remix","1","","177","","176,207","176,207"
"Naza - La débauche","1","","173","","176,200","176,200"
"Niro - Abbé Pierre","1","","126","","175,714","175,714"
"Gradur - Benz","1","","99","","175,521","175,521"
"Casseurs Flowters - Freestyle Radio Phoenix","2","","120","","101,255","175,436"
"Jok'air - Aquarium","1","","189","","175,349","175,349"
"France Gall - Poupée de cire, poupée de son","1","","182","","175,255","175,255"
"Migos - Higher We Go - Intro","1","","190","","175,169","175,169"
"Kodak Black - Roll In Peace","1","","198","","175,142","175,142"
"Damso - Quotidien de baisé","2","","134","","99,779","174,895"
"Sneazzy - Jenny from da Blocka","1","","165","","174,470","174,470"
"Caballero & JeanJass - Pepsi","1","","195","","174,452","174,452"
"Sneazzy - Everyday","1","","166","","174,415","174,415"
"Hamza - Silicone","1","","170","","174,361","174,361"
"Eminem - Offended","1","","192","","174,269","174,269"
"Bigflo & Oli - Répondez-moi","1","","122","","174,254","174,254"
"Vegedream - La moula","1","","181","","173,999","173,999"
"The Weeknd - Dark Times","3","","102","","64,505","173,915"
"Linkin Park - What I've Done","1","","122","","173,843","173,843"
"Siboy - BQC","1","","141","","173,611","173,611"
"The Cranberries - Zombie","1","","196","","173,257","173,257"
"Booba - JDC","2","","97","","106,176","172,824"
"Sam Smith - Lay Me Down","5","","145","","39,766","172,782"
"Jul - Quand on est pas là","1","","146","","172,458","172,458"
"Ateyaba - Vision","1","","138","","172,263","172,263"
"Cardi B - Drip","1","","191","","171,992","171,992"
"Nicki Minaj - Bed Of Lies","6","","140","","31,553","171,771"
"Jul - Lacrizeotiek","1","","131","","171,623","171,623"
"Niro - Blasé","1","","134","","171,341","171,341"
"Kalash Criminel - Hood","1","","155","","171,100","171,100"
"Rohff - Hors de contrôle","1","","126","","170,831","170,831"
"Casseurs Flowters - Pas n’importe quel toon","2","","130","","96,993","170,807"
"Lana Del Rey - Young And Beautiful","6","","36","","33,913","169,896"
"Lefa - Maux de tête","1","","199","","169,443","169,443"
"Rita Ora - Girls","1","","187","","169,259","169,259"
"Migos - CC","1","","196","","169,257","169,257"
"La Fouine - Comme en 96","1","","196","","169,186","169,186"
"MHD - Tout seul","2","","113","","99,873","169,171"
"Djadja & Dinaz - On s'en va","2","","119","","94,695","169,036"
"Vald - Petite chatte","1","","125","","168,700","168,700"
"S.Pri Noir - Nymeria","1","","190","","168,688","168,688"
"Arcadian - Les sables émouvants","1","","200","","168,576","168,576"
"Kalash Criminel - Polnareff","1","","156","","168,386","168,386"
"Sneazzy - Parle pas trop","1","","175","","168,343","168,343"
"Eminem - Need Me","1","","198","","168,268","168,268"
"Sofiane - Dis-moi où tu pécho","1","","127","","168,088","168,088"
"Jorja Smith - Blue Lights","1","","190","","167,930","167,930"
"Keala Settle - This Is Me","1","","199","","167,038","167,038"
"DJ Khaled - Top Off","1","","196","","166,937","166,937"
"Bigflo & Oli - Olivio","1","","136","","166,046","166,046"
"DJ Snake - Talk","2","","139","","93,278","165,847"
"Hailee Steinfeld - Let Me Go","1","","190","","165,568","165,568"
"S.Pri Noir - Middle Finger","1","","196","","165,480","165,480"
"M. Pokora - Belinda","2","","186","","85,269","165,351"
"Bigflo & Oli - Je suis","1","","137","","165,347","165,347"
"Adam Naas - Fading Away","2","","178","","83,464","165,245"
"MHD - Interlude Trap","2","","118","","96,912","164,994"
"Niro - On va la faire","1","","127","","164,971","164,971"
"Drake - Skepta Interlude","1","","150","","164,755","164,755"
"S.Pri Noir - Chico","1","","198","","164,550","164,550"
"Niro - Magnum","1","","129","","164,516","164,516"
"Naza - Va chercher - Interlude","1","","189","","164,369","164,369"
"Mark Ronson - Uptown Funk - Trinidad James Remix","2","","20","","131,665","164,120"
"Jul - Traître","2","","153","","88,913","164,065"
"Stupeflip - The Antidote","1","","140","","164,026","164,026"
"Hugo TSR - Là-haut","1","","168","","163,736","163,736"
"Skylar Grey - I Know You","5","","100","","51,676","163,369"
"Arctic Monkeys - Four Out Of Five","1","","199","","162,844","162,844"
"Alonzo - 100%","1","","140","","162,287","162,287"
"Petit Biscuit - Beam","1","","188","","161,945","161,945"
"Kelly Clarkson - Heartbeat Song","4","","100","","45,735","161,935"
"Bigflo & Oli - Autre part","1","","143","","161,922","161,922"
"Hugo TSR - Iceberg","1","","171","","161,729","161,729"
"Niro - Photo de classe","1","","132","","161,609","161,609"
"MMZ - Cœur noir","1","","191","","161,366","161,366"
"DTF - Allô le monde","1","","162","","160,957","160,957"
"Lana Del Rey - Love","1","","131","","160,948","160,948"
"Hugo TSR - Exercice","1","","172","","160,806","160,806"
"Jul - Drôle de vie","1","","148","","160,479","160,479"
"Lacrim - Y a R","5","","149","","63,720","160,355"
"Niro - Ghettoyouth","1","","155","","160,321","160,321"
"Gradur - Beue shit","1","","109","","160,303","160,303"
"21 Savage - Ghostface Killers","1","","181","","160,293","160,293"
"Jul - Tout va bene","1","","155","","160,099","160,099"
"The Weeknd - A Lonely Night","1","","110","","160,026","160,026"
"Drake - With You","2","","141","","83,274","159,710"
"Gucci Mane - I Get The Bag","1","","183","","159,539","159,539"
"Taylor Swift - Gorgeous","1","","196","","159,391","159,391"
"Sofiane - Mortal Kombat","1","","136","","159,356","159,356"
"MMZ - Sablier","1","","194","","159,290","159,290"
"Alan Walker - Sing Me to Sleep","2","","170","","81,803","159,155"
"Kalash Criminel - Guedro - Remix","1","","164","","159,144","159,144"
"Sneazzy - 30040","1","","189","","159,092","159,092"
"Kendrick Lamar - The Heart Part 4","1","","151","","158,417","158,417"
"Niro - Ambition","1","","161","","158,391","158,391"
"Bigflo & Oli - La vraie vie","1","","152","","158,256","158,256"
"MMZ - Khaleesi","1","","195","","158,252","158,252"
"Bigflo & Oli - Sac à dos","1","","153","","157,964","157,964"
"DTF - Dans mon nuage","1","","166","","157,961","157,961"
"Sia - Salted Wound","4","","86","","55,962","157,646"
"Jay Sean - Make My Love Go","2","","172","","79,386","157,363"
"One Direction - What a Feeling","2","","80","","101,821","157,085"
"Laura Welsh - Undiscovered","4","","98","","51,844","156,760"
"Niro - ARA","1","","129","","156,598","156,598"
"Gradur - Bibi","1","","113","","156,270","156,270"
"Niro - Normal","1","","130","","155,932","155,932"
"Kanye West - Pt. 2","2","","137","","83,615","155,916"
"Djadja - On s'est fait seul","2","","146","","83,917","155,798"
"Sam Smith - Pray","1","","188","","155,783","155,783"
"MZ - Mathématiques","2","","124","","89,158","155,780"
"Niro - Si ils savaient","1","","170","","155,652","155,652"
"Niro - Héritiers","1","","148","","155,250","155,250"
"Rihanna - Consideration","2","","127","","86,667","155,112"
"13 Block - Somme","1","","191","","154,753","154,753"
"M83 - Do It, Try It","2","","127","","86,030","154,732"
"Gradur - Coller serré","1","","116","","154,628","154,628"
"Angus & Julia Stone - Chateau","1","","197","","154,236","154,236"
"Lil Peep - Save That Shit","1","","193","","154,188","154,188"
"Kalash Criminel - Bénéfice","1","","173","","153,801","153,801"
"Kalash Criminel - Shottas","1","","175","","153,458","153,458"
"Fauve - LETTRE A ZOE","3","","21","","66,525","153,006"
"DJ Snake - Broken Summer","1","","194","","152,885","152,885"
"MKTO - Classic","5","","110","","33,531","152,799"
"Fauve - DE CEUX","3","","19","","71,677","152,482"
"Vald - Lezarman","1","","137","","152,214","152,214"
"Niro - Raisonner","1","","152","","152,132","152,132"
"Deen Burbigo - Pas une autre","1","","164","","151,982","151,982"
"Kore - Mon frelo - A.W.A Gang Remix / Bande originale du film ‘Pattaya’","2","","126","","82,416","151,636"
"Drake - 0 To 100 / The Catch Up","6","","145","","27,831","151,601"
"Ed Sheeran - Photograph - Felix Jaehn Remix","3","","115","","55,161","151,587"
"Lily Allen - Somewhere Only We Know","4","","40","","38,436","151,056"
"Hugo TSR - Tant qu'on est là","1","","186","","150,906","150,906"
"Jul - Señora","6","","173","","27,719","150,786"
"Jul - Ça…","6","","171","","37,788","150,745"
"Sofiane - Bain de sang","1","","161","","150,734","150,734"
"Gradur - Wanani Gradi Mariadi","1","","119","","150,719","150,719"
"Puggy - Lonely Town - Radio","1","","95","","150,708","150,708"
"Imagine Dragons - Walking The Wire","1","","165","","150,697","150,697"
"Mac Tyer - Un jour peut-être","5","","137","","40,491","149,890"
"Black M - La nuit porte conseil","2","","162","","79,466","149,518"
"Niro - Sale morveux","1","","180","","149,331","149,331"
"Indochine - La vie est belle","1","","173","","149,117","149,117"
"Kery James - Racailles","2","","176","","76,649","149,084"
"Hooss - À 50","1","","150","","148,906","148,906"
"The Weeknd - All I Know","1","","124","","148,843","148,843"
"Bruno Mars - Chunky","1","","108","","148,777","148,777"
"Jidenna - Little Bit More","2","","179","","76,538","148,592"
"James Vincent McMorrow - Rising Water","2","","175","","75,353","148,414"
"Lacrim - Red Zone","4","","147","","64,799","148,169"
"One Direction - A.M.","2","","89","","95,612","148,013"
"Drake - Energy","5","","142","","39,960","147,752"
"Sofiane - Ça bicrave la mort","1","","153","","147,525","147,525"
"Lartiste - Amour parano - Acte III","2","","142","","78,960","147,521"
"Hayce Lemsi - Haute sphère","1","","147","","147,046","147,046"
"Gradur - Maman","1","","128","","146,880","146,880"
"Tori Kelly - I Was Made For Loving You","2","","136","","78,992","146,842"
"DTF - J'abuse","1","","185","","146,247","146,247"
"Louane - Nos secrets","2","","88","","93,058","146,129"
"Deen Burbigo - Ma bande","1","","170","","146,126","146,126"
"Maska - Profiter de ma Life","6","","127","","29,540","145,900"
"Hayce Lemsi - C'est terminé","1","","149","","145,853","145,853"
"Puggy - Lonely Town","2","","139","","79,245","145,624"
"Drake - Nothings Into Somethings","1","","171","","145,542","145,542"
"Alonzo - Batard","1","","147","","145,385","145,385"
"Drake - Glow","1","","173","","145,159","145,159"
"PNL - Loin des hommes","2","","99","","84,150","145,056"
"Nico & Vinz - In Your Arms","6","","134","","28,819","144,946"
"DJ Khaled - Don't Quit","1","","177","","144,717","144,717"
"Lartiste - Combien tu t'appelles ? - Acte I","2","","141","","79,386","144,585"
"John Mayer - Your Body Is a Wonderland","8","","181","","32,658","143,958"
"Kalash Criminel - Nada","1","","190","","143,737","143,737"
"Hayce Lemsi - Je t'aime moi non plus (#JTMNP)","1","","153","","143,639","143,639"
"P!nk - Try","5","","27","","31,186","143,250"
"DTF - Coco Cuba","1","","192","","143,166","143,166"
"Snoop Dogg - Young, Wild & Free","5","","152","","38,311","142,542"
"DTF - La Vida","1","","194","","142,412","142,412"
"Justin Bieber - No Pressure","2","","123","","76,672","142,218"
"Macklemore - Ain't Gonna Die Tonight","1","","199","","142,171","142,171"
"Madonna - Joan Of Arc","9","","128","","38,025","142,072"
"Alonzo - Goodbye","1","","165","","141,855","141,855"
"Keen' V - La vie du bon côté","6","","34","","26,341","141,822"
"Niro - Contact","1","","168","","141,679","141,679"
"Ateyaba - Playa Pt. II","1","","150","","141,089","141,089"
"KeBlack - Walou","1","","160","","141,009","141,009"
"Bigflo & Oli - Dans mon lit","1","","184","","140,948","140,948"
"L'Algérino - Banderas","2","","187","","74,149","140,819"
"Drake - Lose You","1","","177","","140,712","140,712"
"Vald - Selfie","3","","128","","55,137","140,706"
"Moriarty - Long Live the (D)Evil","3","","194","","59,941","140,594"
"Fauve - Les Hautes lumières","4","","91","","54,287","140,228"
"Hayce Lemsi - Mercy","1","","156","","140,221","140,221"
"Niro - GTA","1","","199","","139,811","139,811"
"Naps - LV","1","","198","","138,947","138,947"
"Niro - J'espère","1","","90","","138,573","138,573"
"Niro - On changera jamais","1","","146","","138,308","138,308"
"Timal - 5ème rapport","1","","160","","137,656","137,656"
"Naps - Je repense à tout","1","","200","","137,579","137,579"
"SCH - Millions","4","","167","","63,958","136,950"
"Major Lazer - Watch Out For This (Bumaye)","5","","32","","31,567","135,642"
"The Weeknd - Stargirl Interlude","1","","136","","135,411","135,411"
"The Weeknd - Attention","1","","137","","135,279","135,279"
"Aya Nakamura - Karma","1","","175","","135,203","135,203"
"Gradur - Stringer Bell","4","","75","","65,388","135,114"
"Lacrim - C’est ma vie","1","","74","","135,042","135,042"
"Lacrim - Sale époque part 2","3","","141","","63,756","134,824"
"Sia - Bird Set Free","2","","144","","77,695","134,798"
"PNL - Dans la soucoupe","2","","111","","76,023","134,600"
"Jul - En douceur","1","","190","","134,567","134,567"
"Hooss - Trop fier","1","","171","","133,782","133,782"
"Justin Bieber - No Sense","2","","134","","72,842","133,740"
"Niall Horan - Slow Hands","1","","200","","133,651","133,651"
"Lacrim - On fait pas ça","5","","114","","31,435","133,368"
"Lacrim - On y est","1","","76","","133,197","133,197"
"The Weeknd - Love To Lay","1","","141","","133,085","133,085"
"Drake - Ice Melts","1","","191","","133,003","133,003"
"Rim'K - Personne","1","","171","","132,814","132,814"
"Niro - Le compte y est","1","","94","","132,527","132,527"
"Drake - Do Not Disturb","1","","192","","132,519","132,519"
"Bigflo & Oli - C'est qui ces deux-là?","4","","157","","59,946","132,506"
"JAŸ-Z - Numb / Encore","1","","191","","131,941","131,941"
"David Bowie - Heroes - 1999 Remastered Version","1","","68","","131,724","131,724"
"Drake - Can't Have Everything","1","","197","","131,375","131,375"
"Hooss - Un dernier épisode","1","","181","","130,731","130,731"
"Ryan Gosling - A Lovely Night","1","","173","","130,617","130,617"
"Gavin James - For You","3","","181","","44,594","130,329"
"Sneazzy - Pull Up","1","","182","","130,175","130,175"
"Niro - Sans regrets","1","","194","","130,122","130,122"
"MMZ - Miroir miroir","1","","181","","130,049","130,049"
"Niro - Mosseba","1","","159","","129,717","129,717"
"Kanye West - All Day","3","","82","","53,748","129,616"
"Booba - Bellucci","4","","89","","48,686","129,367"
"Parov Stelar - All Night","5","","161","","29,441","129,366"
"disiz - Splash","1","","183","","129,158","129,158"
"David Bowie - Lazarus","1","","71","","129,054","129,054"
"Booba - Temps mort 2.0","4","","87","","48,718","128,951"
"Jungle - Busy Earnin'","7","","124","","30,439","128,612"
"The Weeknd - Nothing Without You","1","","148","","128,261","128,261"
"David Bowie - Blackstar","1","","73","","127,621","127,621"
"Hooss - Capritour","1","","188","","127,421","127,421"
"Columbine - Talkie-walkie","1","","180","","127,261","127,261"
"Yann Tiersen - Comptine d'un autre été, l'après-midi","4","","159","","33,781","127,102"
"Justin Bieber - Children","2","","140","","70,647","126,827"
"Anaïs Delva - Libérée, Délivrée - Anaïs Delva Version","12","","201","","16,300","126,595"
"James Newton Howard - The Hanging Tree","4","","116","","33,816","126,260"
"Vald - Dernier verre","1","","173","","126,199","126,199"
"Team BS - Team BS","3","","45","","43,899","126,038"
"Scridge - Samira","1","","191","","125,571","125,571"
"Nassi - La vie est belle","1","","183","","125,542","125,542"
"Jul - Avec mes gars","1","","200","","125,502","125,502"
"Sia - You're Never Fully Dressed Without a Smile (2014 Film Version)","5","","119","","29,229","125,370"
"KeBlack - Bercé par la street","1","","194","","125,242","125,242"
"Black M - Frérot","1","","193","","125,138","125,138"
"Bigflo & Oli - La vraie vie - Version single","1","","191","","125,026","125,026"
"Bengous - Tié la famille !","1","","195","","124,651","124,651"
"Hayce Lemsi - Week-end","1","","180","","124,498","124,498"
"Columbine - Enfants terribles","1","","190","","124,183","124,183"
"Niro - Bad Wo","1","","168","","124,150","124,150"
"Niro - ComDab","1","","101","","123,723","123,723"
"The Drifters - White Christmas","1","","86","","123,448","123,448"
"Vald - Libellule","1","","176","","123,371","123,371"
"Niro - On s'aime pas","1","","102","","123,263","123,263"
"Lacrim - Mon fils","3","","166","","59,051","123,072"
"David Bowie - Let's Dance - 1999 Remaster","1","","77","","122,912","122,912"
"Hayce Lemsi - Codéine","1","","189","","122,690","122,690"
"GIMS - Angelina - Pilule Rouge","2","","91","","74,248","122,335"
"Jeanne Added - Look at Them","2","","197","","61,112","121,893"
"Kalash Criminel - Sauvagerie 2","1","","117","","121,837","121,837"
"T.I. - No Mediocre","4","","89","","40,496","121,187"
"Justin Bieber - Life Is Worth Living","2","","154","","67,624","121,163"
"GIMS - La main du roi - Pilule Rouge","2","","93","","73,121","120,883"
"Wiz Khalifa - We Dem Boyz","5","","163","","27,970","120,648"
"Bruno Mars - Versace on the Floor","1","","141","","120,199","120,199"
"J. Cole - Deja Vu","1","","176","","120,183","120,183"
"Youssoupha - Chanson française","3","","95","","50,067","119,816"
"Justin Hurwitz - Epilogue","1","","198","","119,702","119,702"
"Niro - Jaja","1","","105","","119,398","119,398"
"The xx - On Hold","1","","165","","118,997","118,997"
"Louis Armstrong - What A Wonderful World","2","","88","","96,020","118,975"
"Alonzo - Parcours","1","","94","","118,957","118,957"
"Lacrim - Adieu","1","","90","","118,749","118,749"
"M. Pokora - Le Monde","3","","86","","51,114","118,521"
"Avicii - I Could Be The One (Avicii Vs. Nicky Romero) - Nicktim / Radio Edit","5","","31","","27,729","118,461"
"Kaaris - Talsadoum","2","","94","","74,698","118,332"
"Slimane - Abîmée","1","","198","","117,707","117,707"
"Django - Fable","1","","200","","117,645","117,645"
"Niro - Outro","1","","107","","117,189","117,189"
"Niska - Ohlolo","2","","89","","68,892","117,168"
"Radiohead - No Surprises","5","","169","","32,003","116,971"
"Fly Project - Toca Toca","3","","78","","44,202","116,749"
"The Weeknd - Ordinary Life","1","","163","","116,556","116,556"
"Nekfeu - Deux-Trois","1","","96","","116,442","116,442"
"Pharrell Williams - Come Get It Bae","2","","20","","72,936","116,362"
"Niro - Virage","1","","191","","116,360","116,360"
"Fifth Harmony - Sledgehammer","5","","182","","24,317","116,145"
"Bing Crosby - I Wish You A Merry Christmas - Remastered 2006","1","","96","","116,143","116,143"
"Dabs - De la mulla","1","","197","","116,141","116,141"
"Kalash - Friendzone","1","","192","","114,368","114,368"
"Michael Jackson - Heal the World","2","","97","","91,279","114,188"
"Nekfeu - Le bruit de ma ville","1","","97","","113,652","113,652"
"Booba - Les meilleurs","4","","103","","43,790","113,234"
"Niro - Intro","1","","111","","113,109","113,109"
"Niro - #BaWéMonAmi","3","","154","","55,035","112,902"
"Vaults - One Last Night","3","","116","","45,838","112,269"
"GIMS - Uzi - Pilule Rouge","2","","103","","67,510","111,111"
"Lacrim - Casa","1","","101","","110,763","110,763"
"Niska - C.V.T.Q.L.F","2","","92","","66,677","110,739"
"David Bowie - Space Oddity - 2009 Remastered Version","1","","97","","110,403","110,403"
"Nat King Cole - O Holy Night","2","","147","","79,122","110,379"
"Alonzo - On craint degun","2","","104","","63,040","110,230"
"The xx - Say Something Loving","1","","184","","109,975","109,975"
"Shake Shake Go - We are now","2","","189","","59,613","109,194"
"Kalash Criminel - Carré vip","1","","133","","108,886","108,886"
"The Weeknd - Real Life","2","","116","","61,765","108,754"
"Lil Wayne - Love Me","4","","29","","29,602","108,598"
"Simple Plan - I Don't Wanna Go To Bed","2","","136","","59,645","108,485"
"Niro - On s'en remettra","1","","115","","108,265","108,265"
"Niro - A la source","1","","117","","107,538","107,538"
"ZAYN - sHe","1","","96","","107,121","107,121"
"Armin van Buuren - Another You","6","","154","","37,358","106,922"
"GIMS - Melynda Gates - Pilule Rouge","2","","112","","63,454","106,701"
"Gradur - J’donne ça","2","","60","","72,268","105,055"
"Kalash Criminel - Makila","1","","137","","104,946","104,946"
"Niro - A la tienne","1","","124","","104,810","104,810"
"S-Crew - Une étoile","1","","115","","104,518","104,518"
"Mel Tormé - The Christmas Song (Chestnuts Roasting On an Open Fire)","2","","150","","73,013","104,049"
"Jul - Goodbye","5","","170","","33,638","103,912"
"Lacrim - En La Calle","1","","115","","103,759","103,759"
"Nico & Vinz - Hold It Together","1","","139","","103,577","103,577"
"Justin Bieber - What Do You Mean? - Acoustic","2","","199","","51,972","103,477"
"Fauve - TALLULAH","2","","62","","70,313","103,383"
"Charles Aznavour - Noël à Paris","2","","164","","74,288","103,302"
"S-Crew - Bresson","1","","117","","103,115","103,115"
"The Weeknd - Often","2","","143","","53,666","102,758"
"Gradur - BANG BANG (SchweitzerNVRsquaad)","2","","67","","69,572","102,243"
"Niska - Minuit","2","","105","","61,365","102,131"
"RY X - Berlin","4","","50","","28,121","101,322"
"Niska - On veux du yellow","2","","112","","59,862","101,226"
"Kendrick Lamar - untitled 03 | 05.28.2013.","1","","105","","101,213","101,213"
"GIMS - Le barillet - Pilule Rouge","2","","117","","61,041","100,632"
"Woodkid - The Golden Age","4","","30","","26,883","100,416"
"Pitbull - Feel This Moment","4","","31","","25,961","99,804"
"Ninho - TTR","1","","154","","99,755","99,755"
"Dillon Francis - Get Low","4","","165","","34,260","99,699"
"Elams - Homme à terre","2","","134","","55,256","99,675"
"Alonzo - Dans son sac","3","","114","","37,722","99,505"
"Vald - Bonjour","2","","126","","55,452","99,499"
"Lacrim - Sur ma mère","1","","123","","99,358","99,358"
"Pitbull - Fireball","3","","88","","41,215","99,087"
"GIMS - Sofitelo - Pilule Rouge","2","","126","","59,034","98,437"
"Dosseh - Myah Bay","1","","148","","98,416","98,416"
"Gradur - Tu crois que je mens","1","","88","","98,286","98,286"
"Kaaris - 80 ZETREI","2","","49","","73,638","98,061"
"One Direction - Olivia","1","","86","","97,882","97,882"
"Renaud - J'ai embrassé un flic","1","","109","","97,799","97,799"
"Ninho - Crésus","1","","161","","97,770","97,770"
"Ninho - Somnambule","1","","163","","97,533","97,533"
"Vald - Urbanisme","2","","142","","52,745","97,216"
"Nekfeu - Mal aimé","1","","118","","97,090","97,090"
"A$AP Rocky - L$D","3","","89","","47,039","97,044"
"S-Crew - Sereins","1","","127","","96,923","96,923"
"Bruno Mars - The Lazy Song","7","","198","","30,040","96,917"
"Nicole Scherzinger - Your Love","4","","131","","27,865","95,948"
"Macklemore & Ryan Lewis - Ten Thousand Hours","4","","34","","25,439","95,546"
"Nekfeu - Question d'honneur","1","","120","","95,455","95,455"
"Damso - Sombre","1","","145","","95,452","95,452"
"Muse - Mercy","3","","174","","45,533","94,627"
"Dosseh - Yuri Barbarossa","1","","151","","94,426","94,426"
"Lacrim - Money","3","","165","","55,359","94,279"
"Gradur - La mala","1","","90","","94,033","94,033"
"David Bowie - 'Tis a Pity She Was a Whore","1","","120","","93,720","93,720"
"Kalash Criminel - Guedro","1","","152","","93,715","93,715"
"Coldplay - Everglow","1","","135","","93,696","93,696"
"Niska - Italia","1","","127","","93,689","93,689"
"Ninho - Bitch Dab","1","","173","","93,639","93,639"
"Julien Doré - Mon écho","1","","164","","93,567","93,567"
"Drake - Sneakin’","1","","153","","93,543","93,543"
"Gradur - Illegal","1","","92","","93,412","93,412"
"Niro - Le ciel est ma limite","2","","188","","49,883","93,380"
"Bakermat - One Day (Vandaag)","2","","139","","70,727","93,369"
"Dosseh - Keblo","1","","156","","92,484","92,484"
"Jul - On détale","1","","149","","92,336","92,336"
"Justice - Safe and Sound","1","","187","","91,836","91,836"
"Muse - Reapers","3","","148","","46,984","91,622"
"TAL - Le temps qu'il faut","1","","189","","91,441","91,441"
"Cobra Starship - Never Been In Love","3","","102","","32,600","90,916"
"Red Hot Chili Peppers - Dark Necessities","1","","139","","90,774","90,774"
"Lefa - Tournée des bars","1","","119","","90,683","90,683"
"Dosseh - Coeur de pirate","1","","161","","90,577","90,577"
"Lacrim - On se reverra","1","","142","","90,525","90,525"
"Casseurs Flowters - En boucle","1","","144","","89,882","89,882"
"Renaud - Les mots","1","","122","","89,814","89,814"
"Gradur - Philly","1","","98","","89,640","89,640"
"One Direction - Never Enough","1","","103","","89,050","89,050"
"Woodkid - Iron","4","","37","","23,654","88,823"
"Damso - Monde","1","","156","","88,634","88,634"
"Kendrick Lamar - untitled 02 | 06.23.2014.","1","","122","","88,523","88,523"
"Sia - Breathe Me","4","","179","","22,904","88,313"
"Gradur - Elle était","1","","104","","87,671","87,671"
"The Avener - Fade Out Lines - The Avener Rework","5","","146","","30,834","87,409"
"Gradur - Ma Paki Mé Niéma","1","","105","","87,374","87,374"
"Alonzo - Squat","2","","168","","47,441","87,287"
"Fitz and The Tantrums - The Walker","3","","139","","31,879","87,140"
"Lacrim - Ça débite","3","","167","","54,503","86,863"
"Vigiland - Shots & Squats","3","","160","","40,227","86,135"
"Justice - Pleasure","1","","195","","86,036","86,036"
"Fauve - Voyous","2","","28","","50,549","85,889"
"MMZ - Les ténèbres","1","","173","","85,723","85,723"
"Bruno Mars - Perm","1","","196","","85,684","85,684"
"Black M - Cheveux blancs","1","","179","","85,317","85,317"
"Mister You - Hasta la Muerte","1","","200","","85,149","85,149"
"Wiz Khalifa - Go Hard or Go Home","3","","150","","35,832","84,828"
"David Guetta - Lift Me Up","2","","65","","53,402","84,754"
"MHD - Wanyinyin","1","","140","","84,616","84,616"
"Shaun Reynolds - Stay","4","","39","","22,190","84,593"
"Julien Doré - Coco Câline","1","","191","","84,049","84,049"
"MMZ - Dans nos têtes","1","","178","","83,860","83,860"
"Orelsan - Quand ton père t’engueule","1","","158","","83,808","83,808"
"Bastille - Four Walls (The Ballad Of Perry Smith)","1","","176","","83,649","83,649"
"Mapei - Don't Wait - Chance The Rapper & The Social Experiment Remix","4","","185","","35,339","82,788"
"Booba - Loin d’ici","3","","116","","41,011","82,736"
"MMZ - Loin des étoiles","1","","182","","82,597","82,597"
"Lost Frequencies - What Is Love 2016","1","","200","","82,470","82,470"
"Sadek - Le Croupier","1","","168","","82,429","82,429"
"Gradur - Los Santos","1","","113","","82,390","82,390"
"Selena Gomez - Come & Get It","4","","38","","21,827","82,285"
"Coldplay - Birds","1","","162","","82,242","82,242"
"Soprano - Rihanna","1","","198","","81,714","81,714"
"Rimkus - Du papier","1","","165","","81,412","81,412"
"Marvin Gaye - What's Going On","1","","109","","81,409","81,409"
"Kalash Criminel - 10 12 14 bureau","1","","186","","81,398","81,398"
"DJ Snake - The Half","1","","154","","81,353","81,353"
"Swedish House Mafia - Don't You Worry Child","4","","41","","21,382","81,348"
"Outkast - Hey Ya! - Radio Mix / Club Mix","4","","165","","30,242","81,324"
"Israel Kamakawiwo'ole - Over The Rainbow / What A Wonderful World - Medley","1","","110","","81,322","81,322"
"Drake - Legend","2","","105","","48,846","81,240"
"Casseurs Flowters - Wondercash","1","","167","","80,970","80,970"
"Alvaro Soler - El Mismo Sol","2","","154","","41,030","80,804"
"One Direction - I Want to Write You a Song","1","","113","","80,553","80,553"
"Dosseh - Le temps béni des colonies","1","","192","","80,419","80,419"
"Skrillex - Bangarang","4","","44","","20,342","80,336"
"Renaud - Héloïse","1","","146","","79,786","79,786"
"Gringe - Le mal est fait","1","","169","","79,677","79,677"
"Redfoo - New Thang","3","","173","","39,505","79,640"
"Feist - 1234","3","","183","","64,657","79,202"
"Muse - The Handler","2","","161","","43,540","79,058"
"Bigflo & Oli - La cour des grands","3","","191","","50,088","79,038"
"Sadek - C'est plus pareil","1","","177","","79,032","79,032"
"James Vincent McMorrow - Get Low","1","","198","","78,991","78,991"
"Muse - Defector","2","","159","","43,637","78,822"
"Seeb - Breathe","1","","185","","78,496","78,496"
"Ramin Djawadi - Light of the Seven","1","","153","","78,444","78,444"
"The Beatles - Come Together - Remastered 2009","1","","166","","78,154","78,154"
"The Weeknd - Where You Belong","2","","121","","42,844","77,938"
"Kaaris - Bambou","1","","160","","77,839","77,839"
"Gradur - Maille","1","","122","","77,530","77,530"
"One Direction - Temporary Fix","1","","121","","77,510","77,510"
"One Direction - Hey Angel","1","","122","","77,400","77,400"
"Gradur - Je m’en vais","1","","124","","77,256","77,256"
"Niska - Cala Boca","1","","174","","76,954","76,954"
"Lartiste - Ils nous connaissent","1","","148","","76,827","76,827"
"S-Crew - Intro-muros","1","","168","","76,744","76,744"
"Casseurs Flowters - C’est toujours 2 connards dans un abribus","1","","177","","76,470","76,470"
"Sia - Chandelier - Piano Version","3","","138","","27,448","76,402"
"David Guetta - Sun Goes Down","2","","124","","45,400","76,167"
"Renaud - Hyper casher","1","","160","","76,149","76,149"
"Buffalo Springfield - For What It's Worth","1","","124","","76,080","76,080"
"GIMS - 150 - Pilule Violette","1","","178","","75,784","75,784"
"Gradur - Bandit","1","","127","","75,544","75,544"
"Snakehips - Cruel","1","","171","","74,871","74,871"
"Art Wayne - Little Christmas Tree","1","","186","","74,861","74,861"
"Kaaris - Sinaloa","1","","93","","74,859","74,859"
"Spike Miller - Oh My God - Bonus","1","","173","","74,720","74,720"
"Kendji Girac - Mon univers","3","","170","","28,244","74,712"
"Kaaris - Comme Gucci Mane","2","","68","","53,410","74,493"
"Phoenix - Entertainment","3","","28","","30,024","74,187"
"Rohff - Rohff Game","1","","156","","74,165","74,165"
"Kygo - Fiction","1","","181","","74,073","74,073"
"David Guetta - What I Did for Love","2","","77","","49,467","73,915"
"Red Hot Chili Peppers - The Longest Wave","1","","178","","73,851","73,851"
"Niska - Mama Lova","1","","186","","73,812","73,812"
"Louane - Jeune","3","","129","","39,990","73,781"
"Kid Ink - Ride Out","3","","142","","34,218","73,725"
"MZ - Noir c'est noir","1","","161","","73,572","73,572"
"Lefa - Reste branché","1","","160","","73,330","73,330"
"Christophe Maé - L'attrape-rêves","1","","185","","73,234","73,234"
"Kaaris - Petit velo","1","","96","","73,137","73,137"
"Louane - Chambre 12","2","","127","","42,136","73,071"
"Eminem - Love The Way You Lie","1","","154","","72,932","72,932"
"USHER - She Came II Give It II U","3","","151","","26,395","72,921"
"Renaud - Manhattan-Kaboul","1","","133","","72,858","72,858"
"Niska - L'ennemi","1","","193","","72,851","72,851"
"Kendrick Lamar - untitled 07 | 2014 - 2016","1","","156","","72,718","72,718"
"Niska - Speingof","1","","195","","72,579","72,579"
"Renaud - La nuit en taule","1","","172","","71,783","71,783"
"Radiohead - Burn the Witch","1","","176","","71,762","71,762"
"Drake - 9","1","","189","","71,750","71,750"
"Kendrick Lamar - Wesley's Theory","1","","83","","71,298","71,298"
"Willy William - Paris","1","","200","","71,203","71,203"
"Kendrick Lamar - untitled 01 | 08.19.2014.","1","","162","","71,118","71,118"
"Youssoupha - Où est l'amour ?","2","","142","","35,916","71,080"
"Kalash - NWA","1","","180","","70,918","70,918"
"David Bowie - Ziggy Stardust - 2012 Remastered Version","1","","172","","70,847","70,847"
"Lefa - Cuba","1","","171","","70,674","70,674"
"Kaaris - Tieks","1","","100","","70,665","70,665"
"Bob Dylan - Blowin' In the Wind","1","","141","","70,486","70,486"
"Marvin Gaye - Ain't No Mountain High Enough - Stereo Version","3","","195","","27,492","70,382"
"One Direction - Long Way Down","1","","143","","70,212","70,212"
"Martin Garrix - Forbidden Voices","8","","164","","32,369","70,132"
"Renaud - Petit bonhomme","1","","176","","70,122","70,122"
"5 Seconds of Summer - Hey Everybody!","1","","127","","69,903","69,903"
"Gradur - Catchanababy","1","","140","","69,871","69,871"
"David Bowie - Dollar Days","1","","175","","69,777","69,777"
"Pharrell Williams - Gush","1","","24","","69,771","69,771"
"Stromae - Te Quiero","4","","47","","17,797","69,573"
"PNL - Lion","1","","171","","69,442","69,442"
"The Beatles - Let It Be - Remastered","1","","188","","69,435","69,435"
"Lartiste - J'arrive pas - Acte IV","1","","168","","69,290","69,290"
"Alonzo - Même tarif","1","","49","","69,051","69,051"
"Gradur - Kumbaya","1","","146","","68,404","68,404"
"Nekfeu - Jusqu'au bout (Creed)","1","","173","","68,397","68,397"
"Sia - House On Fire","1","","179","","68,319","68,319"
"Drake - Feel No Ways","1","","198","","68,127","68,127"
"Drake - Keep The Family Close","1","","199","","68,112","68,112"
"Coldplay - Ink","2","","135","","36,357","68,107"
"Martin Garrix - Animals","3","","47","","23,198","67,994"
"Lartiste - Montecristo","1","","176","","67,918","67,918"
"Alpha Wann - À deux pas","1","","176","","67,885","67,885"
"Lartiste - Hermano","1","","178","","67,788","67,788"
"Gradur - Bouge ton lebou","1","","148","","67,676","67,676"
"Justin Timberlake - Suit & Tie","3","","34","","24,235","67,671"
"Gradur - Bloody Murder","1","","71","","67,626","67,626"
"Panzer Flower - We Are Beautiful (Radio Edit)","3","","177","","23,016","67,621"
"Rihanna - Kiss It Better","1","","178","","67,615","67,615"
"alt-J - Breezeblocks","3","","175","","23,157","67,528"
"Renaud - Mulholland Drive","1","","194","","67,490","67,490"
"Arcade Fire - Reflektor","2","","23","","38,410","67,460"
"One Direction - Walking in the Wind","1","","155","","67,425","67,425"
"Indila - Love Story","2","","43","","45,288","67,318"
"David Bowie - Sue (Or In a Season of Crime)","1","","186","","67,258","67,258"
"Meghan Trainor - Me Too","1","","193","","67,111","67,111"
"Big Sean - One Man Can Change The World","2","","162","","33,716","67,031"
"David Guetta - No Money No Love","2","","88","","44,769","66,988"
"David Bowie - Girl Loves Me","1","","187","","66,880","66,880"
"Bobby Shmurda - Hot N*gga","3","","178","","22,790","66,845"
"David Bowie - Starman - 2012 Remastered Version","1","","189","","66,603","66,603"
"Lana Del Rey - West Coast - Rob Orton Mix","1","","31","","66,552","66,552"
"Lartiste - Malhonnête","1","","184","","66,364","66,364"
"DJ Kayz - Coller serrer","1","","189","","66,329","66,329"
"ZAYN - iT's YoU","1","","157","","66,248","66,248"
"Imagine Dragons - Shots","2","","149","","38,765","66,081"
"Niska - Maître chien - Freestyle","1","","187","","66,026","66,026"
"Lacrim - Corleone - Remix","2","","170","","41,307","65,935"
"Gradur - Passe à la caisse","1","","156","","65,926","65,926"
"Prince - Stare","1","","193","","65,825","65,825"
"Booba - All Set","2","","129","","36,616","65,798"
"Rohff - Comme en 46","1","","185","","65,786","65,786"
"MZ - Lidl","1","","195","","65,415","65,415"
"Gradur - Grady","1","","160","","65,141","65,141"
"MZ - Pause","1","","199","","65,103","65,103"
"Kanye West - Ultralight Beam","1","","198","","65,039","65,039"
"One Direction - Wolves","1","","158","","65,027","65,027"
"Gradur - La peuf","1","","162","","64,818","64,818"
"Rim'K - Monster","1","","186","","64,591","64,591"
"Kore - T'es partie","1","","184","","64,533","64,533"
"David Bowie - Changes - 1999 Remastered Version","1","","195","","64,402","64,402"
"Kanye West - Waves","1","","200","","64,286","64,286"
"Gradur - Secteur","1","","77","","64,170","64,170"
"Gradur - R.D.C","1","","78","","64,022","64,022"
"Lartiste - Le pactole","1","","196","","64,000","64,000"
"ZAYN - BeFoUr","1","","190","","63,937","63,937"
"Broken Back - Happiest Man on Earth","1","","199","","63,825","63,825"
"David Guetta - Bang My Head","2","","95","","41,601","63,779"
"Rihanna - Woo","1","","195","","63,694","63,694"
"Rim'K - Stupéfiant","1","","190","","63,293","63,293"
"Christine and the Queens - Science Fiction","2","","176","","32,537","63,054"
"Lefa - Plus l'time","1","","197","","62,826","62,826"
"Gradur - #PTT","1","","176","","61,847","61,847"
"Gradur - Laisse-moi oublier","1","","177","","61,778","61,778"
"Mark Ronson - Daffodils","3","","164","","26,558","61,734"
"Meghan Trainor - Like I'm Gonna Lose You","1","","147","","61,705","61,705"
"Katy Perry - Birthday","1","","43","","61,682","61,682"
"Macklemore & Ryan Lewis - Need To Know","1","","183","","61,464","61,464"
"Mylène Farmer - Stolen Car","1","","148","","61,379","61,379"
"Bob Marley & The Wailers - War","1","","168","","61,223","61,223"
"PSY - Gangnam Style (강남스타일)","3","","43","","20,755","60,555"
"Kaaris - Où sont les €","1","","114","","60,482","60,482"
"Kaaris - Double Fuck","1","","115","","60,422","60,422"
"Sexion d'Assaut - Intro - Pilule Rouge","1","","120","","60,332","60,332"
"Rohn Noir - Paire de cazal","1","","187","","59,541","59,541"
"Alonzo - Brinks","2","","137","","33,431","59,236"
"Bigflo & Oli - Raccroche","2","","156","","44,802","59,233"
"Julien Doré - Chou wasabi","2","","143","","31,282","58,884"
"Niska - Alien","1","","114","","58,693","58,693"
"Justin Bieber - Been You","1","","176","","58,406","58,406"
"5 Seconds of Summer - She Looks So Perfect","1","","47","","58,349","58,349"
"Flo Rida - Good Feeling","6","","152","","32,938","58,175"
"Pharrell Williams - Lost Queen","1","","32","","58,159","58,159"
"Gradur - Est ce que ?","1","","194","","57,948","57,948"
"Roudoudou - Peace and tranquility to earth","1","","179","","57,655","57,655"
"Muse - Revolt","2","","190","","34,856","57,561"
"Feist - 1234 - Radio Version","2","","198","","30,358","57,538"
"Gradur - Squad","1","","198","","57,438","57,438"
"The Avener - Hate Street Dialogue","2","","160","","29,862","57,166"
"GIMS - Mayweather - Pilule Rouge","1","","131","","56,952","56,952"
"Fauve - JUILLET (1998)","1","","83","","56,874","56,874"
"Gradur - Beef","1","","89","","56,765","56,765"
"Kendrick Lamar - Institutionalized","1","","101","","56,368","56,368"
"Kaaris - Audemard m'a tue","1","","129","","56,153","56,153"
"Niska - True","1","","119","","56,085","56,085"
"Niska - Tchibili-Tabala","1","","121","","55,783","55,783"
"Gradur - Confessions","1","","94","","55,695","55,695"
"Pharrell Williams - Know Who You Are","1","","34","","55,656","55,656"
"Alonzo - Cauchemar","1","","130","","55,645","55,645"
"Eminem - Bad Guy","2","","34","","28,501","55,554"
"Kendrick Lamar - These Walls","1","","119","","55,330","55,330"
"Kendji Girac - C'est trop","1","","154","","54,669","54,669"
"Kendji Girac - Tu Y Yo","1","","156","","54,535","54,535"
"Lana Del Rey - Music To Watch Boys To","1","","135","","54,311","54,311"
"Jack Johnson - Crying Shame","1","","191","","54,250","54,250"
"Niska - Mama","1","","131","","54,241","54,241"
"Youssoupha - Memento","2","","169","","30,187","53,919"
"Kaaris - H","1","","134","","53,870","53,870"
"Fauve - BERMUDES","1","","94","","53,785","53,785"
"Fauve - REQUIN-TIGRE","1","","26","","53,618","53,618"
"Kaaris - Demarrage Hold Up","1","","138","","53,594","53,594"
"Shakira - Empire","2","","174","","29,539","53,105"
"Niska - 911","1","","138","","53,067","53,067"
"Kaaris - Briller","1","","145","","52,980","52,980"
"London Grammar - Nightcall","1","","31","","52,962","52,962"
"Stromae - Peace Or Violence","1","","195","","52,835","52,835"
"Fauve - LOTERIE","1","","27","","52,745","52,745"
"Alonzo - Zouker","1","","144","","52,622","52,622"
"GIMS - Meurtre par strangulation","2","","45","","26,988","52,467"
"Stromae - Meltdown","2","","118","","29,249","52,108"
"Pharrell Williams - It Girl","1","","39","","51,907","51,907"
"GIMS - Ça décoiffe","2","","46","","26,075","51,818"
"Hayce Lemsi - Pyramide","2","","198","","26,150","51,695"
"Gradur - Verre de sky","1","","107","","51,415","51,415"
"One Direction - Home","1","","149","","51,311","51,311"
"La Fouine - Lové","2","","144","","27,726","51,122"
"Alonzo - Empêche moi","1","","155","","50,900","50,900"
"Bebe Rexha - I'm Gonna Show You Crazy","2","","186","","25,486","50,678"
"Gradur - Makak","1","","110","","50,652","50,652"
"Booba - Billets violets","2","","133","","36,276","50,644"
"GIMS - Intro - Pilule Bleue","1","","154","","50,312","50,312"
"PSO THUG - Finition","1","","157","","50,215","50,215"
"Kendji Girac - Jamais trop tard","1","","168","","49,581","49,581"
"Ylvis - The Fox (What Does The Fox Say?)","2","","45","","25,403","49,569"
"Kendji Girac - Mi Amor","2","","196","","26,182","49,534"
"Fauve - JEUNESSE TALKING BLUES","1","","30","","49,524","49,524"
"Niska - Intro","1","","154","","49,256","49,256"
"Niro - Who's Bad","1","","193","","48,928","48,928"
"Fauve - PARAFFINE","1","","106","","48,437","48,437"
"Brigitte - Hier encore","2","","161","","25,565","48,348"
"Hayce Lemsi - L’or des rois","1","","152","","48,221","48,221"
"The Weeknd - Tell Your Friends","1","","159","","48,007","48,007"
"Youssoupha - Points communs","2","","170","","30,007","47,998"
"Adrien Gallo - Crocodile","2","","163","","24,384","47,487"
"Eminem - Legacy","2","","46","","24,147","47,325"
"Vanessa Paradis - Love Song","2","","36","","24,028","46,925"
"Youssoupha - Maman m'a dit","2","","171","","29,222","46,548"
"Kendrick Lamar - The Blacker The Berry","1","","172","","46,539","46,539"
"Alonzo - Elle t’a tué","1","","175","","46,417","46,417"
"Drake - Now & Forever","1","","115","","46,289","46,289"
"Snoop Dogg - California Roll","3","","179","","25,571","46,099"
"Hayce Lemsi - Au coeur de Lutece","1","","165","","46,001","46,001"
"Niska - Tony Montana","1","","175","","45,643","45,643"
"Lana Del Rey - Honeymoon","1","","177","","45,489","45,489"
"Fauve - VIEUX FRERES","1","","37","","44,444","44,444"
"Pink Floyd - Side 1, Pt. 1: Things Left Unsaid","1","","82","","44,407","44,407"
"Rihanna - Stay","2","","191","","22,218","44,184"
"Fauve - TUNNEL","1","","38","","43,993","43,993"
"Florence + The Machine - Delilah","5","","206","","16,948","43,982"
"Kendji Girac - Besame","1","","186","","43,971","43,971"
"Alonzo - B.G","1","","186","","43,928","43,928"
"Kaaris - D.K","1","","196","","43,815","43,815"
"Black M - Spectateur","2","","181","","22,497","43,763"
"Lacrim - Barbade","2","","182","","22,496","43,698"
"Fauve - T.R.W.","1","","120","","43,613","43,613"
"Hayce Lemsi - Millionnaire","1","","172","","43,552","43,552"
"Disclosure - Magnets","1","","183","","43,267","43,267"
"Fauve - RAG #3","1","","41","","42,811","42,811"
"Nirvana - Smells Like Teen Spirit","2","","190","","21,574","42,765"
"Fauve - RAG #5","1","","124","","42,694","42,694"
"Alonzo - Mauvais","1","","194","","42,443","42,443"
"Hayce Lemsi - Stoïque","1","","178","","42,256","42,256"
"Fauve - SOUS LES ARCADES","1","","129","","42,149","42,149"
"Fauve - RAG #4","1","","43","","41,816","41,816"
"Graya - La mama","1","","199","","41,415","41,415"
"Wet - Deadwater","1","","198","","41,208","41,208"
"Kavinsky - Roadgame","2","","41","","21,723","41,193"
"Bigflo & Oli - Le cordon","3","","208","","23,404","40,946"
"La Fouine - Ma meilleure","2","","41","","20,753","40,691"
"Drake - Know Yourself","1","","140","","40,174","40,174"
"L.E.J - Summer 2014","1","","190","","39,983","39,983"
"The Weeknd - Losers","1","","198","","39,889","39,889"
"Drake - 6 God","1","","143","","39,723","39,723"
"Drake - 10 Bands","1","","145","","39,474","39,474"
"fun. - Some Nights","2","","48","","19,681","39,343"
"Fauve - AZULEJOS","1","","147","","39,084","39,084"
"Pink Floyd - Side 1, Pt. 2: It's What We Do","1","","93","","38,915","38,915"
"Florence + The Machine - What Kind Of Man","2","","191","","30,322","38,839"
"David Guetta - Listen","1","","101","","38,708","38,708"
"Booba - Mr.Kopp","2","","144","","34,152","38,656"
"Jessie Ware - Meet Me In The Middle","1","","151","","38,648","38,648"
"Fauve - RÉVÉRENCE","1","","154","","38,066","38,066"
"AWOLNATION - I'm On Fire","1","","156","","37,931","37,931"
"Muse - Aftermath","2","","206","","31,622","37,901"
"David Guetta - Goodbye Friend","1","","107","","37,474","37,474"
"Beyoncé - Crazy In Love","1","","138","","37,177","37,177"
"Jack Johnson - Better Together","3","","193","","25,884","37,171"
"Jeff Buckley - Hallelujah","2","","186","","21,571","36,881"
"The Weeknd - Often - Kygo Remix","3","","198","","18,054","36,782"
"Booba - Jack Da","2","","162","","32,115","36,406"
"Fauve - RAG #6","1","","164","","36,165","36,165"
"Muse - [JFK]","2","","212","","29,952","36,125"
"Kendrick Lamar - Alright","1","","170","","36,048","36,048"
"The Drifters - White Chrismas","1","","124","","35,844","35,844"
"Kendrick Lamar - u","1","","187","","35,843","35,843"
"Axwell /\ Ingrosso - Something New","1","","139","","34,891","34,891"
"Kygo - ID - Ultra Music Festival Anthem","1","","155","","34,858","34,858"
"Michael Jackson - Little Christmas Tree","1","","128","","34,673","34,673"
"Youssoupha - Salaam","2","","175","","27,899","34,319"
"Joe Cocker - With A Little Help From My Friends","1","","131","","34,035","34,035"
"Frank Sinatra - Silent Night","1","","132","","33,920","33,920"
"Youssoupha - À cause de moi","2","","179","","26,804","33,473"
"Youssoupha - Niquer ma vie","2","","182","","26,470","33,041"
"Nekfeu - Dans Ta Ressoi","2","","218","","26,440","32,800"
"Alonzo - En boucle","1","","141","","32,617","32,617"
"Kendrick Lamar - For Free? - Interlude","1","","173","","32,612","32,612"
"David Guetta - Yesterday","1","","116","","32,497","32,497"
"Pink Floyd - Side 2, Pt. 1: Sum","1","","111","","32,427","32,427"
"Maroon 5 - Moves Like Jagger - Studio Recording From The Voice Performance","5","","226","","6,853","32,124"
"Pink Floyd - Side 1, Pt. 3: Ebb And Flow","1","","118","","31,832","31,832"
"Blur - Lonesome Street","3","","182","","22,213","31,823"
"Youssoupha - Le score","2","","184","","25,273","31,676"
"Booba - Caracas","1","","169","","31,318","31,318"
"Pink Floyd - Side 3, Pt. 4: Allons-y (1)","1","","119","","31,286","31,286"
"Kid Ink - Hotel","1","","153","","31,122","31,122"
"Booba - Mové lang","1","","171","","31,049","31,049"
"Shy'm - La Malice","1","","123","","31,025","31,025"
"Selah Sue - Together","1","","110","","30,891","30,891"
"Katy Perry - Unconditionally","1","","40","","30,883","30,883"
"Alonzo - Merci","1","","156","","30,044","30,044"
"Kendrick Lamar - Hood Politics","1","","204","","29,944","29,944"
"Alonzo - La Belle Vie","1","","158","","29,874","29,874"
"Youssoupha - Mannschaft","2","","207","","23,826","29,828"
"Youssoupha - Mourir mille fois","2","","189","","23,789","29,743"
"Pink Floyd - Side 2, Pt. 4: Anisina","1","","125","","29,717","29,717"
"David Guetta - The Whisperer","1","","133","","29,183","29,183"
"Youssoupha - Negritude","2","","192","","23,213","28,926"
"Christine and the Queens - Nuit 17 à 52","1","","189","","28,563","28,563"
"Ella Eyre - If I Go","1","","183","","28,555","28,555"
"A$AP Rocky - Canal St.","2","","183","","22,187","28,479"
"Kylie Minogue - Santa Baby","1","","167","","28,359","28,359"
"Pink Floyd - Side 2, Pt. 2: Skins","1","","138","","28,244","28,244"
"Beyoncé - Single Ladies (Put a Ring on It)","1","","191","","28,189","28,189"
"Fréro Delavega - Il y a","2","","193","","21,464","28,113"
"David Guetta - I'll Keep Loving you","1","","141","","28,105","28,105"
"Wyclef Jean - Divine Sorrow","1","","167","","27,980","27,980"
"Fall Out Boy - Uma Thurman","1","","192","","27,761","27,761"
"Hugh Martin - Have Yourself A Merry Little Christmas","1","","177","","27,681","27,681"
"Christina Perri - merry christmas darling","1","","178","","27,625","27,625"
"Calvin Harris - Pray to God","2","","183","","21,875","27,462"
"Hozier - Sedated","1","","197","","27,334","27,334"
"Carly Rae Jepsen - Call Me Maybe","1","","200","","27,294","27,294"
"Michael Bublé - Home","1","","198","","27,272","27,272"
"Guizmo - Dans 10 ans","1","","163","","27,146","27,146"
"Nat King Cole - O Tannenbaum - Remastered 1999","1","","183","","27,001","27,001"
"Mini Mansions - Any Emotions","3","","221","","10,739","26,996"
"Paul Anka - Jingle Bells - Remastered","1","","184","","26,983","26,983"
"David Guetta - S.T.O.P","1","","148","","26,948","26,948"
"Alonzo - Tu vas parler","1","","187","","26,714","26,714"
"Pink Floyd - Side 2, Pt. 3: Unsung","1","","150","","26,695","26,695"
"Foo Fighters - Something from Nothing","1","","154","","26,616","26,616"
"Arcade Fire - We Exist","1","","46","","26,511","26,511"
"B.B. King - Please Come Home For Christmas","1","","192","","26,366","26,366"
"The Platters - I'll Be Home For Christmas","1","","195","","26,326","26,326"
"Fall Out Boy - Fourth Of July","1","","197","","26,216","26,216"
"Norah Jones - Sunrise","4","","223","","8,037","26,103"
"Booba - Longueur d'avance","1","","37","","25,946","25,946"
"Maska - Profiter de ma life","1","","144","","25,833","25,833"
"Booba - Turfu","1","","43","","25,598","25,598"
"Lou Reed - Walk on the Wild Side","1","","48","","25,587","25,587"
"Joey Bada$$ - On & On","1","","196","","25,557","25,557"
"Kendrick Lamar - You Ain't Gotta Lie (Momma Said)","1","","181","","25,271","25,271"
"Casseurs Flowters - 15h45 - Stupide ¡ Stupide ¡ Stupide ¡","1","","43","","25,262","25,262"
"Brigitte - L'échappée belle","1","","150","","25,196","25,196"
"A$AP Rocky - Electric Body","2","","190","","19,495","25,170"
"A$AP Rocky - Holy Ghost","2","","189","","19,712","25,098"
"Pink Floyd - Side 3, Pt. 1: The Lost Art Of Conversation","1","","170","","24,893","24,893"
"Lou Reed - Perfect Day","1","","50","","24,781","24,781"
"Justin Bieber - Home To Mama","1","","193","","24,704","24,704"
"La Fouine - Va bene","1","","168","","24,554","24,554"
"Pink Floyd - Side 3, Pt. 2: On Noodle Street","1","","179","","24,199","24,199"
"One Direction - Ready to Run","1","","161","","24,007","24,007"
"The Smashing Pumpkins - Being Beige","1","","152","","23,926","23,926"
"Mumford & Sons - Snake Eyes","3","","219","","10,815","23,923"
"A$AP Rocky - Excuse Me","2","","193","","18,710","23,846"
"Bigflo & Oli - Marco","2","","206","","13,287","23,603"
"Pink Floyd - Side 3, Pt. 3: Night Light","1","","188","","23,579","23,579"
"Marina Kaye - Freeze You Out","2","","220","","17,652","23,537"
"Guizmo - Du R5 au R1","1","","196","","23,431","23,431"
"Casseurs Flowters - 01h16 - Les putes et moi","1","","47","","23,345","23,345"
"Casseurs Flowters - 16h22 - Deux connards dans un abribus","1","","48","","23,196","23,196"
"Nekfeu - La moue des morts","1","","233","","23,052","23,052"
"Pink Floyd - Side 3, Pt. 5: Autumn '68","1","","194","","23,036","23,036"
"Alain Souchon - Derrière les mots","1","","194","","22,802","22,802"
"Pink Floyd - Side 3, Pt. 6: Allons-y (2)","1","","198","","22,731","22,731"
"One Direction - 18","1","","184","","22,616","22,616"
"Theophilus London - Can't Stop","1","","187","","22,569","22,569"
"One Direction - Where Do Broken Hearts Go","1","","187","","22,376","22,376"
"Charlie Winston - Lately - The Avener Rework","1","","190","","22,331","22,331"
"A$AP Rocky - Lord Pretty Flacko Jodye 2 (LPFJ2)","2","","202","","16,711","22,114"
"Youssoupha - Black Out","1","","195","","22,045","22,045"
"Lacrim - Corleone","1","","189","","21,857","21,857"
"Lana Del Rey - Video Games - Remastered","1","","199","","21,844","21,844"
"Jessie J - Sweet Talker","1","","191","","21,766","21,766"
"Brigitte - J'sais pas","1","","192","","21,607","21,607"
"Flume - Drop the Game","1","","193","","21,566","21,566"
"Kings of Leon - Beautiful War","1","","187","","21,515","21,515"
"Jul - Briganté","1","","194","","21,514","21,514"
"Calvin Harris - Faith","1","","189","","21,381","21,381"
"OneRepublic - Love Runs Out","1","","199","","21,075","21,075"
"Tristan Prettyman - Back to Home","1","","195","","20,893","20,893"
"OMI - Cheerleader","3","","232","","10,040","20,410"
"Black M - Foutue mélodie","3","","218","","10,282","20,308"
"Phoenix - The Real Thing","1","","45","","20,109","20,109"
"IAM - Les Raisons De La Colère","1","","46","","20,004","20,004"
"Phoenix - S.O.S. In Bel Air","1","","47","","19,858","19,858"
"Jul - Oubliez-moi","2","","226","","10,097","19,646"
"Bob Marley & The Wailers - Is This Love - Montmartre Remix","3","","226","","8,583","19,537"
"Daft Punk - Around the World","1","","48","","19,468","19,468"
"C2C - The Cell","1","","50","","19,370","19,370"
"Youssoupha - Love Musik","2","","218","","12,959","19,121"
"Macklemore & Ryan Lewis - Wing$","1","","49","","19,090","19,090"
"Macklemore & Ryan Lewis - Make The Money","1","","50","","18,964","18,964"
"A$AP Rocky - Fine Whine","1","","194","","18,675","18,675"
"Kendrick Lamar - How Much A Dollar Cost","1","","189","","18,574","18,574"
"Kendrick Lamar - For Sale? - Interlude","1","","191","","18,480","18,480"
"Marina Kaye - Mirror Mirror","1","","208","","18,472","18,472"
"Kendrick Lamar - Momma","1","","210","","18,282","18,282"
"Bigflo & Oli - Ca coûte rien","2","","209","","12,390","17,544"
"AC/DC - Highway to Hell","2","","221","","12,038","17,536"
"Kendrick Lamar - Complexion (A Zulu Love)","1","","202","","16,404","16,404"
"L'Algérino - Le prince de la ville","2","","218","","10,504","16,338"
"Anaïs Delva - Libérée, Délivrée","1","","205","","15,792","15,792"
"Olly Alexander (Years & Years) - Shine","2","","203","","9,087","15,544"
"Parson James - Religion","2","","221","","10,166","15,388"
"Jul - J'ai Pas Qu'ca a Faire","1","","204","","15,382","15,382"
"Hozier - Cherry Wine - Live","2","","229","","8,146","15,071"
"Booba - Ratpis","1","","198","","14,852","14,852"
"Booba - 3 G","1","","199","","14,801","14,801"
"Snoop Dogg - I'm Ya Dogg","1","","207","","14,606","14,606"
"Muse - Drones","1","","265","","14,410","14,410"
"Gym Class Heroes - Make Out Club","3","","253","","5,089","14,376"
"Mac Tyer - Je suis une légende","1","","224","","13,901","13,901"
"ALB - Golden Chains","2","","229","","8,837","13,700"
"Bigflo & Oli - Le bouchon","1","","207","","13,027","13,027"
"Bear's Den - Agape","2","","228","","6,568","12,940"
"Frank Ocean - Thinkin Bout You","2","","232","","6,736","12,678"
"Bigflo & Oli - J'attends la vague","1","","210","","12,344","12,344"
"AC/DC - Back In Black","2","","205","","6,812","12,191"
"Blur - Ice Cream Man","1","","206","","11,954","11,954"
"Jamie xx - Loud Places","2","","227","","6,248","11,953"
"Major Lazer - Too Original","2","","232","","5,958","11,847"
"Rohff - Sans forcer","1","","197","","11,684","11,684"
"A$AP Rocky - Jukebox Joints","1","","212","","11,497","11,497"
"Bigflo & Oli - Nik ta mère","1","","214","","11,452","11,452"
"A$AP Rocky - JD","1","","214","","11,346","11,346"
"Blur - Go Out","2","","222","","5,789","11,185"
"Major Lazer - Be Together","2","","242","","5,689","11,170"
"Kool Shen - Marche","2","","247","","5,466","10,890"
"MIKA - All She Wants","1","","223","","10,705","10,705"
"Youssoupha - Love Musik","1","","227","","10,561","10,561"
"Florence + The Machine - Various Storms & Saints","2","","261","","5,491","10,438"
"Cass Elliot - Make Your Own Kind Of Music","2","","237","","5,270","9,973"
"James Bay - Craving","1","","223","","9,875","9,875"
"Marina Kaye - Sounds Like Heaven","1","","235","","9,836","9,836"
"Jul - Oubliez Moi","1","","222","","9,716","9,716"
"Madeon - La Lune","1","","215","","9,656","9,656"
"Chinese Man - Sho-Bro","2","","249","","4,859","9,443"
"Mumford & Sons - Tompkins Square Park","2","","248","","4,914","9,421"
"Kendrick Lamar - Mortal Man","1","","227","","9,386","9,386"
"Jake Isaac - Fool For You","2","","242","","5,266","9,021"
"Hayden James - Something About You","1","","225","","8,586","8,586"
"Damian Marley - Welcome To Jamrock","1","","285","","8,547","8,547"
"Red Hot Chili Peppers - Scar Tissue","1","","220","","8,472","8,472"
"Janis Joplin - Kozmic Blues","1","","233","","8,425","8,425"
"Kwabs - Perfect Ruin","1","","234","","8,417","8,417"
"The Roots - You Got Me","1","","239","","7,975","7,975"
"Watermät - Bullit","1","","228","","7,772","7,772"
"Tame Impala - Disciples","1","","222","","7,262","7,262"
"Foals - What Went Down","1","","225","","7,119","7,119"
"Blur - My Terracotta Heart","1","","218","","7,000","7,000"
"Fréro Delavega - Le chant des sirènes - Remix","1","","227","","6,653","6,653"
"Set&Match - C'est pas ma faute","1","","236","","6,592","6,592"
"Lilly Wood and The Prick - Shadows","1","","289","","6,456","6,456"
"The Libertines - Gunga Din","1","","206","","6,237","6,237"
"Olly Alexander (Years & Years) - Real","1","","208","","6,119","6,119"
"Avicii - Feeling Good","1","","231","","6,066","6,066"
"Penguin Prison - Never Gets Old","1","","215","","6,057","6,057"
"Muse - The Globalist","1","","293","","5,979","5,979"
"5 Seconds of Summer - She's Kinda Hot","1","","234","","5,915","5,915"
"The Doobie Brothers - Long Train Runnin'","1","","246","","5,873","5,873"
"Red Hot Chili Peppers - Californication","1","","231","","5,857","5,857"
"Bigflo & Oli - Le bijoutier","1","","236","","5,838","5,838"
"Giorgio Moroder - Déjà vu","1","","223","","5,785","5,785"
"Tinie Tempah - Not Letting Go","1","","217","","5,757","5,757"
"J.J. Cale - Magnolia","1","","244","","5,712","5,712"
"Leon Bridges - Smooth Sailin'","1","","238","","5,704","5,704"
"Rich Homie Quan - Flex (Ooh, Ooh, Ooh)","1","","249","","5,702","5,702"
"B.B. King - The Thrill Is Gone","1","","245","","5,682","5,682"
"Tame Impala - The Less I Know The Better","1","","236","","5,679","5,679"
"Sneazzy - On s'en tape","1","","237","","5,589","5,589"
"Eminem - Phenomenal","1","","304","","5,551","5,551"
"Icona Pop - Emergency","1","","246","","5,543","5,543"
"Madilyn Bailey - Titanium","1","","245","","5,505","5,505"
"Parov Stelar - Clap Your Hands","1","","227","","5,504","5,504"
"CHIC - I'll Be There","1","","248","","5,480","5,480"
"Nick Mulvey - Meet Me There","1","","254","","5,449","5,449"
"Eric Clapton - Riding With The King","1","","250","","5,430","5,430"
"Bigflo & Oli - Le philosophe sans la barbe","1","","248","","5,411","5,411"
"A$AP Rocky - Max B","1","","248","","5,375","5,375"
"Brandon Flowers - Lonely Town","1","","231","","5,367","5,367"
"Bear's Den - Above The Clouds Of Pompeii","1","","245","","5,351","5,351"
"Glass Animals - Hazey","1","","247","","5,328","5,328"
"Arcade Fire - The Suburbs","1","","250","","5,298","5,298"
"Aloe Blacc - I Need a Dollar","1","","241","","5,279","5,279"
"Rohff - Du sale","1","","251","","5,260","5,260"
"Daniel Johns - Dissolve","1","","248","","5,216","5,216"
"Minnie Riperton - Lovin' You","1","","257","","5,145","5,145"
"U2 - Beautiful Day","1","","251","","5,114","5,114"
"Cocoon - Comets","1","","252","","5,112","5,112"
"Jul - J'ai pas que ça à faire","1","","255","","5,069","5,069"
"JAŸ-Z - Empire State Of Mind [Jay-Z + Alicia Keys]","1","","248","","5,057","5,057"
"Empire Of The Sun - Walking On A Dream","1","","254","","5,029","5,029"
"Bigflo & Oli - C'est pas du rap...","1","","260","","4,999","4,999"
"MZ - Je suis un menteur","1","","245","","4,954","4,954"
"A$AP Rocky - Wavybone","1","","257","","4,935","4,935"
"Bigflo & Oli - Miroir","1","","264","","4,909","4,909"
"Imagine Dragons - Blank Space/Stand By Me - Live From Spotify London","1","","242","","4,906","4,906"
"Britney Spears - Pretty Girls","1","","251","","4,877","4,877"
"A$AP Rocky - Pharsyde","1","","258","","4,860","4,860"
"Jeremih - Tonight Belongs To U!","1","","244","","4,837","4,837"
"Kanye West - POWER","1","","257","","4,828","4,828"
"Blur - New World Towers","1","","245","","4,809","4,809"
"Jared Leto - City of Angels (Acoustic)","1","","248","","4,765","4,765"
"Shake Shake Go - Take Me To The Sea","1","","259","","4,709","4,709"
"MZ - Ma substance","1","","254","","4,586","4,586"
"Woodkid - Never Let You Down","1","","263","","4,483","4,483"
"Parov Stelar - Hooked On You","1","","258","","4,430","4,430"
"20syl - Back & Forth","1","","260","","4,354","4,354"
"AaRON - Blouson Noir","1","","258","","4,281","4,281"
"M83 - Wait","1","","270","","4,013","4,013"
"Chilly Gonzales - Advantage Points","1","","271","","3,960","3,960"
"Daniel Johns - Late Night Drive","1","","275","","3,825","3,825"
"The Madden Brothers - We Are Done","1","","279","","3,722","3,722"
"Olly Alexander (Years & Years) - Worship","1","","280","","3,706","3,706"